{
  "experiment_info": {
    "timestamp": "2025-07-03T00:38:24.821823",
    "random_seed": 42,
    "dataset_info": {
      "total_questions": 700,
      "questions_per_type": 100,
      "types": [
        "squad",
        "hotpotqa",
        "commonsenseqa",
        "drop",
        "boolq",
        "coqa",
        "msmarco"
      ]
    }
  },
  "summary_statistics": {
    "TF-IDF": {
      "recall@1": {
        "mean": 0.06428571428571428,
        "std": 0.24526121019127706,
        "min": 0,
        "max": 1
      },
      "precision@1": {
        "mean": 0.06428571428571428,
        "std": 0.24526121019127706,
        "min": 0.0,
        "max": 1.0
      },
      "recall@5": {
        "mean": 0.32142857142857145,
        "std": 0.4670248868079293,
        "min": 0,
        "max": 1
      },
      "precision@5": {
        "mean": 0.06428571428571428,
        "std": 0.09340497736158586,
        "min": 0.0,
        "max": 0.2
      },
      "recall@10": {
        "mean": 0.6107142857142858,
        "std": 0.48758829655640373,
        "min": 0,
        "max": 1
      },
      "precision@10": {
        "mean": 0.061071428571428575,
        "std": 0.04875882965564037,
        "min": 0.0,
        "max": 0.1
      },
      "mrr": {
        "mean": 0.21119889328689181,
        "std": 0.23766859912082008,
        "min": 0.041666666666666664,
        "max": 1.0
      },
      "ndcg@10": {
        "mean": 0.2822878082302358,
        "std": 0.27875700130789366,
        "min": 0.0,
        "max": 1.0
      },
      "avg_latency_ms": 0.9045017617089408
    },
    "Sentence-BERT": {
      "recall@1": {
        "mean": 0.06428571428571428,
        "std": 0.24526121019127706,
        "min": 0,
        "max": 1
      },
      "precision@1": {
        "mean": 0.06428571428571428,
        "std": 0.24526121019127706,
        "min": 0.0,
        "max": 1.0
      },
      "recall@5": {
        "mean": 0.32142857142857145,
        "std": 0.46702488680792936,
        "min": 0,
        "max": 1
      },
      "precision@5": {
        "mean": 0.06428571428571428,
        "std": 0.09340497736158586,
        "min": 0.0,
        "max": 0.2
      },
      "recall@10": {
        "mean": 0.6107142857142858,
        "std": 0.48758829655640373,
        "min": 0,
        "max": 1
      },
      "precision@10": {
        "mean": 0.061071428571428575,
        "std": 0.04875882965564038,
        "min": 0.0,
        "max": 0.1
      },
      "mrr": {
        "mean": 0.21119889328689181,
        "std": 0.23766859912082008,
        "min": 0.041666666666666664,
        "max": 1.0
      },
      "ndcg@10": {
        "mean": 0.2822878082302358,
        "std": 0.27875700130789366,
        "min": 0.0,
        "max": 1.0
      },
      "avg_latency_ms": 26.730995518820627
    },
    "geDIG-Trainable": {
      "recall@1": {
        "mean": 0.0017857142857142857,
        "std": 0.04221996577691746,
        "min": 0,
        "max": 1
      },
      "precision@1": {
        "mean": 0.0017857142857142857,
        "std": 0.04221996577691746,
        "min": 0.0,
        "max": 1.0
      },
      "recall@5": {
        "mean": 0.008928571428571428,
        "std": 0.0940683370790423,
        "min": 0,
        "max": 1
      },
      "precision@5": {
        "mean": 0.0017857142857142857,
        "std": 0.018813667415808467,
        "min": 0.0,
        "max": 0.2
      },
      "recall@10": {
        "mean": 0.017857142857142856,
        "std": 0.13243211584099399,
        "min": 0,
        "max": 1
      },
      "precision@10": {
        "mean": 0.0017857142857142857,
        "std": 0.0132432115840994,
        "min": 0.0,
        "max": 0.1
      },
      "mrr": {
        "mean": 0.012252633022305977,
        "std": 0.0520687864187708,
        "min": 0.0017857142857142857,
        "max": 1.0
      },
      "ndcg@10": {
        "mean": 0.008021614915552398,
        "std": 0.06554634983503553,
        "min": 0.0,
        "max": 1.0
      },
      "avg_latency_ms": 289.73572977951596
    },
    "geDIG-Original": {
      "recall@1": {
        "mean": 0.055357142857142855,
        "std": 0.22867603633051878,
        "min": 0,
        "max": 1
      },
      "precision@1": {
        "mean": 0.055357142857142855,
        "std": 0.22867603633051878,
        "min": 0.0,
        "max": 1.0
      },
      "recall@5": {
        "mean": 0.2767857142857143,
        "std": 0.447409636298841,
        "min": 0,
        "max": 1
      },
      "precision@5": {
        "mean": 0.055357142857142855,
        "std": 0.08948192725976821,
        "min": 0.0,
        "max": 0.2
      },
      "recall@10": {
        "mean": 0.5285714285714286,
        "std": 0.4991830059901757,
        "min": 0,
        "max": 1
      },
      "precision@10": {
        "mean": 0.05285714285714286,
        "std": 0.04991830059901757,
        "min": 0.0,
        "max": 0.1
      },
      "mrr": {
        "mean": 0.18801242553958858,
        "std": 0.2280470602297004,
        "min": 0.024390243902439025,
        "max": 1.0
      },
      "ndcg@10": {
        "mean": 0.24382779564723936,
        "std": 0.27619929026388335,
        "min": 0.0,
        "max": 1.0
      },
      "avg_latency_ms": 1.1911749839782715
    }
  },
  "statistical_tests": {
    "TF-IDF_vs_Sentence-BERT": {
      "recall@5": {
        "t_statistic": 0.0,
        "p_value": 1.0,
        "cohen_d": 0.0,
        "significant": false
      },
      "mrr": {
        "t_statistic": -2.882619587941445e-17,
        "p_value": 1.0,
        "cohen_d": -1.2181290673335971e-18,
        "significant": false
      },
      "ndcg@10": {
        "t_statistic": -1.509921714535438e-16,
        "p_value": 0.9999999999999999,
        "cohen_d": -6.380583635606469e-18,
        "significant": false
      }
    },
    "TF-IDF_vs_geDIG-Trainable": {
      "recall@5": {
        "t_statistic": 15.435313538858358,
        "p_value": 4.9501713111440205e-45,
        "cohen_d": 0.652261031907518,
        "significant": true
      },
      "mrr": {
        "t_statistic": 19.729524790897816,
        "p_value": 3.7274621849175924e-66,
        "cohen_d": 0.833724556101036,
        "significant": true
      },
      "ndcg@10": {
        "t_statistic": 22.87869807498862,
        "p_value": 2.960029160062946e-82,
        "cohen_d": 0.9668014169560752,
        "significant": true
      }
    },
    "TF-IDF_vs_geDIG-Original": {
      "recall@5": {
        "t_statistic": 2.226213208571392,
        "p_value": 0.02639773441575044,
        "cohen_d": 0.09407467627543666,
        "significant": true
      },
      "mrr": {
        "t_statistic": 2.564742946174912,
        "p_value": 0.010585167359269612,
        "cohen_d": 0.10838016559623548,
        "significant": true
      },
      "ndcg@10": {
        "t_statistic": 3.579465299460762,
        "p_value": 0.00037423461217789896,
        "cohen_d": 0.15126001042568749,
        "significant": true
      }
    },
    "Sentence-BERT_vs_geDIG-Trainable": {
      "recall@5": {
        "t_statistic": 15.681678248189463,
        "p_value": 3.374773659005855e-46,
        "cohen_d": 0.6626718405847605,
        "significant": true
      },
      "mrr": {
        "t_statistic": 19.57404457338732,
        "p_value": 2.2814692759283947e-65,
        "cohen_d": 0.8271543182817888,
        "significant": true
      },
      "ndcg@10": {
        "t_statistic": 22.992455536119856,
        "p_value": 7.698884315329482e-83,
        "cohen_d": 0.9716085467304343,
        "significant": true
      }
    },
    "Sentence-BERT_vs_geDIG-Original": {
      "recall@5": {
        "t_statistic": 1.6619166273195274,
        "p_value": 0.09709012462183274,
        "cohen_d": 0.07022879432437151,
        "significant": false
      },
      "mrr": {
        "t_statistic": 1.6878654273686022,
        "p_value": 0.09199485728536382,
        "cohen_d": 0.07132533017340427,
        "significant": false
      },
      "ndcg@10": {
        "t_statistic": 2.38292790382754,