{
  "metrics": [
    "loop_redundancy",
    "clipped_redundancy",
    "unique_coverage",
    "backtrack_rate",
    "mean_geDIG",
    "geDIG_low_frac"
  ],
  "algo_means": {
    "loop_redundancy": {
      "simple": {
        "mean": 2.79011711696788,
        "ci_low": 1.0895522388059702,
        "ci_high": 3.9411764705882355
      },
      "dfs": {
        "mean": 1.0,
        "ci_low": 1.0,
        "ci_high": 1.0
      },
      "random": {
        "mean": 2.4493032910840102,
        "ci_low": 1.8440366972477065,
        "ci_high": 3.2950819672131146
      }
    },
    "clipped_redundancy": {
      "simple": {
        "mean": 2.79011711696788,
        "ci_low": 1.0895522388059702,
        "ci_high": 3.9411764705882355
      },
      "dfs": {
        "mean": 1.0,
        "ci_low": 1.0,
        "ci_high": 1.0
      },
      "random": {
        "mean": 2.4493032910840102,
        "ci_low": 1.8440366972477065,
        "ci_high": 3.2950819672131146
      }
    },
    "unique_coverage": {
      "simple": {
        "mean": 0.7935517829165448,
        "ci_low": 0.6218905472636815,
        "ci_high": 0.9452054794520549
      },
      "dfs": {
        "mean": 1.0,
        "ci_low": 1.0,
        "ci_high": 1.0
      },
      "random": {
        "mean": 0.7363184079601991,
        "ci_low": 0.6666666666666666,
        "ci_high": 0.7860696517412936
      }
    },
    "backtrack_rate": {
      "simple": {
        "mean": 0.08161616161616161,
        "ci_low": 0.041666666666666664,
        "ci_high": 0.135
      },
      "dfs": {
        "mean": 0.0,
        "ci_low": 0.0,
        "ci_high": 0.0
      },
      "random": {
        "mean": 0.165,
        "ci_low": 0.14,
        "ci_high": 0.18166666666666667
      }
    },
    "mean_geDIG": {
      "simple": {
        "mean": -0.05319521702398117,
        "ci_low": -0.06983023886590838,
        "ci_high": -0.03455363594252432
      }
    },
    "geDIG_low_frac": {
      "simple": {
        "mean": 1.0,
        "ci_low": 1.0,
        "ci_high": 1.0
      }
    }
  },
  "diffs_simple_minus": {
    "loop_redundancy": {
      "dfs": {
        "mean_diff": 1.7901171169678798,
        "ci_low": 0.08955223880597019,
        "ci_high": 2.9411764705882355
      },
      "random": {
        "mean_diff": 0.34081382588386955,
        "ci_low": -1.35975105227804,
        "ci_high": 1.7750369931330945
      }
    },
    "clipped_redundancy": {
      "dfs": {
        "mean_diff": 1.7901171169678798,
        "ci_low": 0.08955223880597019,
        "ci_high": 2.9411764705882355
      },
      "random": {
        "mean_diff": 0.34081382588386955,
        "ci_low": -1.35975105227804,
        "ci_high": 1.7750369931330945
      }
    },
    "unique_coverage": {
      "dfs": {
        "mean_diff": -0.20644821708345518,
        "ci_low": -0.37810945273631846,
        "ci_high": -0.05479452054794509
      },
      "random": {
        "mean_diff": 0.05723337495634573,
        "ci_low": -0.11442786069651734,
        "ci_high": 0.2088870714918558
      }
    },
    "backtrack_rate": {
      "dfs": {
        "mean_diff": 0.08161616161616161,
        "ci_low": 0.041666666666666664,
        "ci_high": 0.135
      },
      "random": {
        "mean_diff": -0.0833838383838384,
        "ci_low": -0.13116161616161617,
        "ci_high": -0.03
      }
    },
    "mean_geDIG": {},
    "geDIG_low_frac": {}
  }
}