{
  "seed": 7,
  "maze_size": [
    8,
    8
  ],
  "policy": "gedig_r2",
  "success": true,
  "steps": 46,
  "unique_cells": 35,
  "path_efficiency": 0.30434782608695654,
  "exploration_ratio": 0.7608695652173914,
  "gedig_series": [
    2.25,
    2.25,
    2.25,
    2.25,
    2.25,
    2.25,
    2.25,
    2.25,
    2.5,
    3.5,
    3.75,
    3.75,
    3.75,
    3.75,
    3.75,
    2.75,
    3.5,
    3.75,
    4.0,
    5.0,
    4.0,
    3.75,
    3.75,
    3.5,
    3.5,
    3.5,
    2.5,
    2.25,
    2.0,
    1.0,
    0.0,
    0.0,
    0.25,
    1.25,
    1.25,
    1.25,
    1.25,
    1.25,
    1.25,
    1.25,
    1.5,
    1.5,
    2.5,
    2.25,
    2.0,
    1.0
  ],
  "gedig_auc": 0.3454968944099379,
  "step_limit": 500,
  "meta": {
    "gedig_version": "R2_frontier",
    "frontier_weight": 0.25,
    "gedig_assumed_max": 7.0,
    "n1_hist": [
      5,
      25,
      15,
      1,
      0
    ],
    "n2_hist": [
      6,
      18,
      10,
      9,
      3,
      0,
      0,
      0,
      0
    ],
    "n2_longest_zero_streak": 4,
    "n2_mean_zero_streak": 3.0,
    "n2_zero_fraction": 0.13043478260869565
  }
}