{
  "seed": 6,
  "maze_size": [
    8,
    8
  ],
  "policy": "gedig_r2",
  "success": true,
  "steps": 36,
  "unique_cells": 34,
  "path_efficiency": 0.3888888888888889,
  "exploration_ratio": 0.9444444444444444,
  "gedig_series": [
    2.25,
    2.25,
    2.25,
    2.25,
    2.25,
    2.25,
    2.75,
    5.0,
    4.0,
    3.5,
    2.75,
    3.5,
    3.75,
    3.75,
    4.0,
    5.0,
    4.0,
    3.75,
    3.75,
    3.75,
    3.75,
    3.5,
    2.75,
    3.5,
    2.75,
    3.5,
    2.5,
    2.25,
    2.0,
    1.0,
    0.25,
    1.25,
    1.5,
    2.25,
    2.25,
    2.0
  ],
  "gedig_auc": 0.4117063492063492,
  "step_limit": 500,
  "meta": {
    "gedig_version": "R2_frontier",
    "frontier_weight": 0.25,
    "gedig_assumed_max": 7.0,
    "n1_hist": [
      2,
      18,
      14,
      2,
      0
    ],
    "n2_hist": [
      3,
      11,
      7,
      10,
      5,
      0,
      0,
      0,
      0
    ],
    "n2_longest_zero_streak": 2,
    "n2_mean_zero_streak": 1.5,
    "n2_zero_fraction": 0.08333333333333333
  }
}