{
  "seed": 9,
  "maze_size": [
    8,
    8
  ],
  "policy": "gedig_r2",
  "success": true,
  "steps": 38,
  "unique_cells": 34,
  "path_efficiency": 0.3684210526315789,
  "exploration_ratio": 0.8947368421052632,
  "gedig_series": [
    2.25,
    2.25,
    2.25,
    2.25,
    2.5,
    3.5,
    3.75,
    3.75,
    3.75,
    3.75,
    3.75,
    3.75,
    3.75,
    5.0,
    4.0,
    3.75,
    3.75,
    3.75,
    3.75,
    3.75,
    2.5,
    2.25,
    2.5,
    3.5,
    2.5,
    2.25,
    2.0,
    1.0,
    0.25,
    1.25,
    2.0,
    1.0,
    0.5,
    2.5,
    2.25,
    1.5,
    2.0,
    1.0
  ],
  "gedig_auc": 0.3825187969924812,
  "step_limit": 500,
  "meta": {
    "gedig_version": "R2_frontier",
    "frontier_weight": 0.25,
    "gedig_assumed_max": 7.0,
    "n1_hist": [
      5,
      16,
      16,
      1,
      0
    ],
    "n2_hist": [
      6,
      9,
      9,
      12,
      2,
      0,
      0,
      0,
      0
    ],
    "n2_longest_zero_streak": 2,
    "n2_mean_zero_streak": 2.0,
    "n2_zero_fraction": 0.15789473684210525
  }
}