{
  "seed": 0,
  "maze_size": [
    8,
    8
  ],
  "policy": "gedig_r2",
  "success": true,
  "steps": 66,
  "unique_cells": 46,
  "path_efficiency": 0.21212121212121213,
  "exploration_ratio": 0.696969696969697,
  "gedig_series": [
    2.25,
    2.25,
    2.25,
    2.25,
    2.25,
    2.25,
    2.25,
    2.25,
    2.25,
    2.25,
    2.25,
    2.25,
    2.25,
    2.25,
    2.25,
    2.25,
    2.75,
    5.0,
    4.25,
    5.0,
    4.0,
    3.75,
    3.75,
    3.75,
    3.75,
    3.75,
    3.5,
    2.25,
    2.0,
    1.0,
    0.25,
    1.25,
    2.0,
    1.0,
    0.5,
    2.5,
    3.5,
    2.5,
    2.5,
    3.5,
    3.75,
    3.5,
    3.5,
    2.25,
    1.5,
    2.0,
    1.0,
    0.0,
    0.25,
    1.0,
    1.0,
    0.0,
    0.0,
    0.0,
    0.0,
    0.0,
    0.0,
    0.0,
    0.0,
    0.0,
    0.0,
    0.0,
    0.25,
    1.25,
    2.0,
    1.0
  ],
  "gedig_auc": 0.2775974025974026,
  "step_limit": 500,
  "meta": {
    "gedig_version": "R2_frontier",
    "frontier_weight": 0.25,
    "gedig_assumed_max": 7.0,
    "n1_hist": [
      21,
      29,
      14,
      2,
      0
    ],
    "n2_hist": [
      22,
      23,
      10,
      7,
      3,
      1,
      0,
      0,
      0
    ],
    "n2_longest_zero_streak": 13,
    "n2_mean_zero_streak": 4.4,
    "n2_zero_fraction": 0.3333333333333333
  }
}