{
  "seed": 1,
  "maze_size": [
    8,
    8
  ],
  "policy": "gedig_r2",
  "success": true,
  "steps": 96,
  "unique_cells": 45,
  "path_efficiency": 0.14583333333333334,
  "exploration_ratio": 0.46875,
  "gedig_series": [
    2.25,
    2.25,
    2.25,
    2.25,
    2.25,
    2.25,
    2.25,
    2.25,
    2.25,
    2.25,
    2.25,
    2.25,
    2.75,
    5.0,
    4.25,
    5.0,
    4.0,
    3.75,
    3.75,
    3.75,
    3.75,
    3.75,
    3.5,
    2.25,
    2.0,
    1.0,
    0.25,
    1.25,
    2.0,
    1.0,
    0.5,
    2.5,
    3.5,
    2.5,
    2.5,
    3.5,
    3.75,
    3.5,
    3.75,
    3.5,
    2.5,
    2.25,
    2.0,
    1.0,
    0.0,
    0.0,
    0.0,
    0.0,
    0.25,
    1.25,
    1.5,
    2.0,
    1.0,
    0.0,
    0.25,
    1.0,
    1.0,
    0.0,
    0.0,
    0.0,
    0.0,
    0.0,
    0.0,
    0.0,
    0.0,
    0.0,
    0.0,
    0.0,
    0.0,
    0.0,
    0.0,
    0.0,
    0.0,
    0.0,
    0.0,
    0.0,
    0.0,
    0.0,
    0.0,
    0.0,
    0.0,
    0.0,
    0.0,
    0.0,
    0.0,
    0.0,
    0.0,
    0.0,
    0.0,
    0.0,
    0.0,
    0.0,
    0.0,
    0.25,
    1.25,
    2.0
  ],
  "gedig_auc": 0.19196428571428573,
  "step_limit": 500,
  "meta": {
    "gedig_version": "R2_frontier",
    "frontier_weight": 0.25,
    "gedig_assumed_max": 7.0,
    "n1_hist": [
      51,
      28,
      15,
      2,
      0
    ],
    "n2_hist": [
      52,
      21,
      11,
      8,
      3,
      1,
      0,
      0,
      0
    ],
    "n2_longest_zero_streak": 38,
    "n2_mean_zero_streak": 8.666666666666666,
    "n2_zero_fraction": 0.5416666666666666
  }
}