{
  "seed": 5,
  "maze_size": [
    8,
    8
  ],
  "policy": "gedig_r2",
  "success": true,
  "steps": 178,
  "unique_cells": 45,
  "path_efficiency": 0.07865168539325842,
  "exploration_ratio": 0.25280898876404495,
  "gedig_series": [
    2.25,
    2.25,
    2.25,
    2.25,
    2.25,
    2.25,
    2.25,
    2.25,
    2.25,
    2.25,
    2.25,
    2.25,
    2.75,
    5.0,
    4.25,
    5.0,
    4.0,
    3.75,
    3.75,
    3.75,
    3.75,
    3.75,
    3.5,
    2.25,
    2.0,
    1.0,
    0.25,
    1.25,
    2.0,
    1.0,
    0.5,
    2.5,
    3.5,
    2.5,
    2.5,
    3.5,
    3.75,
    3.5,
    3.75,
    3.5,
    2.5,
    2.25,
    2.0,
    1.0,
    0.0,
    0.0,
    0.25,
    1.25,
    2.0,
    1.0,
    0.25,
    1.0,
    1.0,
    0.0,
    0.0,
    0.0,
    0.0,
    0.0,
    0.0,
    0.0,
    0.0,
    0.0,
    0.0,
    0.0,
    0.0,
    0.0,
    0.0,
    0.0,
    0.0,
    0.0,
    0.0,
    0.0,
    0.0,
    0.0,
    0.0,
    0.0,
    0.0,
    0.0,
    0.0,
    0.0,
    0.0,
    0.0,
    0.0,
    0.0,
    0.0,
    0.0,
    0.0,
    0.0,
    0.0,
    0.0,
    0.0,
    0.0,
    0.0,
    0.0,
    0.0,
    0.0,
    0.0,
    0.0,
    0.0,
    0.0,
    0.0,
    0.0,
    0.0,
    0.0,
    0.0,
    0.0,
    0.0,
    0.0,
    0.0,
    0.0,
    0.0,
    0.0,
    0.0,
    0.0,
    0.0,
    0.0,
    0.0,
    0.0,
    0.0,
    0.0,
    0.0,
    0.0,
    0.0,
    0.0,
    0.0,
    0.0,
    0.0,
    0.0,
    0.0,
    0.0,
    0.0,
    0.0,
    0.0,
    0.0,
    0.0,
    0.0,
    0.0,
    0.0,
    0.0,
    0.0,
    0.0,
    0.0,
    0.0,
    0.0,
    0.0,
    0.0,
    0.0,
    0.0,
    0.0,
    0.0,
    0.0,
    0.0,
    0.0,
    0.0,
    0.0,
    0.0,
    0.0,
    0.0,
    0.0,
    0.0,
    0.0,
    0.0,
    0.0,
    0.0,
    0.0,
    0.0,
    0.0,
    0.0,
    0.0,
    0.0,
    0.0,
    0.0,
    0.0,
    0.0,
    0.0,
    0.25,
    1.25,
    2.0
  ],
  "gedig_auc": 0.10232744783306581,
  "step_limit": 500,
  "meta": {
    "gedig_version": "R2_frontier",
    "frontier_weight": 0.25,
    "gedig_assumed_max": 7.0,
    "n1_hist": [
      134,
      27,
      15,
      2,
      0
    ],
    "n2_hist": [
      135,
      21,
      10,
      8,
      3,
      1,
      0,
      0,
      0
    ],
    "n2_longest_zero_streak": 124,
    "n2_mean_zero_streak": 22.5,
    "n2_zero_fraction": 0.7584269662921348
  }
}