{
  "seed": 8,
  "maze_size": [
    8,
    8
  ],
  "policy": "gedig_r2",
  "success": true,
  "steps": 30,
  "unique_cells": 31,
  "path_efficiency": 0.4666666666666667,
  "exploration_ratio": 1.0333333333333334,
  "gedig_series": [
    2.25,
    2.25,
    2.25,
    2.25,
    2.25,
    2.25,
    2.75,
    5.0,
    4.0,
    3.75,
    3.75,
    3.5,
    2.5,
    2.25,
    2.25,
    2.25,
    2.5,
    3.5,
    2.75,
    3.5,
    3.75,
    3.75,
    3.75,
    3.75,
    3.75,
    3.75,
    3.5,
    3.75,
    3.25,
    2.25
  ],
  "gedig_auc": 0.44285714285714284,
  "step_limit": 500,
  "meta": {
    "gedig_version": "R2_frontier",
    "frontier_weight": 0.25,
    "gedig_assumed_max": 7.0,
    "n1_hist": [
      0,
      14,
      15,
      1,
      0
    ],
    "n2_hist": [
      0,
      11,
      6,
      11,
      2,
      0,
      0,
      0,
      0
    ],
    "n2_longest_zero_streak": 0,
    "n2_mean_zero_streak": 0.0,
    "n2_zero_fraction": 0.0
  }
}