{
  "processing": {
    "total_documents": 100,
    "total_insights": 79,
    "insight_ratio": 0.79,
    "avg_processing_time": 0.2926173639297485,
    "total_processing_time": 29.261736392974854
  },
  "retrieval": {
    "total_queries": 20,
    "successful_retrievals": 1,
    "retrieval_accuracy": 0.05,
    "avg_retrieval_time": 0.29717426300048827,
    "avg_quality_score": 0.783678364789281
  },
  "insights": {
    "count": 79,
    "avg_quality": 0.8235642439282375,
    "indices": [
      0,
      1,
      2,
      3,
      4,
      5,
      6,
      7,
      8,
      9,
      10,
      11,
      13,
      14,
      15,
      17,
      18,
      21,
      22,
      23,
      24,
      26,
      28,
      29,
      30,
      31,
      32,
      33,
      35,
      36,
      38,
      39,
      40,
      41,
      42,
      43,
      44,
      46,
      47,
      49,
      51,
      52,
      53,
      55,
      58,
      59,
      61,
      63,
      64,
      65,
      66,
      67,
      68,
      70,
      72,
      73,
      75,
      76,
      77,
      78,
      79,
      80,
      81,
      83,
      84,
      85,
      86,
      87,
      88,
      90,
      91,
      92,
      93,
      94,
      95,
      96,
      97,
      98,
      99
    ]
  },
  "quality_distribution": {
    "all_qualities": [],
    "mean": 0.7721449245517543,
    "std": 0.11820085682192985,
    "min": 0.5501473389314435,
    "max": 0.88
  }
}