{
  "metrics": [
    "loop_redundancy",
    "clipped_redundancy",
    "unique_coverage",
    "backtrack_rate",
    "mean_geDIG",
    "geDIG_low_frac"
  ],
  "algo_means": {
    "loop_redundancy": {
      "simple": {
        "mean": 5.634397306583994,
        "ci_low": 2.3660519321202207,
        "ci_high": 9.346975139709771
      },
      "dfs": {
        "mean": 1.0,
        "ci_low": 1.0,
        "ci_high": 1.0
      },
      "random": {
        "mean": 5.190116482307916,
        "ci_low": 2.5190881367638767,
        "ci_high": 7.8611448278519545
      }
    },
    "clipped_redundancy": {
      "simple": {
        "mean": 5.634397306583994,
        "ci_low": 2.3660519321202207,
        "ci_high": 9.346975139709773
      },
      "dfs": {
        "mean": 1.0,
        "ci_low": 1.0,
        "ci_high": 1.0
      },
      "random": {
        "mean": 5.190116482307916,
        "ci_low": 2.5190881367638767,
        "ci_high": 8.13607305936073
      }
    },
    "unique_coverage": {
      "simple": {
        "mean": 0.6656063328959652,
        "ci_low": 0.5379551056347469,
        "ci_high": 0.819402525408069
      },
      "dfs": {
        "mean": 1.0,
        "ci_low": 1.0,
        "ci_high": 1.0
      },
      "random": {
        "mean": 0.6044117317493747,
        "ci_low": 0.4295242166102449,
        "ci_high": 0.7854427538039411
      }
    },
    "backtrack_rate": {
      "simple": {
        "mean": 0.12580826533511957,
        "ci_low": 0.07912698412698413,
        "ci_high": 0.16213412901392443
      },
      "dfs": {
        "mean": 0.0,
        "ci_low": 0.0,
        "ci_high": 0.0
      },
      "random": {
        "mean": 0.1975371599534558,
        "ci_low": 0.1313116953399639,
        "ci_high": 0.2616843309137054
      }
    },
    "mean_geDIG": {
      "simple": {
        "mean": 0.133196715929013,
        "ci_low": 0.06481364419889726,
        "ci_high": 0.2254808218219134
      }
    },
    "geDIG_low_frac": {
      "simple": {
        "mean": 0.9053788040034995,
        "ci_low": 0.82805611519537,
        "ci_high": 0.9606132537850532
      }
    }
  },
  "diffs_simple_minus": {
    "loop_redundancy": {
      "dfs": {
        "mean_diff": 4.634397306583994,
        "ci_low": 1.3660519321202207,
        "ci_high": 8.536825885978427
      },
      "random": {
        "mean_diff": 0.4442808242760776,
        "ci_low": -3.7044116730210166,
        "ci_high": 4.883550515276098
      }
    },
    "clipped_redundancy": {
      "dfs": {
        "mean_diff": 4.634397306583994,
        "ci_low": 1.3660519321202207,
        "ci_high": 8.346975139709773
      },
      "random": {
        "mean_diff": 0.4442808242760776,
        "ci_low": -3.757130484101433,
        "ci_high": 4.89383194857894
      }
    },
    "unique_coverage": {
      "dfs": {
        "mean_diff": -0.33439366710403484,
        "ci_low": -0.45371066436378205,
        "ci_high": -0.19244148325716426
      },
      "random": {
        "mean_diff": 0.06119460114659048,
        "ci_low": -0.17823847121744585,
        "ci_high": 0.30708311023663815
      }
    },
    "backtrack_rate": {
      "dfs": {
        "mean_diff": 0.12580826533511957,
        "ci_low": 0.0838655462184874,
        "ci_high": 0.16213412901392443
      },
      "random": {
        "mean_diff": -0.07172889461833623,
        "ci_low": -0.1509837477598023,
        "ci_high": 0.012630428720298875
      }
    },
    "mean_geDIG": {},
    "geDIG_low_frac": {}
  }
}