{
  "per_seed": [
    {
      "seed": 3,
      "legacy_summary": {
        "count": 29,
        "mean": 1.1800450140681733,
        "stdev": 0.7319285971548122,
        "min": 0.0,
        "p25": 0.8287292817679558,
        "median": 1.2,
        "p75": 2.0,
        "max": 2.0
      },
      "core_raw_summary": {
        "count": 29,
        "mean": -0.07851799087717616,
        "stdev": 0.09668035445899549,
        "min": -0.46153846153846156,
        "p25": -0.08695652173913043,
        "median": -0.048,
        "p75": -0.03314917127071823,
        "max": -0.0
      },
      "count_legacy": 29,
      "count_core_raw": 29
    },
    {
      "seed": 4,
      "legacy_summary": {
        "count": 29,
        "mean": 1.3236319191413874,
        "stdev": 0.525616339666043,
        "min": 0.6329113924050633,
        "p25": 0.8287292817679558,
        "median": 1.2,
        "p75": 2.0,
        "max": 2.0
      },
      "core_raw_summary": {
        "count": 29,
        "mean": -0.08426146708010471,
        "stdev": 0.09258643666837835,
        "min": -0.46153846153846156,
        "p25": -0.08695652173913043,
        "median": -0.048,
        "p75": -0.03314917127071823,
        "max": -0.02531645569620253
      },
      "count_legacy": 29,
      "count_core_raw": 29
    }
  ],
  "aggregate": {
    "variant": "ultra50",
    "seeds": [
      3,
      4
    ],
    "legacy_agg": {
      "count": 58,
      "mean": 1.2518384666047804,
      "stdev": 0.6412100309224711,
      "min": 0.0,
      "p25": 0.8287292817679558,
      "median": 1.2,
      "p75": 2.0,
      "max": 2.0
    },
    "core_raw_agg": {
      "count": 58,
      "mean": -0.08138972897864044,
      "stdev": 0.09469908382004402,
      "min": -0.46153846153846156,
      "p25": -0.08695652173913043,
      "median": -0.048,
      "p75": -0.03314917127071823,
      "max": -0.0
    },
    "ks_statistic": 0.896551724137931
  }
}