{
  "datasets": {
    "squad_30": {
      "total_documents": 60,
      "processing_times": [
        3.583853244781494,
        0.024797916412353516,
        0.05944204330444336,
        0.013948917388916016,
        0.05682206153869629,
        0.01291203498840332,
        0.056403398513793945,
        0.013705015182495117,
        0.057875871658325195,
        0.017372846603393555,
        0.05893588066101074,
        0.014304161071777344,
        0.05672621726989746,
        0.012736797332763672,
        0.05875205993652344,
        0.015241861343383789,
        0.05811905860900879,
        0.013594865798950195,
        0.05798172950744629,
        0.015238046646118164,
        0.05817294120788574,
        0.013364076614379883,
        0.08985280990600586,
        0.012629032135009766,
        0.05752086639404297,
        0.014904975891113281,
        0.05870413780212402,
        0.013889074325561523,
        0.05785322189331055,
        0.01583099365234375,
        0.05944395065307617,
        0.01633310317993164,
        0.05865311622619629,
        0.016892194747924805,
        0.05724692344665527,
        0.013580083847045898,
        0.059953927993774414,
        0.01473689079284668,
        0.05865907669067383,
        0.014447212219238281,
        0.059178829193115234,
        0.016517162322998047,
        0.05764579772949219,
        0.013458013534545898,
        0.05744004249572754,
        0.012669801712036133,
        0.0605618953704834,
        0.01406097412109375,
        0.05857729911804199,
        0.0149688720703125,
        0.05923604965209961,
        0.01522517204284668,
        0.09659910202026367,
        0.013596773147583008,
        0.05934596061706543,
        0.014269828796386719,
        0.05883908271789551,
        0.014428853988647461,
        0.06042218208312988,
        0.016721010208129883
      ],
      "episodes_created": 22,
      "episodes_before": 0,
      "integrations": 0,
      "conflicts": 0,
      "graph_stats": {
        "graph_enabled": true,
        "nodes": 60,
        "edges": 1709,
        "density": 0.9655367231638418,
        "recent_conflicts": 0,
        "faiss_index_size": 60
      },
      "successful": 60,
      "failed": 0,
      "total_time": 5.79603123664856,
      "episodes_after": 22
    },
    "ms_marco_20": {
      "total_documents": 181,
      "processing_times": [
        0.014523983001708984,
        0.04562997817993164,
        0.04118084907531738,
        0.04876303672790527,
        0.03740286827087402,
        0.03658103942871094,
        0.03147697448730469,
        0.014768123626708984,
        0.05665898323059082,
        0.044645071029663086,
        0.03751111030578613,
        0.05573582649230957,
        0.05052518844604492,
        0.055126190185546875,
        0.060144901275634766,
        0.05338025093078613,
        0.01724696159362793,
        0.039276838302612305,
        0.05665898323059082,
        0.06557393074035645,
        0.033428192138671875,
        0.0384678840637207,
        0.04287004470825195,
        0.05734610557556152,
        0.049514055252075195,
        0.016798973083496094,
        0.028872966766357422,
        0.04781174659729004,
        0.05755114555358887,
        0.05284595489501953,
        0.05464792251586914,
        0.06736016273498535,
        0.07364606857299805,
        0.05019402503967285,
        0.06875109672546387,
        0.020849943161010742,
        0.05465817451477051,
        0.07086491584777832,
        0.03431510925292969,
        0.06032609939575195,
        0.07184910774230957,
        0.10076093673706055,
        0.10446596145629883,
        0.1261000633239746,
        0.08483362197875977,
        0.020988941192626953,
        0.05213308334350586,
        0.05105900764465332,
        0.05588197708129883,
        0.05137205123901367,
        0.06398797035217285,
        0.04657268524169922,
        0.06014895439147949,
        0.04169201850891113,
        0.028170108795166016,
        0.015663862228393555,
        0.08072495460510254,
        0.040183067321777344,
        0.03374075889587402,
        0.03316307067871094,
        0.037663936614990234,
        0.05373787879943848,
        0.021821022033691406,
        0.04730820655822754,
        0.10641169548034668,
        0.05862307548522949,
        0.04092001914978027,
        0.09607601165771484,
        0.029394865036010742,
        0.06922602653503418,
        0.06361079216003418,
        0.11768293380737305,
        0.019693851470947266,
        0.04448294639587402,
        0.04211997985839844,
        0.04659914970397949,
        0.05060982704162598,
        0.05280709266662598,
        0.02485489845275879,
        0.06794905662536621,
        0.0846560001373291,
        0.15123200416564941,
        0.2179427146911621,
        0.17352819442749023,
        0.2939460277557373,
        0.14094901084899902,
        0.1562790870666504,
        0.04088401794433594,
        0.026573896408081055,
        0.08172798156738281,
        0.06301403045654297,
        0.039338111877441406,
        0.04378986358642578,
        0.2548408508300781,
        0.11770391464233398,
        0.07561898231506348,
        0.09763932228088379,
        0.029333829879760742,
        0.07324504852294922,
        0.061792850494384766,
        0.056593894958496094,
        0.039576053619384766,
        0.0364680290222168,
        0.09170818328857422,
        0.03233504295349121,
        0.05012011528015137,
        0.0556178092956543,
        0.02210211753845215,
        0.053192138671875,
        0.03735208511352539,
        0.03237199783325195,
        0.05190706253051758,
        0.0502629280090332,
        0.07237505912780762,
        0.06653404235839844,
        0.04836773872375488,
        0.0435788631439209,
        0.02554607391357422,
        0.07993698120117188,
        0.07212519645690918,
        0.059867143630981445,
        0.08162379264831543,
        0.033211708068847656,
        0.0658411979675293,
        0.04054713249206543,
        0.04943203926086426,
        0.023209095001220703,
        0.05811929702758789,
        0.05490612983703613,
        0.049581050872802734,
        0.05482792854309082,
        0.05428886413574219,
        0.0597078800201416,
        0.06624579429626465,
        0.08434295654296875,
        0.06210899353027344,
        0.06662893295288086,
        0.02488398551940918,
        0.059094905853271484,
        0.041390180587768555,
        0.07484817504882812,
        0.03922581672668457,
        0.051236867904663086,
        0.05187416076660156,
        0.034363746643066406,
        0.04992485046386719,
        0.07425785064697266,
        0.021768808364868164,
        0.04080009460449219,
        0.1068260669708252,
        0.05931401252746582,
        0.0326080322265625,
        0.06424689292907715,
        0.059326887130737305,
        0.04293417930603027,
        0.07654809951782227,
        0.0814063549041748,
        0.051882028579711914,
        0.02601909637451172,
        0.05735182762145996,
        0.06694984436035156,
        0.046083927154541016,
        0.05678582191467285,
        0.05983090400695801,
        0.053611040115356445,
        0.11050701141357422,
        0.10163283348083496,
        0.025749921798706055,
        0.03800392150878906,
        0.0638129711151123,
        0.03714489936828613,
        0.024850845336914062,
        0.039669036865234375,
        0.06522297859191895,
        0.0507807731628418,
        0.021322965621948242,
        0.048239946365356445,
        0.04333901405334473,
        0.034310102462768555,
        0.049292802810668945,
        0.03227806091308594
      ],
      "episodes_created": 162,
      "episodes_before": 22,
      "integrations": 0,
      "conflicts": 0,
      "graph_stats": {
        "graph_enabled": true,
        "nodes": 241,
        "edges": 2599,
        "density": 0.0898686030428769,
        "recent_conflicts": 2,
        "faiss_index_size": 241
      },
      "successful": 181,