{
  "datasets": {
    "squad_30": {
      "total_documents": 60,
      "processing_times": [
        4.456924915313721,
        0.027194738388061523,
        0.056207895278930664,
        0.013597965240478516,
        0.05601191520690918,
        0.049139976501464844,
        0.05880999565124512,
        0.013872861862182617,
        0.05229020118713379,
        0.014527320861816406,
        0.0572509765625,
        0.014655113220214844,
        0.05704236030578613,
        0.013988971710205078,
        0.05783390998840332,
        0.014296770095825195,
        0.059419870376586914,
        0.01378011703491211,
        0.057862043380737305,
        0.014129877090454102,
        0.06373095512390137,
        0.019537925720214844,
        0.10526180267333984,
        0.013509988784790039,
        0.06082582473754883,
        0.019268274307250977,
        0.0656440258026123,
        0.013811826705932617,
        0.05869007110595703,
        0.01637101173400879,
        0.058673858642578125,
        0.014386892318725586,
        0.05898594856262207,
        0.016304731369018555,
        0.059079885482788086,
        0.014487028121948242,
        0.05852532386779785,
        0.014020919799804688,
        0.05911993980407715,
        0.014604806900024414,
        0.05855417251586914,
        0.015820026397705078,
        0.05985593795776367,
        0.013637304306030273,
        0.058776140213012695,
        0.014822006225585938,
        0.05889701843261719,
        0.013561248779296875,
        0.05973005294799805,
        0.013790130615234375,
        0.05900382995605469,
        0.015744924545288086,
        0.06066489219665527,
        0.01380300521850586,
        0.09113287925720215,
        0.013994932174682617,
        0.0590212345123291,
        0.01419687271118164,
        0.06024599075317383,
        0.01575183868408203
      ],
      "episodes_created": 22,
      "integrations": 0,
      "conflicts": 0,
      "graph_stats": {
        "graph_enabled": true,
        "nodes": 60,
        "edges": 1709,
        "density": 0.9655367231638418,
        "recent_conflicts": 0,
        "faiss_index_size": 60
      },
      "successful": 60,
      "failed": 0,
      "total_time": 6.737796068191528
    },
    "ms_marco_20": {
      "total_documents": 181,
      "processing_times": [
        0.014840126037597656,
        0.04699587821960449,
        0.03862190246582031,
        0.04692196846008301,
        0.03773808479309082,
        0.03390073776245117,
        0.03274893760681152,
        0.015804052352905273,
        0.05366802215576172,
        0.04624295234680176,
        0.037154197692871094,
        0.05702996253967285,
        0.050293922424316406,
        0.05407381057739258,
        0.06160688400268555,
        0.054897308349609375,
        0.017415285110473633,
        0.03717923164367676,
        0.058692216873168945,
        0.032301902770996094,
        0.03315591812133789,
        0.040549278259277344,
        0.07826685905456543,
        0.05940890312194824,
        0.049574851989746094,
        0.015822172164916992,
        0.0291440486907959,
        0.04636812210083008,
        0.056768178939819336,
        0.051688194274902344,
        0.04564309120178223,
        0.05575704574584961,
        0.06831502914428711,
        0.05353522300720215,
        0.06389403343200684,
        0.018316030502319336,
        0.05503487586975098,
        0.058630943298339844,
        0.03410005569458008,
        0.06028389930725098,
        0.06092977523803711,
        0.06946730613708496,
        0.06618809700012207,
        0.06467008590698242,
        0.08637022972106934,
        0.018380165100097656,
        0.04503488540649414,
        0.044988155364990234,
        0.05251908302307129,
        0.04812788963317871,
        0.057106971740722656,
        0.043502092361450195,
        0.05378603935241699,
        0.04013180732727051,
        0.027459144592285156,
        0.05433917045593262,
        0.03754782676696777,
        0.04004478454589844,
        0.033396005630493164,
        0.03160810470581055,
        0.03385114669799805,
        0.03577589988708496,
        0.01742100715637207,
        0.04224705696105957,
        0.03772592544555664,
        0.03867077827453613,
        0.03496098518371582,
        0.03403019905090332,
        0.028531789779663086,
        0.05539107322692871,
        0.05815315246582031,
        0.05242204666137695,
        0.017666101455688477,
        0.03584790229797363,
        0.03412199020385742,
        0.04114270210266113,
        0.038655996322631836,
        0.04613089561462402,
        0.021965980529785156,
        0.05689716339111328,
        0.07151103019714355,
        0.04368925094604492,
        0.061997175216674805,
        0.040741920471191406,
        0.05869007110595703,
        0.0774540901184082,
        0.07017302513122559,
        0.037584781646728516,
        0.02050304412841797,
        0.0692741870880127,
        0.05815291404724121,
        0.03914213180541992,
        0.04345870018005371,
        0.09734010696411133,
        0.08181929588317871,
        0.07201886177062988,
        0.07175087928771973,
        0.02340102195739746,
        0.07024312019348145,
        0.07009029388427734,
        0.05376911163330078,
        0.07270979881286621,
        0.03754115104675293,
        0.03716707229614258,
        0.03625178337097168,
        0.053305864334106445,
        0.04894685745239258,
        0.018536090850830078,
        0.04558682441711426,
        0.03573107719421387,
        0.030301332473754883,
        0.049352169036865234,
        0.0495600700378418,
        0.05953502655029297,
        0.060272216796875,
        0.04431724548339844,
        0.041375160217285156,
        0.02480292320251465,
        0.07655596733093262,
        0.10024809837341309,
        0.0573430061340332,
        0.07528495788574219,
        0.035651206970214844,
        0.05605506896972656,
        0.04079318046569824,
        0.050450801849365234,
        0.016666889190673828,
        0.0592198371887207,
        0.05744791030883789,
        0.04745769500732422,
        0.08710193634033203,
        0.057987213134765625,
        0.05647397041320801,
        0.06675195693969727,
        0.07801699638366699,
        0.06748795509338379,
        0.05963397026062012,
        0.022436141967773438,
        0.06524801254272461,
        0.04275989532470703,
        0.04719400405883789,
        0.03876924514770508,
        0.05125999450683594,
        0.050835371017456055,
        0.033247947692871094,
        0.05013298988342285,
        0.07068681716918945,
        0.0214080810546875,
        0.03924560546875,
        0.07764792442321777,
        0.05698370933532715,
        0.03161907196044922,
        0.06220531463623047,
        0.05425000190734863,
        0.04396224021911621,
        0.07422327995300293,
        0.07425880432128906,
        0.04965996742248535,
        0.023020029067993164,
        0.08678030967712402,
        0.20628094673156738,
        0.04547882080078125,
        0.05777478218078613,
        0.05451703071594238,
        0.047508955001831055,
        0.07828283309936523,
        0.10043907165527344,
        0.02324986457824707,
        0.03394508361816406,
        0.05450916290283203,
        0.03379201889038086,
        0.024276018142700195,
        0.04585909843444824,
        0.07750201225280762,
        0.05307602882385254,
        0.021151065826416016,
        0.04485797882080078,
        0.042402029037475586,
        0.032035112380981445,
        0.05003166198730469,
        0.030260086059570312
      ],
      "episodes_created": 184,
      "integrations": 0,
      "conflicts": 0,
      "graph_stats": {
        "graph_enabled": true,
        "nodes": 241,
        "edges": 2599,
        "density": 0.0898686030428769,
        "recent_conflicts": 2,
        "faiss_index_size": 241
      },
      "successful": 181,
      "failed": 0,
      "total_time": 8.99043607711792
    }
  },