{
  "experiment": "Scalable Graph Growth with Enhanced Implementation",
  "timestamp": "20250704_201731",
  "config": {
    "use_scalable_graph": true,
    "top_k": 50,
    "batch_size": 1000,
    "conflict_detection": true,
    "graph_importance": true
  },
  "metrics": {
    "episodes": [
      25,
      45,
      65,
      85,
      105,
      198,
      291,
      386,
      477,
      567,
      660,
      746,
      827,
      906,
      981
    ],
    "graph_nodes": [
      20,
      40,
      60,
      80,
      100,
      200,
      300,
      400,
      500,
      600,
      700,
      800,
      900,
      1000,
      1100
    ],
    "graph_edges": [
      42,
      207,
      421,
      733,
      1176,
      4498,
      8987,
      13735,
      18682,
      23678,
      28673,
      33673,
      38673,
      43673,
      48673
    ],
    "build_times": [
      0.01827683448791504,
      0.014821720123291016,
      0.01521148681640625,
      0.015846991539001466,
      0.015741777420043946,
      0.022008419036865234,
      0.03070824146270752,
      0.0532031774520874,
      0.054734086990356444,
      0.04075424671173096,
      0.06521427631378174,
      0.20755696296691895,
      0.11494786739349365,
      0.05418241024017334,
      0.08293402194976807
    ],
    "conflicts_detected": [],
    "splits_performed": [],
    "importance_scores": [],
    "timestamps": [
      20,
      40,
      60,
      80,
      100,
      100,
      200,
      300,
      400,
      500,
      600,
      700,
      800,
      900,
      1000
    ]
  },
  "final_state": {
    "episodes": 981,
    "graph_nodes": 1100,
    "graph_edges": 48673
  },
  "total_documents": 1100,
  "monitor_data_file": "experiment_6/monitor_data_20250704_201731.json"
}