{
  "experiment": "Scalable Graph Growth with Enhanced Implementation",
  "timestamp": "20250704_201905",
  "config": {
    "use_scalable_graph": true,
    "top_k": 50,
    "batch_size": 1000,
    "conflict_detection": true,
    "graph_importance": true
  },
  "metrics": {
    "episodes": [
      25,
      45,
      65,
      85,
      105,
      200,
      295,
      390,
      478,
      568,
      655,
      739,
      824,
      906,
      986
    ],
    "graph_nodes": [
      20,
      40,
      60,
      80,
      100,
      200,
      300,
      400,
      500,
      600,
      700,
      800,
      900,
      1000,
      1100
    ],
    "graph_edges": [
      36,
      151,
      385,
      695,
      1147,
      4398,
      9028,
      13880,
      18836,
      23827,
      28827,
      33827,
      38827,
      43827,
      48827
    ],
    "build_times": [
      0.014438986778259277,
      0.01488168239593506,
      0.01491081714630127,
      0.015591573715209962,
      0.015946245193481444,
      0.017969703674316405,
      0.029640555381774902,
      0.05142230987548828,
      0.11318986415863037,
      0.08074495792388917,
      0.09498717784881591,
      0.09772768020629882,
      0.179290771484375,
      0.11503791809082031,
      0.09691531658172607
    ],
    "conflicts_detected": [],
    "splits_performed": [],
    "importance_scores": [],
    "timestamps": [
      20,
      40,
      60,
      80,
      100,
      100,
      200,
      300,
      400,
      500,
      600,
      700,
      800,
      900,
      1000
    ]
  },
  "final_state": {
    "episodes": 986,
    "graph_nodes": 1100,
    "graph_edges": 48827
  },
  "total_documents": 1100,
  "monitor_data_file": "experiment_6/monitor_data_20250704_201905.json"
}