{
  "seed": 7,
  "maze_size": [
    12,
    12
  ],
  "policy": "gedig_r2",
  "success": true,
  "steps": 182,
  "unique_cells": 81,
  "path_efficiency": 0.12087912087912088,
  "exploration_ratio": 0.44505494505494503,
  "gedig_series": [
    2.2,
    2.2,
    2.2,
    2.2,
    2.2,
    2.2,
    2.2,
    2.2,
    2.2,
    2.2,
    2.2,
    2.2,
    2.2,
    2.2,
    2.2,
    2.2,
    2.2,
    2.2,
    2.2,
    2.2,
    2.2,
    2.2,
    2.2,
    2.2,
    2.4,
    3.4,
    2.4,
    2.2,
    2.4,
    3.4,
    3.6,
    3.6,
    3.6,
    3.6,
    3.6,
    3.6,
    3.6,
    3.4,
    2.6,
    3.4,
    2.4,
    2.2,
    2.4,
    3.6,
    3.8,
    4.8,
    3.8,
    3.6,
    3.6,
    3.6,
    3.8,
    4.8,
    3.8,
    3.6,
    3.6,
    3.6,
    3.6,
    3.4,
    3.2,
    2.2,
    1.2,
    1.2,
    1.2,
    1.2,
    1.4,
    1.4,
    2.0,
    1.0,
    0.4,
    2.4,
    2.2,
    1.4,
    2.0,
    1.0,
    0.4,
    2.4,
    3.4,
    2.4,
    2.0,
    1.0,
    0.2,
    1.2,
    1.4,
    2.2,
    2.2,
    2.0,
    1.0,
    0.0,
    0.0,
    0.0,
    0.0,
    0.0,
    0.0,
    0.0,
    0.0,
    0.0,
    0.0,
    0.0,
    0.0,
    0.0,
    0.0,
    0.0,
    0.0,
    0.0,
    0.2,
    1.0,
    1.0,
    0.0,
    0.0,
    0.0,
    0.0,
    0.0,
    0.0,
    0.0,
    0.0,
    0.0,
    0.0,
    0.0,
    0.0,
    0.0,
    0.0,
    0.0,
    0.0,
    0.0,
    0.0,
    0.0,
    0.0,
    0.0,
    0.0,
    0.0,
    0.0,
    0.0,
    0.0,
    0.0,
    0.0,
    0.0,
    0.0,
    0.0,
    0.0,
    0.0,
    0.0,
    0.0,
    0.0,
    0.0,
    0.2,
    1.2,
    2.2,
    2.2,
    2.0,
    1.0,
    0.0,
    0.0,
    0.0,
    0.0,
    0.0,
    0.0,
    0.0,
    0.0,
    0.0,
    0.0,
    0.0,
    0.0,
    0.0,
    0.0,
    0.0,
    0.0,
    0.0,
    0.0,
    0.0,
    0.0,
    0.0,
    0.0,
    0.0,
    0.0,
    0.0,
    0.0,
    0.0,
    0.0,
    0.2,
    1.2,
    2.0,
    1.0
  ],
  "gedig_auc": 0.19164169164169165,
  "step_limit": 500,
  "meta": {
    "gedig_version": "R2_frontier",
    "frontier_weight": 0.2,
    "gedig_assumed_max": 6.6,
    "n1_hist": [
      95,
      57,
      28,
      2,
      0
    ],
    "n2_hist": [
      96,
      44,
      20,
      16,
      6,
      0,
      0,
      0,
      0
    ],
    "n2_longest_zero_streak": 39,
    "n2_mean_zero_streak": 13.714285714285714,
    "n2_zero_fraction": 0.5274725274725275
  }
}