{
  "seed": 3,
  "maze_size": [
    12,
    12
  ],
  "policy": "gedig_r2",
  "success": true,
  "steps": 118,
  "unique_cells": 84,
  "path_efficiency": 0.1864406779661017,
  "exploration_ratio": 0.711864406779661,
  "gedig_series": [
    2.2,
    2.2,
    2.2,
    2.2,
    2.2,
    2.2,
    2.2,
    2.2,
    2.2,
    2.2,
    2.2,
    2.2,
    2.2,
    2.2,
    2.2,
    2.2,
    2.6,
    4.8,
    3.8,
    3.6,
    3.6,
    3.4,
    2.4,
    2.2,
    2.4,
    3.4,
    2.4,
    2.2,
    2.4,
    3.4,
    2.4,
    2.2,
    2.0,
    1.0,
    0.0,
    0.0,
    0.0,
    0.0,
    0.0,
    0.0,
    0.0,
    0.0,
    0.0,
    0.0,
    0.0,
    0.0,
    0.0,
    0.0,
    0.0,
    0.0,
    0.0,
    0.0,
    0.2,
    1.2,
    2.2,
    2.2,
    2.2,
    2.2,
    2.2,
    2.2,
    2.0,
    1.0,
    0.2,
    1.2,
    1.6,
    3.4,
    3.6,
    3.6,
    3.6,
    3.6,
    3.8,
    4.8,
    3.8,
    3.6,
    3.6,
    2.6,
    3.4,
    3.6,
    3.8,
    4.8,
    3.8,
    3.6,
    3.6,
    3.4,
    2.4,
    2.2,
    2.2,
    2.2,
    2.2,
    2.2,
    2.0,
    1.0,
    0.0,
    0.0,
    0.0,
    0.0,
    0.0,
    0.0,
    0.2,
    1.2,
    2.2,
    2.2,
    2.0,
    1.0,
    0.4,
    2.4,
    2.4,
    2.2,
    2.2,
    2.2,
    2.2,
    2.2,
    2.0,
    1.0,
    0.4,
    2.4,
    2.2,
    2.0
  ],
  "gedig_auc": 0.2919876733436056,
  "step_limit": 500,
  "meta": {
    "gedig_version": "R2_frontier",
    "frontier_weight": 0.2,
    "gedig_assumed_max": 6.6,
    "n1_hist": [
      34,
      57,
      24,
      3,
      0
    ],
    "n2_hist": [
      35,
      44,
      17,
      14,
      8,
      0,
      0,
      0,
      0
    ],
    "n2_longest_zero_streak": 20,
    "n2_mean_zero_streak": 5.833333333333333,
    "n2_zero_fraction": 0.2966101694915254
  }
}