{
  "seed": 6,
  "maze_size": [
    12,
    12
  ],
  "policy": "gedig_r2",
  "success": true,
  "steps": 90,
  "unique_cells": 59,
  "path_efficiency": 0.24444444444444444,
  "exploration_ratio": 0.6555555555555556,
  "gedig_series": [
    2.2,
    2.2,
    2.2,
    2.2,
    2.2,
    2.2,
    2.2,
    2.2,
    2.2,
    2.2,
    2.6,
    4.8,
    3.8,
    3.6,
    3.6,
    3.6,
    3.6,
    3.6,
    3.6,
    3.6,
    3.4,
    2.6,
    3.4,
    3.6,
    3.6,
    3.6,
    3.8,
    4.8,
    3.8,
    3.6,
    3.8,
    4.8,
    3.8,
    3.4,
    2.6,
    3.2,
    2.4,
    2.2,
    2.2,
    2.2,
    2.4,
    3.4,
    2.4,
    2.2,
    2.0,
    1.0,
    0.0,
    0.0,
    0.0,
    0.0,
    0.2,
    1.2,
    2.0,
    1.0,
    0.0,
    0.0,
    0.0,
    0.0,
    0.0,
    0.0,
    0.0,
    0.0,
    0.0,
    0.0,
    0.0,
    0.0,
    0.0,
    0.0,
    0.0,
    0.0,
    0.0,
    0.0,
    0.0,
    0.0,
    0.0,
    0.0,
    0.2,
    1.0,
    1.0,
    0.2,
    1.4,
    2.2,
    2.2,
    2.2,
    2.4,
    2.2,
    2.2,
    2.2,
    2.0,
    1.0
  ],
  "gedig_auc": 0.27845117845117845,
  "step_limit": 500,
  "meta": {
    "gedig_version": "R2_frontier",
    "frontier_weight": 0.2,
    "gedig_assumed_max": 6.6,
    "n1_hist": [
      33,
      33,
      21,
      3,
      0
    ],
    "n2_hist": [
      34,
      25,
      9,
      14,
      8,
      0,
      0,
      0,
      0
    ],
    "n2_longest_zero_streak": 24,
    "n2_mean_zero_streak": 8.5,
    "n2_zero_fraction": 0.37777777777777777
  }
}