{
  "seed": 1,
  "maze_size": [
    12,
    12
  ],
  "policy": "gedig_r2",
  "success": true,
  "steps": 60,
  "unique_cells": 54,
  "path_efficiency": 0.36666666666666664,
  "exploration_ratio": 0.9,
  "gedig_series": [
    2.2,
    2.2,
    2.2,
    2.2,
    2.2,
    2.2,
    2.2,
    2.2,
    2.2,
    2.2,
    2.2,
    2.2,
    2.2,
    2.2,
    2.2,
    2.2,
    2.2,
    2.2,
    2.2,
    2.2,
    2.6,
    4.8,
    4.0,
    4.8,
    3.8,
    3.6,
    3.6,
    3.6,
    3.6,
    3.6,
    3.6,
    3.6,
    3.6,
    3.6,
    3.6,
    2.4,
    2.2,
    2.2,
    2.2,
    2.2,
    2.4,
    3.4,
    2.4,
    2.2,
    2.2,
    2.0,
    1.0,
    0.2,
    1.2,
    2.0,
    1.0,
    0.2,
    1.2,
    2.0,
    1.0,
    0.2,
    1.4,
    2.6,
    3.4,
    2.4
  ],
  "gedig_auc": 0.36767676767676766,
  "step_limit": 500,
  "meta": {
    "gedig_version": "R2_frontier",
    "frontier_weight": 0.2,
    "gedig_assumed_max": 6.6,
    "n1_hist": [
      6,
      37,
      15,
      2,
      0
    ],
    "n2_hist": [
      6,
      31,
      7,
      12,
      3,
      1,
      0,
      0,
      0
    ],
    "n2_longest_zero_streak": 2,
    "n2_mean_zero_streak": 2.0,
    "n2_zero_fraction": 0.1
  }
}