{
  "seed": 1,
  "maze_size": [
    12,
    12
  ],
  "policy": "gedig_r2",
  "success": true,
  "steps": 60,
  "unique_cells": 54,
  "path_efficiency": 0.36666666666666664,
  "exploration_ratio": 0.9,
  "gedig_series": [
    2.45,
    2.45,
    2.45,
    2.45,
    2.45,
    2.45,
    2.45,
    2.45,
    2.45,
    2.45,
    2.45,
    2.45,
    2.45,
    2.45,
    2.45,
    2.45,
    2.45,
    2.45,
    2.45,
    2.45,
    3.35,
    5.8,
    5.25,
    5.8,
    4.8,
    4.35,
    4.35,
    4.35,
    4.35,
    4.35,
    4.35,
    4.35,
    4.35,
    4.35,
    4.35,
    2.9,
    2.45,
    2.45,
    2.45,
    2.45,
    2.9,
    3.9,
    2.9,
    2.45,
    2.45,
    2.0,
    1.0,
    0.45,
    1.45,
    2.0,
    1.0,
    0.45,
    1.45,
    2.0,
    1.0,
    0.45,
    1.9,
    3.35,
    3.9,
    2.9
  ],
  "gedig_auc": 0.32965116279069767,
  "step_limit": 500,
  "meta": {
    "gedig_version": "R2_frontier",
    "frontier_weight": 0.45,
    "gedig_assumed_max": 8.6,
    "n1_hist": [
      6,
      37,
      15,
      2,
      0
    ],
    "n2_hist": [
      6,
      31,
      7,
      12,
      3,
      1,
      0,
      0,
      0
    ],
    "n2_longest_zero_streak": 2,
    "n2_mean_zero_streak": 2.0,
    "n2_zero_fraction": 0.1
  }
}