{
  "seed": 7,
  "maze_size": [
    12,
    12
  ],
  "policy": "gedig_r2",
  "success": true,
  "steps": 182,
  "unique_cells": 81,
  "path_efficiency": 0.12087912087912088,
  "exploration_ratio": 0.44505494505494503,
  "gedig_series": [
    2.45,
    2.45,
    2.45,
    2.45,
    2.45,
    2.45,
    2.45,
    2.45,
    2.45,
    2.45,
    2.45,
    2.45,
    2.45,
    2.45,
    2.45,
    2.45,
    2.45,
    2.45,
    2.45,
    2.45,
    2.45,
    2.45,
    2.45,
    2.45,
    2.9,
    3.9,
    2.9,
    2.45,
    2.9,
    3.9,
    4.35,
    4.35,
    4.35,
    4.35,
    4.35,
    4.35,
    4.35,
    3.9,
    3.35,
    3.9,
    2.9,
    2.45,
    2.9,
    4.35,
    4.8,
    5.8,
    4.8,
    4.35,
    4.35,
    4.35,
    4.8,
    5.8,
    4.8,
    4.35,
    4.35,
    4.35,
    4.35,
    3.9,
    3.45,
    2.45,
    1.45,
    1.45,
    1.45,
    1.45,
    1.9,
    1.9,
    2.0,
    1.0,
    0.9,
    2.9,
    2.45,
    1.9,
    2.0,
    1.0,
    0.9,
    2.9,
    3.9,
    2.9,
    2.0,
    1.0,
    0.45,
    1.45,
    1.9,
    2.45,
    2.45,
    2.0,
    1.0,
    0.0,
    0.0,
    0.0,
    0.0,
    0.0,
    0.0,
    0.0,
    0.0,
    0.0,
    0.0,
    0.0,
    0.0,
    0.0,
    0.0,
    0.0,
    0.0,
    0.0,
    0.45,
    1.0,
    1.0,
    0.0,
    0.0,
    0.0,
    0.0,
    0.0,
    0.0,
    0.0,
    0.0,
    0.0,
    0.0,
    0.0,
    0.0,
    0.0,
    0.0,
    0.0,
    0.0,
    0.0,
    0.0,
    0.0,
    0.0,
    0.0,
    0.0,
    0.0,
    0.0,
    0.0,
    0.0,
    0.0,
    0.0,
    0.0,
    0.0,
    0.0,
    0.0,
    0.0,
    0.0,
    0.0,
    0.0,
    0.0,
    0.45,
    1.45,
    2.45,
    2.45,
    2.0,
    1.0,
    0.0,
    0.0,
    0.0,
    0.0,
    0.0,
    0.0,
    0.0,
    0.0,
    0.0,
    0.0,
    0.0,
    0.0,
    0.0,
    0.0,
    0.0,
    0.0,
    0.0,
    0.0,
    0.0,
    0.0,
    0.0,
    0.0,
    0.0,
    0.0,
    0.0,
    0.0,
    0.0,
    0.0,
    0.45,
    1.45,
    2.0,
    1.0
  ],
  "gedig_auc": 0.17199079989777663,
  "step_limit": 500,
  "meta": {
    "gedig_version": "R2_frontier",
    "frontier_weight": 0.45,
    "gedig_assumed_max": 8.6,
    "n1_hist": [
      95,
      57,
      28,
      2,
      0
    ],
    "n2_hist": [
      96,
      44,
      20,
      16,
      6,
      0,
      0,
      0,
      0
    ],
    "n2_longest_zero_streak": 39,
    "n2_mean_zero_streak": 13.714285714285714,
    "n2_zero_fraction": 0.5274725274725275
  }
}