{
  "seed": 5,
  "maze_size": [
    12,
    12
  ],
  "policy": "gedig_r2",
  "success": true,
  "steps": 54,
  "unique_cells": 55,
  "path_efficiency": 0.4074074074074074,
  "exploration_ratio": 1.0185185185185186,
  "gedig_series": [
    2.45,
    2.45,
    2.45,
    2.45,
    2.45,
    2.45,
    2.45,
    2.45,
    2.45,
    2.45,
    2.45,
    2.45,
    2.45,
    2.45,
    2.45,
    2.45,
    3.35,
    5.8,
    4.8,
    4.35,
    4.35,
    4.35,
    4.35,
    4.35,
    2.9,
    2.45,
    2.45,
    2.45,
    2.45,
    2.45,
    2.45,
    2.45,
    2.45,
    2.45,
    2.45,
    2.45,
    2.45,
    2.45,
    2.9,
    3.9,
    4.35,
    4.35,
    4.35,
    3.35,
    3.9,
    4.35,
    4.8,
    5.8,
    4.8,
    4.35,
    4.35,
    4.35,
    3.9,
    2.9
  ],
  "gedig_auc": 0.37973729543496987,
  "step_limit": 500,
  "meta": {
    "gedig_version": "R2_frontier",
    "frontier_weight": 0.45,
    "gedig_assumed_max": 8.6,
    "n1_hist": [
      0,
      34,
      18,
      2,
      0
    ],
    "n2_hist": [
      0,
      29,
      6,
      14,
      5,
      0,
      0,
      0,
      0
    ],
    "n2_longest_zero_streak": 0,
    "n2_mean_zero_streak": 0.0,
    "n2_zero_fraction": 0.0
  }
}