{
  "seed": 6,
  "maze_size": [
    12,
    12
  ],
  "policy": "gedig_r2",
  "success": true,
  "steps": 90,
  "unique_cells": 59,
  "path_efficiency": 0.24444444444444444,
  "exploration_ratio": 0.6555555555555556,
  "gedig_series": [
    2.45,
    2.45,
    2.45,
    2.45,
    2.45,
    2.45,
    2.45,
    2.45,
    2.45,
    2.45,
    3.35,
    5.8,
    4.8,
    4.35,
    4.35,
    4.35,
    4.35,
    4.35,
    4.35,
    4.35,
    3.9,
    3.35,
    3.9,
    4.35,
    4.35,
    4.35,
    4.8,
    5.8,
    4.8,
    4.35,
    4.8,
    5.8,
    4.8,
    3.9,
    3.35,
    3.45,
    2.9,
    2.45,
    2.45,
    2.45,
    2.9,
    3.9,
    2.9,
    2.45,
    2.0,
    1.0,
    0.0,
    0.0,
    0.0,
    0.0,
    0.45,
    1.45,
    2.0,
    1.0,
    0.0,
    0.0,
    0.0,
    0.0,
    0.0,
    0.0,
    0.0,
    0.0,
    0.0,
    0.0,
    0.0,
    0.0,
    0.0,
    0.0,
    0.0,
    0.0,
    0.0,
    0.0,
    0.0,
    0.0,
    0.0,
    0.0,
    0.45,
    1.0,
    1.0,
    0.45,
    1.9,
    2.45,
    2.45,
    2.45,
    2.9,
    2.45,
    2.45,
    2.45,
    2.0,
    1.0
  ],
  "gedig_auc": 0.2514857881136951,
  "step_limit": 500,
  "meta": {
    "gedig_version": "R2_frontier",
    "frontier_weight": 0.45,
    "gedig_assumed_max": 8.6,
    "n1_hist": [
      33,
      33,
      21,
      3,
      0
    ],
    "n2_hist": [
      34,
      25,
      9,
      14,
      8,
      0,
      0,
      0,
      0
    ],
    "n2_longest_zero_streak": 24,
    "n2_mean_zero_streak": 8.5,
    "n2_zero_fraction": 0.37777777777777777
  }
}