{
  "seed": 4,
  "maze_size": [
    32,
    32
  ],
  "policy": "gedig_r2_adaptive_0.1_0.25",
  "success": true,
  "steps": 410,
  "unique_cells": 380,
  "path_efficiency": 0.15121951219512195,
  "exploration_ratio": 0.926829268292683,
  "gedig_series": [
    2.25,
    2.25,
    2.25,
    2.25,
    2.25,
    2.25,
    2.25,
    2.25,
    2.25,
    2.25,
    2.25,
    2.25,
    2.25,
    2.25,
    2.25,
    2.25,
    2.25,
    2.25,
    2.25,
    2.25,
    2.25,
    2.25,
    2.25,
    2.25,
    2.25,
    2.25,
    2.25,
    2.25,
    2.25,
    2.25,
    2.25,
    2.25,
    2.25,
    2.25,
    2.25,
    2.25,
    2.25,
    2.25,
    2.25,
    2.25,
    2.25,
    2.25,
    2.25,
    2.25,
    2.25,
    2.25,
    2.5,
    3.5,
    2.5,
    2.25,
    2.25,
    2.25,
    2.25,
    2.25,
    2.25,
    2.25,
    2.25,
    2.25,
    2.25,
    2.25,
    2.25,
    2.25,
    2.25,
    2.25,
    2.25,
    2.25,
    2.25,
    2.25,
    2.25,
    2.25,
    2.25,
    2.25,
    2.25,
    2.25,
    2.25,
    2.25,
    2.25,
    2.25,
    2.25,
    2.25,
    2.5,
    3.5,
    2.5,
    2.25,
    2.25,
    2.25,
    2.25,
    2.25,
    2.25,
    2.25,
    2.25,
    2.25,
    2.25,
    2.25,
    2.25,
    2.25,
    2.25,
    2.25,
    2.25,
    2.25,
    2.25,
    2.25,
    2.25,
    2.25,
    2.25,
    2.25,
    2.25,
    2.25,
    2.25,
    2.25,
    2.25,
    2.25,
    2.25,
    2.25,
    2.25,
    2.25,
    2.25,
    2.25,
    2.25,
    2.25,
    2.25,
    2.25,
    2.25,
    2.25,
    2.25,
    2.25,
    2.5,
    3.5,
    2.5,
    2.25,
    2.25,
    2.25,
    2.25,
    2.25,
    2.25,
    2.25,
    2.5,
    3.5,
    2.5,
    2.25,
    2.25,
    2.25,
    2.25,
    2.25,
    2.25,
    2.25,
    2.25,
    2.25,
    2.25,
    2.25,
    2.5,
    3.5,
    2.5,
    2.25,
    2.25,
    2.25,
    2.25,
    2.25,
    2.25,
    2.25,
    2.25,
    2.25,
    2.25,
    2.25,
    2.5,
    3.5,
    3.75,
    3.75,
    3.75,
    3.75,
    3.75,
    3.5,
    2.75,
    3.5,
    2.5,
    2.25,
    2.25,
    2.25,
    2.5,
    3.5,
    2.5,
    2.25,
    2.25,
    2.25,
    2.25,
    2.25,
    2.25,
    2.25,
    2.25,
    2.25,
    2.25,
    2.25,
    2.25,
    2.25,
    2.5,
    3.5,
    2.5,
    2.25,
    2.25,
    2.25,
    2.0,
    1.0,
    0.0,
    0.0,
    0.0,
    0.0,
    0.0,
    0.0,
    0.0,
    0.0,
    0.1,
    1.1,
    2.1,
    2.1,
    2.1,
    2.1,
    2.2,
    3.2,
    2.24,
    2.12,
    2.0,
    1.0,
    0.0,
    0.0,
    0.0,
    0.0,
    0.1,
    1.1,
    2.1,
    2.1,
    2.1,
    2.1,
    2.1,
    2.1,
    2.12,
    2.12,
    2.12,
    2.12,
    2.12,
    2.12,
    2.12,
    2.12,
    2.14,
    2.14,
    2.14,
    2.14,
    2.14,
    2.14,
    2.14,
    2.14,
    2.16,
    2.16,
    2.16,
    2.16,
    2.16,
    2.16,
    2.16,
    2.16,
    2.18,
    2.18,
    2.18,
    2.18,
    2.36,
    3.36,
    2.36,
    2.18,
    2.4,
    3.4,
    2.2,
    1.4,
    2.0,
    1.0,
    0.0,
    0.1,
    1.0,
    1.0,
    0.0,
    0.0,
    0.0,
    0.0,
    0.0,
    0.0,
    0.1,
    1.1,
    2.1,
    2.1,
    2.1,
    2.1,
    2.1,
    2.1,
    2.36,
    4.48,
    3.48,
    3.36,
    3.36,
    3.24,
    2.24,
    2.12,
    2.14,
    2.14,
    2.2800000000000002,
    3.42,
    3.42,
    3.42,
    3.42,
    3.42,
    3.48,
    3.32,
    2.32,
    2.16,
    2.16,
    2.16,
    2.16,
    2.16,
    2.36,
    3.36,
    2.36,
    2.18,
    2.18,
    2.18,
    2.18,
    2.18,
    2.2,
    2.2,
    2.4,
    3.4,
    2.4,
    2.2,
    2.2,
    2.2,
    2.2199999999999998,
    2.2199999999999998,
    2.2199999999999998,
    2.2199999999999998,
    2.2199999999999998,
    2.2199999999999998,
    2.2199999999999998,
    2.2199999999999998,
    2.2399999999999998,
    2.2399999999999998,
    2.2399999999999998,
    2.2399999999999998,
    2.2399999999999998,
    2.2399999999999998,
    2.2399999999999998,
    2.2399999999999998,
    2.25,
    2.25,
    2.25,
    2.25,
    2.5,
    3.5,
    2.5,
    2.25,
    2.25,
    2.25,
    2.75,
    5.0,
    4.0,
    3.75,
    3.75,
    3.75,
    3.25,
    2.25,
    1.25,
    1.5,
    1.5,
    2.25,
    2.5,
    3.5,
    3.75,
    3.75,
    3.75,
    3.75,
    2.5,
    2.25,
    2.25,
    2.25,
    2.25,
    2.25,
    2.25,
    2.25,
    2.25,
    2.25,
    2.25,
    2.25,
    2.25,
    2.25,
    2.25,
    2.25,
    2.75,
    5.0,
    4.0,
    3.75,
    3.75,
    3.75,
    3.75,
    3.75,
    3.75,
    3.75,
    3.75,
    3.75,
    3.75,
    3.75,
    3.75,
    3.75,
    3.75,
    3.75,
    3.25,
    2.5
  ],
  "gedig_auc": 0.32913937282229966,
  "step_limit": 2500,
  "meta": {
    "gedig_version": "R2_frontier",
    "frontier_weight": 0.2,
    "gedig_assumed_max": 7.0,
    "n1_hist": [
      27,
      321,
      59,
      3,
      0
    ],
    "n2_hist": [
      27,
      283,
      55,
      39,
      6,
      0,
      0,
      0,
      0
    ],
    "n2_longest_zero_streak": 10,
    "n2_mean_zero_streak": 6.75,
    "n2_zero_fraction": 0.06585365853658537,
    "adaptive": true,
    "adaptive_fw_min": 0.1,
    "adaptive_fw_max": 0.25,
    "adaptive_fw_final": 0.25,
    "adaptive_fw_avg": 0.21464634146341463,
    "adaptive_drop_events": 4,
    "adaptive_raise_events": 14,
    "adaptive_params": {
      "drop_threshold": 3,
      "recover_threshold": 8,
      "linear_raise_step": 0.02
    }
  }
}