{
  "seed": 0,
  "maze_size": [
    32,
    32
  ],
  "policy": "gedig_r2_adaptive_0.1_0.25",
  "success": true,
  "steps": 260,
  "unique_cells": 219,
  "path_efficiency": 0.23846153846153847,
  "exploration_ratio": 0.8423076923076923,
  "gedig_series": [
    2.25,
    2.25,
    2.25,
    2.25,
    2.25,
    2.25,
    2.25,
    2.25,
    2.25,
    2.25,
    2.25,
    2.25,
    2.25,
    2.25,
    2.25,
    2.25,
    2.25,
    2.25,
    2.25,
    2.25,
    2.25,
    2.25,
    2.25,
    2.25,
    2.5,
    3.5,
    2.5,
    2.25,
    2.25,
    2.25,
    2.25,
    2.25,
    2.25,
    2.25,
    2.25,
    2.25,
    2.25,
    2.25,
    2.25,
    2.25,
    2.25,
    2.25,
    2.25,
    2.25,
    2.25,
    2.25,
    2.25,
    2.25,
    2.25,
    2.25,
    2.5,
    3.5,
    2.5,
    2.25,
    2.25,
    2.25,
    2.25,
    2.25,
    2.25,
    2.25,
    2.25,
    2.25,
    2.25,
    2.25,
    2.25,
    2.25,
    2.25,
    2.25,
    2.25,
    2.25,
    2.25,
    2.25,
    2.5,
    3.5,
    2.5,
    2.25,
    2.25,
    2.25,
    2.25,
    2.25,
    2.25,
    2.25,
    2.25,
    2.25,
    2.25,
    2.25,
    2.75,
    5.0,
    4.0,
    3.75,
    3.75,
    2.75,
    3.5,
    3.75,
    3.75,
    3.75,
    3.75,
    3.75,
    3.75,
    3.75,
    3.75,
    3.75,
    3.75,
    3.5,
    2.75,
    3.5,
    2.5,
    2.25,
    2.25,
    2.25,
    2.25,
    2.25,
    2.25,
    2.25,
    2.25,
    2.25,
    2.5,
    3.5,
    2.5,
    2.25,
    2.25,
    2.0,
    1.0,
    0.25,
    1.5,
    2.75,
    3.75,
    3.75,
    3.75,
    2.75,
    3.75,
    3.75,
    3.75,
    3.75,
    3.75,
    3.75,
    3.75,
    2.75,
    3.75,
    3.75,
    3.75,
    3.75,
    3.75,
    3.75,
    4.0,
    5.0,
    4.0,
    3.75,
    3.75,
    2.75,
    3.75,
    3.75,
    3.75,
    3.75,
    4.0,
    5.0,
    4.0,
    3.75,
    3.75,
    3.75,
    3.75,
    3.75,
    3.75,
    3.75,
    3.75,
    3.75,
    3.75,
    3.75,
    3.75,
    3.75,
    3.75,
    2.75,
    3.5,
    3.75,
    3.75,
    3.75,
    3.75,
    3.75,
    3.5,
    2.75,
    3.75,
    3.75,
    3.75,
    3.5,
    2.5,
    2.25,
    2.5,
    3.5,
    2.5,
    2.25,
    2.25,
    2.25,
    2.25,
    2.25,
    2.25,
    2.25,
    2.25,
    2.25,
    2.25,
    2.25,
    2.0,
    1.0,
    0.25,
    1.25,
    2.25,
    2.25,
    2.0,
    1.0,
    0.25,
    1.25,
    2.0,
    1.0,
    0.25,
    1.25,
    2.0,
    1.0,
    0.5,
    2.5,
    2.5,
    2.25,
    2.25,
    2.25,
    2.25,
    2.25,
    2.0,
    1.0,
    0.0,
    0.0,
    0.0,
    0.0,
    0.0,
    0.0,
    0.0,
    0.0,
    0.0,
    0.0,
    0.0,
    0.0,
    0.0,
    0.0,
    0.0,
    0.0,
    0.0,
    0.0,
    0.0,
    0.0,
    0.0,
    0.0,
    0.0,
    0.0,
    0.0,
    0.0,
    0.0,
    0.0,
    0.0,
    0.1,
    1.2,
    2.1,
    2.1,
    2.0
  ],
  "gedig_auc": 0.3385989010989011,
  "step_limit": 2500,
  "meta": {
    "gedig_version": "R2_frontier",
    "frontier_weight": 0.2,
    "gedig_assumed_max": 7.0,
    "n1_hist": [
      41,
      142,
      74,
      3,
      0
    ],
    "n2_hist": [
      42,
      117,
      28,
      65,
      8,
      0,
      0,
      0,
      0
    ],
    "n2_longest_zero_streak": 31,
    "n2_mean_zero_streak": 6.0,
    "n2_zero_fraction": 0.16153846153846155,
    "adaptive": true,
    "adaptive_fw_min": 0.1,
    "adaptive_fw_max": 0.25,
    "adaptive_fw_final": 0.1,
    "adaptive_fw_avg": 0.23125000000000018,
    "adaptive_drop_events": 2,
    "adaptive_raise_events": 0,
    "adaptive_params": {
      "drop_threshold": 3,
      "recover_threshold": 8,
      "linear_raise_step": 0.02
    }
  }
}