{
  "seed": 6,
  "maze_size": [
    8,
    8
  ],
  "policy": "gedig_simple",
  "success": true,
  "steps": 44,
  "unique_cells": 38,
  "path_efficiency": 0.3181818181818182,
  "exploration_ratio": 0.8636363636363636,
  "gedig_series": [
    2.0,
    2.0,
    2.0,
    2.0,
    2.0,
    2.0,
    2.0,
    4.0,
    3.0,
    3.0,
    2.0,
    3.0,
    3.0,
    3.0,
    3.0,
    4.0,
    3.0,
    3.0,
    3.0,
    3.0,
    3.0,
    3.0,
    3.0,
    2.0,
    2.0,
    2.0,
    2.0,
    3.0,
    2.0,
    3.0,
    2.0,
    1.0,
    0.0,
    1.0,
    1.0,
    0.0,
    1.0,
    1.0,
    0.0,
    1.0,
    1.0,
    1.0,
    2.0,
    1.0
  ],
  "gedig_auc": 0.41818181818181815,
  "step_limit": 500,
  "meta": {
    "gedig_version": "R1_local",
    "frontier_weight": 0.6,
    "gedig_assumed_max": 5,
    "n1_hist": [
      8,
      19,
      15,
      2,
      0
    ],
    "n2_hist": [
      7,
      15,
      8,
      10,
      4,
      0,
      0,
      0,
      0
    ],
    "n2_longest_zero_streak": 2,
    "n2_mean_zero_streak": 1.4,
    "n2_zero_fraction": 0.1590909090909091
  }
}