{
  "seed": 3,
  "maze_size": [
    20,
    20
  ],
  "policy": "gedig_r2",
  "success": true,
  "steps": 244,
  "unique_cells": 170,
  "path_efficiency": 0.1557377049180328,
  "exploration_ratio": 0.6967213114754098,
  "gedig_series": [
    2.2,
    2.2,
    2.2,
    2.2,
    2.2,
    2.2,
    2.2,
    2.2,
    2.2,
    2.2,
    2.2,
    2.2,
    2.2,
    2.2,
    2.2,
    2.2,
    2.2,
    2.2,
    2.2,
    2.2,
    2.2,
    2.2,
    2.4,
    3.4,
    2.4,
    2.2,
    2.4,
    3.4,
    2.4,
    2.2,
    2.2,
    2.2,
    2.2,
    2.2,
    2.2,
    2.2,
    2.2,
    2.2,
    2.2,
    2.2,
    2.2,
    2.2,
    2.4,
    3.4,
    2.6,
    3.4,
    3.6,
    3.6,
    3.6,
    3.6,
    3.6,
    3.6,
    3.6,
    3.6,
    2.4,
    2.2,
    2.2,
    2.2,
    2.4,
    3.6,
    3.6,
    3.6,
    3.6,
    3.4,
    2.4,
    2.2,
    2.2,
    2.2,
    2.2,
    2.2,
    2.2,
    2.2,
    2.2,
    2.2,
    2.2,
    2.2,
    2.2,
    2.2,
    2.2,
    2.2,
    2.2,
    2.2,
    2.4,
    3.4,
    2.4,
    2.2,
    2.2,
    2.2,
    2.2,
    2.2,
    2.2,
    2.2,
    2.4,
    3.4,
    2.6,
    3.4,
    2.4,
    2.2,
    2.0,
    1.0,
    0.0,
    0.0,
    0.0,
    0.0,
    0.0,
    0.0,
    0.2,
    1.2,
    2.2,
    2.2,
    2.2,
    2.2,
    2.2,
    2.2,
    2.2,
    2.2,
    2.2,
    2.2,
    2.2,
    2.2,
    2.2,
    2.2,
    2.4,
    3.4,
    2.6,
    3.4,
    3.6,
    3.6,
    3.6,
    3.6,
    3.6,
    3.6,
    3.6,
    3.6,
    3.6,
    3.6,
    2.6,
    3.4,
    2.4,
    2.2,
    2.4,
    3.6,
    3.6,
    3.6,
    3.6,
    2.6,
    3.4,
    3.6,
    3.6,
    3.6,
    3.8,
    4.8,
    4.0,
    4.8,
    3.8,
    3.6,
    3.6,
    2.6,
    3.2,
    2.4,
    2.4,
    3.4,
    2.4,
    2.2,
    2.2,
    2.2,
    2.2,
    2.2,
    2.0,
    1.0,
    0.0,
    0.0,
    0.0,
    0.0,
    0.0,
    0.0,
    0.0,
    0.0,
    0.0,
    0.0,
    0.0,
    0.0,
    0.0,
    0.0,
    0.0,
    0.0,
    0.0,
    0.0,
    0.0,
    0.0,
    0.0,
    0.0,
    0.0,
    0.0,
    0.0,
    0.0,
    0.0,
    0.0,
    0.0,
    0.0,
    0.0,
    0.0,
    0.0,
    0.0,
    0.0,
    0.0,
    0.0,
    0.0,
    0.0,
    0.0,
    0.0,
    0.0,
    0.0,
    0.0,
    0.0,
    0.0,
    0.0,
    0.0,
    0.0,
    0.0,
    0.0,
    0.0,
    0.0,
    0.0,
    0.0,
    0.0,
    0.0,
    0.0,
    0.0,
    0.0,
    0.0,
    0.0,
    0.2,
    1.2,
    2.2,
    2.0,
    1.0,
    0.2,
    1.4,
    2.6,
    3.4,
    2.4,
    2.2,
    2.0
  ],
  "gedig_auc": 0.28067560854446105,
  "step_limit": 1200,
  "meta": {
    "gedig_version": "R2_frontier",
    "frontier_weight": 0.2,
    "gedig_assumed_max": 6.6,
    "n1_hist": [
      74,
      118,
      50,
      2,
      0
    ],
    "n2_hist": [
      75,
      92,
      34,
      38,
      4,
      1,
      0,
      0,
      0
    ],
    "n2_longest_zero_streak": 64,
    "n2_mean_zero_streak": 18.75,
    "n2_zero_fraction": 0.3073770491803279
  }
}