{
  "seed": 5,
  "maze_size": [
    20,
    20
  ],
  "policy": "gedig_r2",
  "success": true,
  "steps": 150,
  "unique_cells": 120,
  "path_efficiency": 0.25333333333333335,
  "exploration_ratio": 0.8,
  "gedig_series": [
    2.2,
    2.2,
    2.2,
    2.2,
    2.2,
    2.2,
    2.2,
    2.2,
    2.2,
    2.2,
    2.2,
    2.2,
    2.2,
    2.2,
    2.2,
    2.2,
    2.2,
    2.2,
    2.2,
    2.2,
    2.2,
    2.2,
    2.2,
    2.2,
    2.4,
    3.4,
    2.4,
    2.2,
    2.2,
    2.2,
    2.2,
    2.2,
    2.4,
    3.4,
    2.4,
    2.2,
    2.0,
    1.0,
    0.0,
    0.0,
    0.2,
    1.2,
    2.2,
    2.2,
    2.0,
    1.0,
    0.0,
    0.0,
    0.0,
    0.0,
    0.0,
    0.0,
    0.0,
    0.0,
    0.0,
    0.0,
    0.0,
    0.0,
    0.0,
    0.0,
    0.2,
    1.2,
    2.2,
    2.2,
    2.4,
    3.4,
    3.6,
    3.6,
    3.6,
    3.6,
    3.6,
    2.6,
    3.6,
    3.6,
    3.6,
    3.6,
    3.6,
    3.6,
    3.6,
    2.6,
    3.6,
    3.6,
    3.6,
    3.6,
    3.6,
    3.6,
    3.8,
    4.8,
    4.0,
    4.8,
    3.8,
    3.6,
    3.6,
    3.6,
    3.6,
    3.6,
    3.6,
    3.6,
    3.6,
    3.6,
    3.6,
    3.6,
    3.6,
    3.6,
    3.6,
    3.6,
    3.6,
    3.6,
    2.4,
    2.2,
    2.2,
    2.2,
    2.2,
    2.2,
    2.4,
    3.4,
    2.4,
    2.2,
    2.2,
    2.2,
    2.2,
    2.2,
    2.2,
    2.0,
    1.0,
    0.2,
    1.2,
    2.2,
    2.0,
    1.0,
    0.2,
    1.2,
    2.2,
    2.2,
    2.0,
    1.0,
    0.2,
    1.2,
    2.2,
    2.0,
    1.2,
    1.4,
    2.0,
    1.0,
    0.0,
    0.2,
    1.4,
    2.6,
    3.4,
    2.4
  ],
  "gedig_auc": 0.33595959595959596,
  "step_limit": 1200,
  "meta": {
    "gedig_version": "R2_frontier",
    "frontier_weight": 0.2,
    "gedig_assumed_max": 6.6,
    "n1_hist": [
      30,
      74,
      44,
      2,
      0
    ],
    "n2_hist": [
      30,
      61,
      16,
      38,
      4,
      1,
      0,
      0,
      0
    ],
    "n2_longest_zero_streak": 16,
    "n2_mean_zero_streak": 4.285714285714286,
    "n2_zero_fraction": 0.2
  }
}