{
  "metrics": [
    "loop_redundancy",
    "clipped_redundancy",
    "unique_coverage",
    "backtrack_rate",
    "mean_geDIG",
    "geDIG_low_frac"
  ],
  "algo_means": {
    "loop_redundancy": {
      "simple": {
        "mean": 3.228552691979802,
        "ci_low": 2.652173913043478,
        "ci_high": 3.9411764705882355
      },
      "dfs": {
        "mean": 1.0,
        "ci_low": 1.0,
        "ci_high": 1.0
      },
      "random": {
        "mean": 2.2073586376446603,
        "ci_low": 1.8440366972477065,
        "ci_high": 2.68
      }
    },
    "clipped_redundancy": {
      "simple": {
        "mean": 3.228552691979802,
        "ci_low": 2.652173913043478,
        "ci_high": 3.9411764705882355
      },
      "dfs": {
        "mean": 1.0,
        "ci_low": 1.0,
        "ci_high": 1.0
      },
      "random": {
        "mean": 2.2073586376446603,
        "ci_low": 1.8440366972477065,
        "ci_high": 2.68
      }
    },
    "unique_coverage": {
      "simple": {
        "mean": 0.7390370551613517,
        "ci_low": 0.6616915422885572,
        "ci_high": 0.8688524590163934
      },
      "dfs": {
        "mean": 1.0,
        "ci_low": 1.0,
        "ci_high": 1.0
      },
      "random": {
        "mean": 0.73386959284574,
        "ci_low": 0.7289719626168224,
        "ci_high": 0.7412935323383084
      }
    },
    "backtrack_rate": {
      "simple": {
        "mean": 0.1134798534798535,
        "ci_low": 0.06043956043956044,
        "ci_high": 0.165
      },
      "dfs": {
        "mean": 0.0,
        "ci_low": 0.0,
        "ci_high": 0.0
      },
      "random": {
        "mean": 0.14345911949685533,
        "ci_low": 0.135,
        "ci_high": 0.16037735849056603
      }
    },
    "mean_geDIG": {
      "simple": {
        "mean": -0.036803008877449105,
        "ci_low": -0.03999592894450148,
        "ci_high": -0.03505681051152504
      }
    },
    "geDIG_low_frac": {
      "simple": {
        "mean": 1.0,
        "ci_low": 1.0,
        "ci_high": 1.0
      }
    }
  },
  "diffs_simple_minus": {
    "loop_redundancy": {
      "dfs": {
        "mean_diff": 2.228552691979802,
        "ci_low": 1.652173913043478,
        "ci_high": 2.9411764705882355
      },
      "random": {
        "mean_diff": 1.0211940543351417,
        "ci_low": 0.3128721009027915,
        "ci_high": 1.7338178329435752
      }
    },
    "clipped_redundancy": {
      "dfs": {
        "mean_diff": 2.228552691979802,
        "ci_low": 1.652173913043478,
        "ci_high": 2.9411764705882355
      },
      "random": {
        "mean_diff": 1.0211940543351417,
        "ci_low": 0.26559643255295384,
        "ci_high": 1.7338178329435752
      }
    },
    "unique_coverage": {
      "dfs": {
        "mean_diff": -0.26096294483864835,
        "ci_low": -0.3383084577114428,
        "ci_high": -0.1311475409836066
      },
      "random": {
        "mean_diff": 0.005167462315611604,
        "ci_low": -0.07138761023542728,
        "ci_high": 0.13498286617065336
      }
    },
    "backtrack_rate": {
      "dfs": {
        "mean_diff": 0.1134798534798535,
        "ci_low": 0.06043956043956044,
        "ci_high": 0.165
      },
      "random": {
        "mean_diff": -0.029979266017001835,
        "ci_low": -0.08301955905729488,
        "ci_high": 0.021540880503144677
      }
    },
    "mean_geDIG": {},
    "geDIG_low_frac": {}
  }
}