document_count,system,construction_time,memory_usage_mb,retrieval_accuracy,knowledge_retention,facts_extracted,efficiency_score
50,Baseline_RAG,0.1,1.0,0.6233992863199839,0.718375883979081,150,4429.5804530325795
50,InsightSpike_Dynamic,0.06130480766296387,0.5,0.9109315550462012,0.9069743124653529,300,26468.01962472701
100,Baseline_RAG,0.1,1.0,0.6418232241214048,0.806955016290247,300,5122.822427833031
100,InsightSpike_Dynamic,0.1251511573791504,0.5,0.8305341208902493,0.8542012431885176,600,11225.061090778374
