document_count,system,construction_time,memory_usage_mb,retrieval_accuracy,knowledge_retention,facts_extracted,efficiency_score
50,Baseline_RAG,0.1,1.0,0.6749080237694725,0.8426071459614874,150,5624.8931632219565
50,InsightSpike_Dynamic,0.061090946197509766,0.5,0.7519610817243928,0.8305395007257308,300,20076.576246152465
100,Baseline_RAG,0.1,1.0,0.746398788362281,0.7897987726295554,300,5830.850802076309
100,InsightSpike_Dynamic,0.12592005729675293,0.5,0.8631926445257431,0.86071692124586,600,11684.22971319557
