{
  "metrics": [
    "loop_redundancy",
    "clipped_redundancy",
    "unique_coverage",
    "backtrack_rate",
    "mean_geDIG",
    "geDIG_low_frac"
  ],
  "algo_means": {
    "loop_redundancy": {
      "simple": {
        "mean": 2.9137093578733197,
        "ci_low": 1.9830508474576272,
        "ci_high": 4.276595744680851
      },
      "dfs": {
        "mean": 1.0,
        "ci_low": 1.0,
        "ci_high": 1.0
      },
      "random": {
        "mean": 16.053491436100135,
        "ci_low": 1.8695652173913044,
        "ci_high": 40.2
      }
    },
    "clipped_redundancy": {
      "simple": {
        "mean": 2.9137093578733197,
        "ci_low": 1.9830508474576272,
        "ci_high": 4.276595744680851
      },
      "dfs": {
        "mean": 1.0,
        "ci_low": 1.0,
        "ci_high": 1.0
      },
      "random": {
        "mean": 16.053491436100135,
        "ci_low": 1.8695652173913044,
        "ci_high": 40.2
      }
    },
    "unique_coverage": {
      "simple": {
        "mean": 0.8914402347238167,
        "ci_low": 0.8706467661691543,
        "ci_high": 0.923076923076923
      },
      "dfs": {
        "mean": 1.0,
        "ci_low": 1.0,
        "ci_high": 1.0
      },
      "random": {
        "mean": 0.7367812102279302,
        "ci_low": 0.5373134328358209,
        "ci_high": 0.8372093023255814
      }
    },
    "backtrack_rate": {
      "simple": {
        "mean": 0.057241379310344835,
        "ci_low": 0.05000000000000001,
        "ci_high": 0.07
      },
      "dfs": {
        "mean": 0.0,
        "ci_low": 0.0,
        "ci_high": 0.0
      },
      "random": {
        "mean": 0.11885416666666666,
        "ci_low": 0.08,
        "ci_high": 0.17499999999999996
      }
    },
    "mean_geDIG": {
      "simple": {
        "mean": -0.0441214116595195,
        "ci_low": -0.0511084381092169,
        "ci_high": -0.03708715855579144
      }
    },
    "geDIG_low_frac": {
      "simple": {
        "mean": 1.0,
        "ci_low": 1.0,
        "ci_high": 1.0
      }
    }
  },
  "diffs_simple_minus": {
    "loop_redundancy": {
      "dfs": {
        "mean_diff": 1.9137093578733197,
        "ci_low": 0.9830508474576272,
        "ci_high": 3.2765957446808507
      },
      "random": {
        "mean_diff": -13.139782078226816,
        "ci_low": -36.68791922106023,
        "ci_high": 0.8780005958073971
      }
    },
    "clipped_redundancy": {
      "dfs": {
        "mean_diff": 1.9137093578733197,
        "ci_low": 0.9830508474576272,
        "ci_high": 3.2765957446808507
      },
      "random": {
        "mean_diff": -13.139782078226816,
        "ci_low": -37.28629064212669,
        "ci_high": 1.0441441404820153
      }
    },
    "unique_coverage": {
      "dfs": {
        "mean_diff": -0.10855976527618327,
        "ci_low": -0.12935323383084574,
        "ci_high": -0.07692307692307698
      },
      "random": {
        "mean_diff": 0.15465902449588653,
        "ci_low": 0.03767981796444131,
        "ci_high": 0.33665008291873966
      }
    },
    "backtrack_rate": {
      "dfs": {
        "mean_diff": 0.057241379310344835,
        "ci_low": 0.05000000000000001,
        "ci_high": 0.07
      },
      "random": {
        "mean_diff": -0.06161278735632183,
        "ci_low": -0.10499999999999995,
        "ci_high": -0.022758620689655167
      }
    },
    "mean_geDIG": {},
    "geDIG_low_frac": {}
  }
}