{
  "metrics": [
    "loop_redundancy",
    "clipped_redundancy",
    "unique_coverage",
    "backtrack_rate",
    "mean_geDIG",
    "geDIG_low_frac"
  ],
  "algo_means": {
    "loop_redundancy": {
      "simple": {
        "mean": 8.602548192272689,
        "ci_low": 1.588235294117647,
        "ci_high": 22.333333333333332
      },
      "dfs": {
        "mean": 1.0,
        "ci_low": 1.0,
        "ci_high": 1.0
      },
      "random": {
        "mean": 2.2073586376446603,
        "ci_low": 1.8440366972477065,
        "ci_high": 2.68
      }
    },
    "clipped_redundancy": {
      "simple": {
        "mean": 8.602548192272689,
        "ci_low": 1.588235294117647,
        "ci_high": 22.333333333333332
      },
      "dfs": {
        "mean": 1.0,
        "ci_low": 1.0,
        "ci_high": 1.0
      },
      "random": {
        "mean": 2.2073586376446603,
        "ci_low": 1.8440366972477065,
        "ci_high": 2.68
      }
    },
    "unique_coverage": {
      "simple": {
        "mean": 0.855076675616037,
        "ci_low": 0.7512437810945274,
        "ci_high": 0.912751677852349
      },
      "dfs": {
        "mean": 1.0,
        "ci_low": 1.0,
        "ci_high": 1.0
      },
      "random": {
        "mean": 0.73386959284574,
        "ci_low": 0.7289719626168224,
        "ci_high": 0.7412935323383084
      }
    },
    "backtrack_rate": {
      "simple": {
        "mean": 0.06268018018018018,
        "ci_low": 0.0375,
        "ci_high": 0.11
      },
      "dfs": {
        "mean": 0.0,
        "ci_low": 0.0,
        "ci_high": 0.0
      },
      "random": {
        "mean": 0.14345911949685533,
        "ci_low": 0.135,
        "ci_high": 0.16037735849056603
      }
    },
    "mean_geDIG": {
      "simple": {
        "mean": -0.05705557404215045,
        "ci_low": -0.06189374987800558,
        "ci_high": -0.05114244607597898
      }
    },
    "geDIG_low_frac": {
      "simple": {
        "mean": 1.0,
        "ci_low": 1.0,
        "ci_high": 1.0
      }
    }
  },
  "diffs_simple_minus": {
    "loop_redundancy": {
      "dfs": {
        "mean_diff": 7.602548192272689,
        "ci_low": 0.588235294117647,
        "ci_high": 21.333333333333332
      },
      "random": {
        "mean_diff": 6.395189554628029,
        "ci_low": -0.7984975593612975,
        "ci_high": 19.847320261437908
      }
    },
    "clipped_redundancy": {
      "dfs": {
        "mean_diff": 7.602548192272689,
        "ci_low": 0.588235294117647,
        "ci_high": 21.333333333333332
      },
      "random": {
        "mean_diff": 6.395189554628029,
        "ci_low": -0.7984975593612975,
        "ci_high": 19.931987767584097
      }
    },
    "unique_coverage": {
      "dfs": {
        "mean_diff": -0.14492332438396305,
        "ci_low": -0.24875621890547261,
        "ci_high": -0.08724832214765099
      },
      "random": {
        "mean_diff": 0.1212070827702969,
        "ci_low": 0.018164628570542907,
        "ci_high": 0.17915023826339949
      }
    },
    "backtrack_rate": {
      "dfs": {
        "mean_diff": 0.06268018018018018,
        "ci_low": 0.0375,
        "ci_high": 0.11
      },
      "random": {
        "mean_diff": -0.08077893931667515,
        "ci_low": -0.11340472548019717,
        "ci_high": -0.03345911949685533
      }
    },
    "mean_geDIG": {},
    "geDIG_low_frac": {}
  }
}