{
  "seed": 3,
  "maze_size": [
    8,
    8
  ],
  "policy": "gedig_simple",
  "success": true,
  "steps": 104,
  "unique_cells": 46,
  "path_efficiency": 0.1346153846153846,
  "exploration_ratio": 0.4423076923076923,
  "gedig_series": [
    2.0,
    2.0,
    2.0,
    2.0,
    2.0,
    2.0,
    2.0,
    2.0,
    2.0,
    4.0,
    3.0,
    4.0,
    3.0,
    3.0,
    3.0,
    3.0,
    3.0,
    3.0,
    3.0,
    3.0,
    2.0,
    2.0,
    2.0,
    2.0,
    2.0,
    2.0,
    2.0,
    1.0,
    0.0,
    0.0,
    0.0,
    0.0,
    0.0,
    0.0,
    0.0,
    0.0,
    0.0,
    0.0,
    0.0,
    0.0,
    0.0,
    1.0,
    1.0,
    0.0,
    1.0,
    2.0,
    2.0,
    2.0,
    1.0,
    1.0,
    3.0,
    2.0,
    2.0,
    3.0,
    3.0,
    3.0,
    3.0,
    2.0,
    2.0,
    1.0,
    0.0,
    0.0,
    0.0,
    1.0,
    1.0,
    0.0,
    0.0,
    0.0,
    0.0,
    0.0,
    0.0,
    0.0,
    0.0,
    0.0,
    0.0,
    0.0,
    0.0,
    0.0,
    0.0,
    0.0,
    0.0,
    0.0,
    0.0,
    0.0,
    0.0,
    0.0,
    0.0,
    0.0,
    0.0,
    0.0,
    0.0,
    0.0,
    0.0,
    0.0,
    0.0,
    0.0,
    0.0,
    0.0,
    0.0,
    0.0,
    0.0,
    0.0,
    1.0,
    1.0
  ],
  "gedig_auc": 0.20576923076923076,
  "step_limit": 500,
  "meta": {
    "gedig_version": "R1_local",
    "frontier_weight": 0.15,
    "gedig_assumed_max": 5,
    "n1_hist": [
      60,
      28,
      14,
      2,
      0
    ],
    "n2_hist": [
      60,
      24,
      9,
      8,
      2,
      1,
      0,
      0,
      0
    ],
    "n2_longest_zero_streak": 38,
    "n2_mean_zero_streak": 10.0,
    "n2_zero_fraction": 0.5769230769230769
  }
}