{
  "seed": 5,
  "maze_size": [
    8,
    8
  ],
  "policy": "gedig_simple",
  "success": true,
  "steps": 54,
  "unique_cells": 32,
  "path_efficiency": 0.25925925925925924,
  "exploration_ratio": 0.5925925925925926,
  "gedig_series": [
    2.0,
    2.0,
    2.0,
    2.0,
    2.0,
    2.0,
    2.0,
    2.0,
    2.0,
    2.0,
    2.0,
    2.0,
    2.0,
    4.0,
    3.0,
    3.0,
    3.0,
    3.0,
    3.0,
    3.0,
    2.0,
    2.0,
    2.0,
    1.0,
    0.0,
    0.0,
    0.0,
    0.0,
    0.0,
    0.0,
    0.0,
    0.0,
    0.0,
    0.0,
    0.0,
    0.0,
    0.0,
    0.0,
    0.0,
    0.0,
    0.0,
    0.0,
    0.0,
    1.0,
    1.0,
    0.0,
    1.0,
    2.0,
    1.0,
    1.0,
    3.0,
    4.0,
    3.0,
    2.0
  ],
  "gedig_auc": 0.2740740740740741,
  "step_limit": 500,
  "meta": {
    "gedig_version": "R1_local",
    "frontier_weight": 0.15,
    "gedig_assumed_max": 5,
    "n1_hist": [
      23,
      21,
      8,
      2,
      0
    ],
    "n2_hist": [
      22,
      18,
      6,
      5,
      3,
      0,
      0,
      0,
      0
    ],
    "n2_longest_zero_streak": 20,
    "n2_mean_zero_streak": 7.333333333333333,
    "n2_zero_fraction": 0.4074074074074074
  }
}