{
  "seed": 2,
  "maze_size": [
    20,
    20
  ],
  "policy": "gedig_simple",
  "success": true,
  "steps": 58,
  "unique_cells": 59,
  "path_efficiency": 0.6551724137931034,
  "exploration_ratio": 1.0172413793103448,
  "gedig_series": [
    2.0,
    2.0,
    2.0,
    2.0,
    2.0,
    2.0,
    2.0,
    2.0,
    2.0,
    2.0,
    2.0,
    2.0,
    2.0,
    2.0,
    2.0,
    2.0,
    2.0,
    2.0,
    2.0,
    2.0,
    2.0,
    2.0,
    2.0,
    2.0,
    2.0,
    2.0,
    2.0,
    2.0,
    2.0,
    2.0,
    2.0,
    2.0,
    2.0,
    2.0,
    2.0,
    2.0,
    2.0,
    2.0,
    2.0,
    4.0,
    3.0,
    3.0,
    3.0,
    3.0,
    3.0,
    3.0,
    3.0,
    3.0,
    3.0,
    2.0,
    2.0,
    2.0,
    2.0,
    4.0,
    3.0,
    3.0,
    3.0,
    2.0
  ],
  "gedig_auc": 0.45517241379310347,
  "step_limit": 1200,
  "meta": {
    "gedig_version": "R1_local",
    "frontier_weight": 0.2,
    "gedig_assumed_max": 5,
    "n1_hist": [
      0,
      44,
      12,
      2,
      0
    ],
    "n2_hist": [
      0,
      40,
      5,
      9,
      4,
      0,
      0,
      0,
      0
    ],
    "n2_longest_zero_streak": 0,
    "n2_mean_zero_streak": 0.0,
    "n2_zero_fraction": 0.0
  }
}