{
  "seed": 6,
  "maze_size": [
    20,
    20
  ],
  "policy": "gedig_simple",
  "success": true,
  "steps": 96,
  "unique_cells": 94,
  "path_efficiency": 0.3958333333333333,
  "exploration_ratio": 0.9791666666666666,
  "gedig_series": [
    2.0,
    2.0,
    2.0,
    2.0,
    2.0,
    2.0,
    2.0,
    2.0,
    2.0,
    2.0,
    2.0,
    2.0,
    2.0,
    2.0,
    2.0,
    2.0,
    2.0,
    2.0,
    2.0,
    2.0,
    2.0,
    2.0,
    2.0,
    2.0,
    2.0,
    2.0,
    2.0,
    2.0,
    2.0,
    4.0,
    3.0,
    3.0,
    3.0,
    3.0,
    3.0,
    3.0,
    3.0,
    3.0,
    3.0,
    2.0,
    3.0,
    3.0,
    3.0,
    3.0,
    3.0,
    2.0,
    3.0,
    3.0,
    3.0,
    4.0,
    3.0,
    3.0,
    3.0,
    3.0,
    3.0,
    3.0,
    3.0,
    3.0,
    3.0,
    2.0,
    2.0,
    2.0,
    2.0,
    2.0,
    2.0,
    2.0,
    2.0,
    2.0,
    2.0,
    2.0,
    2.0,
    2.0,
    2.0,
    2.0,
    2.0,
    2.0,
    2.0,
    2.0,
    2.0,
    4.0,
    3.0,
    3.0,
    3.0,
    2.0,
    1.0,
    1.0,
    0.0,
    1.0,
    2.0,
    2.0,
    2.0,
    2.0,
    2.0,
    2.0,
    2.0,
    2.0
  ],
  "gedig_auc": 0.4625,
  "step_limit": 1200,
  "meta": {
    "gedig_version": "R1_local",
    "frontier_weight": 0.2,
    "gedig_assumed_max": 5,
    "n1_hist": [
      2,
      62,
      29,
      3,
      0
    ],
    "n2_hist": [
      1,
      59,
      4,
      25,
      7,
      0,
      0,
      0,
      0
    ],
    "n2_longest_zero_streak": 1,
    "n2_mean_zero_streak": 1.0,
    "n2_zero_fraction": 0.010416666666666666
  }
}