{
  "seed": 8,
  "maze_size": [
    20,
    20
  ],
  "policy": "gedig_simple",
  "success": true,
  "steps": 74,
  "unique_cells": 75,
  "path_efficiency": 0.5135135135135135,
  "exploration_ratio": 1.0135135135135136,
  "gedig_series": [
    2.0,
    2.0,
    2.0,
    2.0,
    2.0,
    2.0,
    2.0,
    2.0,
    2.0,
    2.0,
    2.0,
    2.0,
    2.0,
    2.0,
    2.0,
    2.0,
    2.0,
    2.0,
    2.0,
    3.0,
    2.0,
    2.0,
    2.0,
    2.0,
    2.0,
    2.0,
    2.0,
    2.0,
    2.0,
    2.0,
    2.0,
    2.0,
    2.0,
    2.0,
    2.0,
    2.0,
    2.0,
    2.0,
    2.0,
    2.0,
    2.0,
    2.0,
    2.0,
    2.0,
    2.0,
    2.0,
    2.0,
    2.0,
    2.0,
    2.0,
    2.0,
    2.0,
    2.0,
    4.0,
    3.0,
    3.0,
    3.0,
    3.0,
    3.0,
    2.0,
    3.0,
    3.0,
    3.0,
    3.0,
    2.0,
    2.0,
    2.0,
    4.0,
    3.0,
    3.0,
    3.0,
    2.0,
    3.0,
    1.0
  ],
  "gedig_auc": 0.44594594594594594,
  "step_limit": 1200,
  "meta": {
    "gedig_version": "R1_local",
    "frontier_weight": 0.2,
    "gedig_assumed_max": 5,
    "n1_hist": [
      1,
      57,
      14,
      2,
      0
    ],
    "n2_hist": [
      1,
      51,
      6,
      12,
      4,
      0,
      0,
      0,
      0
    ],
    "n2_longest_zero_streak": 1,
    "n2_mean_zero_streak": 1.0,
    "n2_zero_fraction": 0.013513513513513514
  }
}