{
  "seed": 4,
  "maze_size": [
    20,
    20
  ],
  "policy": "gedig_simple",
  "success": true,
  "steps": 218,
  "unique_cells": 103,
  "path_efficiency": 0.1743119266055046,
  "exploration_ratio": 0.4724770642201835,
  "gedig_series": [
    2.0,
    2.0,
    2.0,
    2.0,
    2.0,
    2.0,
    2.0,
    2.0,
    2.0,
    2.0,
    2.0,
    2.0,
    2.0,
    2.0,
    2.0,
    2.0,
    2.0,
    2.0,
    2.0,
    2.0,
    2.0,
    2.0,
    2.0,
    2.0,
    2.0,
    2.0,
    2.0,
    2.0,
    2.0,
    2.0,
    2.0,
    2.0,
    2.0,
    2.0,
    2.0,
    2.0,
    2.0,
    4.0,
    3.0,
    3.0,
    3.0,
    3.0,
    2.0,
    3.0,
    2.0,
    3.0,
    2.0,
    2.0,
    2.0,
    2.0,
    2.0,
    2.0,
    2.0,
    2.0,
    2.0,
    2.0,
    2.0,
    2.0,
    2.0,
    2.0,
    2.0,
    3.0,
    2.0,
    2.0,
    2.0,
    1.0,
    0.0,
    0.0,
    0.0,
    0.0,
    0.0,
    0.0,
    0.0,
    0.0,
    0.0,
    0.0,
    0.0,
    0.0,
    0.0,
    0.0,
    0.0,
    0.0,
    0.0,
    0.0,
    0.0,
    0.0,
    0.0,
    0.0,
    0.0,
    1.0,
    2.0,
    1.0,
    0.0,
    0.0,
    0.0,
    0.0,
    0.0,
    0.0,
    0.0,
    0.0,
    0.0,
    0.0,
    0.0,
    0.0,
    0.0,
    0.0,
    0.0,
    0.0,
    0.0,
    0.0,
    0.0,
    0.0,
    0.0,
    0.0,
    0.0,
    0.0,
    0.0,
    0.0,
    0.0,
    0.0,
    0.0,
    0.0,
    0.0,
    0.0,
    0.0,
    0.0,
    0.0,
    0.0,
    0.0,
    0.0,
    0.0,
    0.0,
    0.0,
    0.0,
    0.0,
    0.0,
    0.0,
    0.0,
    0.0,
    0.0,
    0.0,
    0.0,
    0.0,
    0.0,
    0.0,
    0.0,
    0.0,
    0.0,
    0.0,
    0.0,
    0.0,
    0.0,
    0.0,
    0.0,
    0.0,
    0.0,
    0.0,
    0.0,
    0.0,
    0.0,
    0.0,
    0.0,
    0.0,
    0.0,
    0.0,
    0.0,
    0.0,
    0.0,
    0.0,
    0.0,
    0.0,
    0.0,
    0.0,
    0.0,
    0.0,
    0.0,
    0.0,
    1.0,
    2.0,
    1.0,
    0.0,
    0.0,
    0.0,
    1.0,
    1.0,
    0.0,
    1.0,
    2.0,
    2.0,
    3.0,
    3.0,
    3.0,
    3.0,
    3.0,
    3.0,
    3.0,
    3.0,
    3.0,
    3.0,
    3.0,
    2.0,
    2.0,
    3.0,
    3.0,
    3.0,
    3.0,
    3.0,
    4.0,
    3.0,
    3.0,
    3.0,
    3.0,
    3.0,
    2.0,
    2.0,
    2.0,
    2.0,
    2.0
  ],
  "gedig_auc": 0.21651376146788992,
  "step_limit": 1200,
  "meta": {
    "gedig_version": "R1_local",
    "frontier_weight": 0.2,
    "gedig_assumed_max": 5,
    "n1_hist": [
      116,
      72,
      28,
      2,
      0
    ],
    "n2_hist": [
      116,
      63,
      14,
      20,
      5,
      0,
      0,
      0,
      0
    ],
    "n2_longest_zero_streak": 86,
    "n2_mean_zero_streak": 29.0,
    "n2_zero_fraction": 0.5321100917431193
  }
}