{
  "timestamp": "20250909_195219",
  "experiment": "Optimal geDIG-RAG Calibration",
  "target": "30-40% update rate",
  "configurations": [
    {
      "name": "Target 30%",
      "update_rate": 0.3684210526315789,
      "updates_applied": 7,
      "final_nodes": 20,
      "final_edges": 30,
      "avg_gedig": 0.8569210526315788,
      "in_target": true,
      "distance_from_35": 0.01842105263157895
    },
    {
      "name": "Target 35%",
      "update_rate": 0.42105263157894735,
      "updates_applied": 8,
      "final_nodes": 21,
      "final_edges": 30,
      "avg_gedig": 0.843336842105263,
      "in_target": false,
      "distance_from_35": 0.07105263157894737
    },
    {
      "name": "Target 40%",
      "update_rate": 0.47368421052631576,
      "updates_applied": 9,
      "final_nodes": 22,
      "final_edges": 30,
      "avg_gedig": 0.8092421052631579,
      "in_target": false,
      "distance_from_35": 0.12368421052631579
    }
  ]
}