{
  "experiment_name": "詳細ログ版実践的リアルタイム洞察実験",
  "timestamp": "2025-06-18T13:59:20.326950",
  "total_episodes": 500,
  "total_insights": 408,
  "insight_rate": 0.816,
  "total_time_seconds": 22.72442102432251,
  "avg_episodes_per_second": 22.002760794866354,
  "avg_processing_time": 0.0454427170753479,
  "parameters": {
    "memory_dim": 384,
    "topk": 10,
    "ged_threshold": 0.15,
    "ig_threshold": 0.1
  }
}