{
  "metrics": [
    "loop_redundancy",
    "clipped_redundancy",
    "unique_coverage",
    "backtrack_rate",
    "mean_geDIG",
    "geDIG_low_frac"
  ],
  "algo_means": {
    "loop_redundancy": {
      "simple": {
        "mean": 5.786215839477832,
        "ci_low": 2.2186301369863015,
        "ci_high": 11.209339127149063
      },
      "dfs": {
        "mean": 1.0,
        "ci_low": 1.0,
        "ci_high": 1.0
      },
      "random": {
        "mean": 10.152216838555223,
        "ci_low": 1.827068226420612,
        "ci_high": 20.236691035013468
      }
    },
    "clipped_redundancy": {
      "simple": {
        "mean": 5.786215839477832,
        "ci_low": 2.3660519321202207,
        "ci_high": 10.872066585746488
      },
      "dfs": {
        "mean": 1.0,
        "ci_low": 1.0,
        "ci_high": 1.0
      },
      "random": {
        "mean": 10.152216838555223,
        "ci_low": 1.9274527870245144,
        "ci_high": 19.88157837047863
      }
    },
    "unique_coverage": {
      "simple": {
        "mean": 0.7027640004153103,
        "ci_low": 0.6006023721858788,
        "ci_high": 0.8330481157746226
      },
      "dfs": {
        "mean": 1.0,
        "ci_low": 1.0,
        "ci_high": 1.0
      },
      "random": {
        "mean": 0.655344293295198,
        "ci_low": 0.48728179551122197,
        "ci_high": 0.8180229048232499
      }
    },
    "backtrack_rate": {
      "simple": {
        "mean": 0.11657936507936509,
        "ci_low": 0.07757142857142857,
        "ci_high": 0.1466111111111111
      },
      "dfs": {
        "mean": 0.0,
        "ci_low": 0.0,
        "ci_high": 0.0
      },
      "random": {
        "mean": 0.1808236808236808,
        "ci_low": 0.11713320463320462,
        "ci_high": 0.24750000000000005
      }
    },
    "mean_geDIG": {
      "simple": {
        "mean": 0.1420322953327935,
        "ci_low": 0.08248480300645825,
        "ci_high": 0.23118932905910214
      }
    },
    "geDIG_low_frac": {
      "simple": {
        "mean": 0.8994510211570212,
        "ci_low": 0.8242326029263252,
        "ci_high": 0.9487576880920965
      }
    }
  },
  "diffs_simple_minus": {
    "loop_redundancy": {
      "dfs": {
        "mean_diff": 4.786215839477832,
        "ci_low": 1.3660519321202207,
        "ci_high": 10.144
      },
      "random": {
        "mean_diff": -4.366000999077391,
        "ci_low": -14.630536351609809,
        "ci_high": 4.47408417889074
      }
    },
    "clipped_redundancy": {
      "dfs": {
        "mean_diff": 4.786215839477832,
        "ci_low": 1.2839692641353664,
        "ci_high": 10.143999999999998
      },
      "random": {
        "mean_diff": -4.366000999077391,
        "ci_low": -14.955585800326771,
        "ci_high": 4.806338131808456
      }
    },
    "unique_coverage": {
      "dfs": {
        "mean_diff": -0.2972359995846897,
        "ci_low": -0.39939762781412114,
        "ci_high": -0.1746307480077498
      },
      "random": {
        "mean_diff": 0.04741970712011223,
        "ci_low": -0.15204132662396852,
        "ci_high": 0.26172787998272506
      }
    },
    "backtrack_rate": {
      "dfs": {
        "mean_diff": 0.11657936507936509,
        "ci_low": 0.07904761904761905,
        "ci_high": 0.1466111111111111
      },
      "random": {
        "mean_diff": -0.06424431574431572,
        "ci_low": -0.14295238095238094,
        "ci_high": 0.01096374946374945
      }
    },
    "mean_geDIG": {},
    "geDIG_low_frac": {}
  }
}