{
  "static": {
    "method": "static",
    "queries_processed": 20,
    "updates_applied": 0,
    "update_rate": 0.0,
    "graph_nodes": 10,
    "graph_edges": 0,
    "avg_similarity": 0.40219494958017343,
    "similarity_history": [
      0.8144752136378717,
      0.8094416795860695,
      0.5532276937937474,
      0.10181843713744682,
      1.0,
      0.5658307329137812,
      0.03680744763239167,
      0.5658307329137812,
      1.0,
      0.03617313015071202,
      0.08244303179844487,
      0.13723669807396366,
      0.11882421073423816,
      0.08166063628770175,
      0.0962924746700457,
      0.5601394312093431,
      0.8094416795860695,
      0.5532276937937474,
      0.02661683073874154,
      0.09441123694537133
    ],
    "update_history": [
      0,
      0,
      0,
      0,
      0,
      0,
      0,
      0,
      0,
      0,
      0,
      0,
      0,
      0,
      0,
      0,
      0,
      0,
      0,
      0
    ],
    "gedig_scores": [],
    "final_nodes": 10,
    "final_edges": 0
  },
  "frequency": {
    "method": "frequency",
    "queries_processed": 20,
    "updates_applied": 13,
    "update_rate": 0.65,
    "graph_nodes": 23,
    "graph_edges": 6,
    "avg_similarity": 0.42918812146153584,
    "similarity_history": [
      0.8144752136378717,
      0.8094416795860695,
      0.5532276937937474,
      0.10181843713744682,
      1.0,
      0.6058718688044159,
      0.10422636693814015,
      0.6058718688044159,
      1.0,
      0.07000955471126227,
      0.08244303179844487,
      0.13723669807396366,
      0.11882421073423816,
      0.0828998266791434,
      0.0962924746700457,
      0.5601394312093431,
      0.8282414254325382,
      0.8276053359079852,
      0.09072607436627318,
      0.09441123694537133
    ],
    "update_history": [
      1,
      1,
      1,
      1,
      0,
      0,
      1,
      0,
      0,
      1,
      1,
      1,
      1,
      1,
      1,
      0,
      0,
      0,
      1,
      1
    ],
    "gedig_scores": [],
    "final_nodes": 23,
    "final_edges": 6
  },
  "cosine": {
    "method": "cosine",
    "queries_processed": 20,
    "updates_applied": 13,
    "update_rate": 0.65,
    "graph_nodes": 23,
    "graph_edges": 5,
    "avg_similarity": 0.44468163145594264,
    "similarity_history": [
      0.8144752136378717,
      0.8094416795860695,
      0.5532276937937474,
      0.10181843713744682,
      1.0,
      0.6058718688044159,
      0.10422636693814015,
      0.7332141804471616,
      1.0,
      0.0801427788646373,
      0.08244303179844487,
      0.13723669807396366,
      0.11882421073423816,
      0.0828998266791434,
      0.0962924746700457,
      0.5601394312093431,
      0.8282414254325382,
      1.0000000000000002,
      0.09072607436627318,
      0.09441123694537133
    ],
    "update_history": [
      0,
      0,
      1,
      1,
      0,
      1,
      1,
      0,
      0,
      1,
      1,
      1,
      1,
      1,
      1,
      1,
      0,
      0,
      1,
      1
    ],
    "gedig_scores": [],
    "final_nodes": 23,
    "final_edges": 5
  },
  "gedig": {
    "method": "gedig",
    "queries_processed": 20,
    "updates_applied": 0,
    "update_rate": 0.0,
    "graph_nodes": 10,
    "graph_edges": 0,
    "avg_similarity": 0.40219494958017343,
    "similarity_history": [
      0.8144752136378717,
      0.8094416795860695,
      0.5532276937937474,
      0.10181843713744682,
      1.0,
      0.5658307329137812,
      0.03680744763239167,
      0.5658307329137812,
      1.0,
      0.03617313015071202,
      0.08244303179844487,
      0.13723669807396366,
      0.11882421073423816,
      0.08166063628770175,
      0.0962924746700457,
      0.5601394312093431,
      0.8094416795860695,
      0.5532276937937474,
      0.02661683073874154,
      0.09441123694537133
    ],
    "update_history": [
      0,
      0,
      0,
      0,
      0,
      0,
      0,
      0,
      0,
      0,
      0,
      0,
      0,
      0,
      0,
      0,
      0,
      0,
      0,
      0
    ],
    "gedig_scores": [
      -0.05,
      -0.05,
      -0.05,
      -0.05,
      -0.05,
      -0.05,
      -0.05,
      -0.05,
      -0.05,
      -0.05,
      -0.05,
      -0.05,
      -0.05,
      -0.05,
      -0.05,
      -0.05,
      -0.05,
      -0.05
    ],
    "final_nodes": 10,
    "final_edges": 0
  }
}