{
  "static": {
    "method": "static",
    "queries_processed": 19,
    "updates_applied": 0,
    "update_rate": 0.0,
    "graph_nodes": 13,
    "graph_edges": 29,
    "avg_similarity": 0.17644042510401967,
    "similarity_history": [
      0.2005270459314639,
      0.18234985744750346,
      0.139586108082125,
      0.19116772696202616,
      0.17486576639639687,
      0.12592443290289893,
      0.3574478706861135,
      0.06140728751073925,
      0.11155106741771934,
      0.039609479228882465,
      0.20945625170488477,
      0.21131533859383114,
      0.07321337090738368,
      0.33647072704091824,
      0.06984548314738069,
      0.25271253108806085,
      0.22693281649604805,
      0.19447691623079905,
      0.19350799920119777
    ],
    "update_history": [
      0,
      0,
      0,
      0,
      0,
      0,
      0,
      0,
      0,
      0,
      0,
      0,
      0,
      0,
      0,
      0,
      0,
      0,
      0
    ],
    "summary": {
      "final_nodes": 13,
      "final_edges": 29,
      "total_updates": 0,
      "update_rate": 0.0,
      "avg_similarity": 0.17644042510401967
    }
  },
  "frequency": {
    "method": "frequency",
    "queries_processed": 19,
    "updates_applied": 19,
    "update_rate": 1.0,
    "graph_nodes": 32,
    "graph_edges": 31,
    "avg_similarity": 0.18841252812892678,
    "similarity_history": [
      0.2005270459314639,
      0.18234985744750346,
      0.139586108082125,
      0.19116772696202616,
      0.24062610351768252,
      0.12592443290289893,
      0.3574478706861135,
      0.06140728751073925,
      0.11155106741771934,
      0.10542672726310529,
      0.20945625170488477,
      0.25701504079498444,
      0.12340604102395779,
      0.33647072704091824,
      0.06984548314738069,
      0.25271253108806085,
      0.22693281649604805,
      0.19447691623079905,
      0.19350799920119777
    ],
    "update_history": [
      1,
      1,
      1,
      1,
      1,
      1,
      1,
      1,
      1,
      1,
      1,
      1,
      1,
      1,
      1,
      1,
      1,
      1,
      1
    ],
    "summary": {
      "final_nodes": 32,
      "final_edges": 31,
      "total_updates": 19,
      "update_rate": 1.0,
      "avg_similarity": 0.18841252812892678
    }
  },
  "cosine": {
    "method": "cosine",
    "queries_processed": 19,
    "updates_applied": 19,
    "update_rate": 1.0,
    "graph_nodes": 32,
    "graph_edges": 31,
    "avg_similarity": 0.18841252812892678,
    "similarity_history": [
      0.2005270459314639,
      0.18234985744750346,
      0.139586108082125,
      0.19116772696202616,
      0.24062610351768252,
      0.12592443290289893,
      0.3574478706861135,
      0.06140728751073925,
      0.11155106741771934,
      0.10542672726310529,
      0.20945625170488477,
      0.25701504079498444,
      0.12340604102395779,
      0.33647072704091824,
      0.06984548314738069,
      0.25271253108806085,
      0.22693281649604805,
      0.19447691623079905,
      0.19350799920119777
    ],
    "update_history": [
      1,
      1,
      1,
      1,
      1,
      1,
      1,
      1,
      1,
      1,
      1,
      1,
      1,
      1,
      1,
      1,
      1,
      1,
      1
    ],
    "summary": {
      "final_nodes": 32,
      "final_edges": 31,
      "total_updates": 19,
      "update_rate": 1.0,
      "avg_similarity": 0.18841252812892678
    }
  },
  "gedig": {
    "method": "gedig",
    "queries_processed": 19,
    "updates_applied": 0,
    "update_rate": 0.0,
    "graph_nodes": 13,
    "graph_edges": 29,
    "avg_similarity": 0.17644042510401967,
    "similarity_history": [
      0.2005270459314639,
      0.18234985744750346,
      0.139586108082125,
      0.19116772696202616,
      0.17486576639639687,
      0.12592443290289893,
      0.3574478706861135,
      0.06140728751073925,
      0.11155106741771934,
      0.039609479228882465,
      0.20945625170488477,
      0.21131533859383114,
      0.07321337090738368,
      0.33647072704091824,
      0.06984548314738069,
      0.25271253108806085,
      0.22693281649604805,
      0.19447691623079905,
      0.19350799920119777
    ],
    "update_history": [
      0,
      0,
      0,
      0,
      0,
      0,
      0,
      0,
      0,
      0,
      0,
      0,
      0,
      0,
      0,
      0,
      0,
      0,
      0
    ],
    "gedig_scores": [],
    "ig_values": [],
    "ged_values": [],
    "avg_gedig": 0,
    "positive_gedig_rate": 0.0,
    "summary": {
      "final_nodes": 13,
      "final_edges": 29,
      "total_updates": 0,
      "update_rate": 0.0,
      "avg_similarity": 0.17644042510401967,
      "avg_gedig": 0,
      "positive_rate": 0.0
    }
  }
}