{
  "static": {
    "method": "static",
    "queries_processed": 19,
    "updates_applied": 0,
    "update_rate": 0.0,
    "graph_nodes": 13,
    "graph_edges": 29,
    "avg_similarity": 0.17601996015583166,
    "similarity_history": [
      0.2694684955923401,
      0.15845575838215134,
      0.15414927776675094,
      0.24300549484612735,
      0.2557608405851498,
      0.20502514311324685,
      0.350904380928527,
      0.07629044441580189,
      0.08626113244043515,
      0.08142396911667397,
      0.06885836406511213,
      0.1788100148276329,
      0.050381282731909435,
      0.24208573874166808,
      0.08718303812120785,
      0.24386396417432796,
      0.23643374290301977,
      0.19105821007598028,
      0.1649599501327385
    ],
    "update_history": [
      0,
      0,
      0,
      0,
      0,
      0,
      0,
      0,
      0,
      0,
      0,
      0,
      0,
      0,
      0,
      0,
      0,
      0,
      0
    ],
    "summary": {
      "final_nodes": 13,
      "final_edges": 29,
      "total_updates": 0,
      "update_rate": 0.0,
      "avg_similarity": 0.17601996015583166
    }
  },
  "frequency": {
    "method": "frequency",
    "queries_processed": 19,
    "updates_applied": 19,
    "update_rate": 1.0,
    "graph_nodes": 32,
    "graph_edges": 31,
    "avg_similarity": 0.19186556756299297,
    "similarity_history": [
      0.2694684955923401,
      0.15845575838215134,
      0.15414927776675094,
      0.24300549484612735,
      0.2774474283385761,
      0.20502514311324685,
      0.350904380928527,
      0.16755113415643413,
      0.08626113244043515,
      0.08142396911667397,
      0.11900776117514536,
      0.3026684032469197,
      0.05646684397095264,
      0.24208573874166808,
      0.09520895459485192,
      0.24386396417432796,
      0.23643374290301977,
      0.19105821007598028,
      0.1649599501327385
    ],
    "update_history": [
      1,
      1,
      1,
      1,
      1,
      1,
      1,
      1,
      1,
      1,
      1,
      1,
      1,
      1,
      1,
      1,
      1,
      1,
      1
    ],
    "summary": {
      "final_nodes": 32,
      "final_edges": 31,
      "total_updates": 19,
      "update_rate": 1.0,
      "avg_similarity": 0.19186556756299297
    }
  },
  "cosine": {
    "method": "cosine",
    "queries_processed": 19,
    "updates_applied": 19,
    "update_rate": 1.0,
    "graph_nodes": 32,
    "graph_edges": 31,
    "avg_similarity": 0.19186556756299297,
    "similarity_history": [
      0.2694684955923401,
      0.15845575838215134,
      0.15414927776675094,
      0.24300549484612735,
      0.2774474283385761,
      0.20502514311324685,
      0.350904380928527,
      0.16755113415643413,
      0.08626113244043515,
      0.08142396911667397,
      0.11900776117514536,
      0.3026684032469197,
      0.05646684397095264,
      0.24208573874166808,
      0.09520895459485192,
      0.24386396417432796,
      0.23643374290301977,
      0.19105821007598028,
      0.1649599501327385
    ],
    "update_history": [
      1,
      1,
      1,
      1,
      1,
      1,
      1,
      1,
      1,
      1,
      1,
      1,
      1,
      1,
      1,
      1,
      1,
      1,
      1
    ],
    "summary": {
      "final_nodes": 32,
      "final_edges": 31,
      "total_updates": 19,
      "update_rate": 1.0,
      "avg_similarity": 0.19186556756299297
    }
  }
}