{
  "metrics": [
    "loop_redundancy",
    "clipped_redundancy",
    "unique_coverage",
    "backtrack_rate",
    "mean_geDIG",
    "geDIG_low_frac"
  ],
  "kind_means": {
    "loop_redundancy": {
      "normal": {
        "mean": 4.266838031793824,
        "ci_low": 2.645788379853113,
        "ci_high": 5.887887683734536
      },
      "random": {
        "mean": 6.873464081220087,
        "ci_low": 4.293458035531958,
        "ci_high": 10.157333333333334
      },
      "zero": {
        "mean": 8.613333333333333,
        "ci_low": 5.528,
        "ci_high": 11.378666666666666
      }
    },
    "clipped_redundancy": {
      "normal": {
        "mean": 4.266838031793824,
        "ci_low": 2.645788379853113,
        "ci_high": 5.887887683734536
      },
      "random": {
        "mean": 6.873464081220087,
        "ci_low": 4.5340004084133145,
        "ci_high": 10.20017204301075
      },
      "zero": {
        "mean": 8.613333333333333,
        "ci_low": 5.848,
        "ci_high": 11.378666666666666
      }
    },
    "unique_coverage": {
      "normal": {
        "mean": 0.7019724472949017,
        "ci_low": 0.5970425617912405,
        "ci_high": 0.8069023327985629
      },
      "random": {
        "mean": 0.33395709810236984,
        "ci_low": 0.23995282323455697,
        "ci_high": 0.4715603664947623
      },
      "zero": {
        "mean": 0.30032490467560513,
        "ci_low": 0.2691602239402826,
        "ci_high": 0.33834912316065313
      }
    },
    "backtrack_rate": {
      "normal": {
        "mean": 0.10309046094099017,
        "ci_low": 0.06386803844639752,
        "ci_high": 0.14231288343558282
      },
      "random": {
        "mean": 0.36563125486271486,
        "ci_low": 0.27726306603043227,
        "ci_high": 0.4362782402486296
      },
      "zero": {
        "mean": 0.35242321843233787,
        "ci_low": 0.33492277834266915,
        "ci_high": 0.37285870277353134
      }
    },
    "mean_geDIG": {
      "normal": {
        "mean": 0.12795125971534752,
        "ci_low": 0.08348373682755683,
        "ci_high": 0.17155147303065577
      },
      "random": {
        "mean": 0.07376965210820903,
        "ci_low": 0.058628485300267985,
        "ci_high": 0.09724064313626837
      },
      "zero": {
        "mean": 0.0647611368413843,
        "ci_low": 0.0634793741759417,
        "ci_high": 0.06639173138148771
      }
    },
    "geDIG_low_frac": {
      "normal": {
        "mean": 0.9135659092573073,
        "ci_low": 0.8784436207774868,
        "ci_high": 0.9475920570657413
      },
      "random": {
        "mean": 0.9439634943933539,
        "ci_low": 0.9321411097464777,
        "ci_high": 0.949874686716792
      },
      "zero": {
        "mean": 0.949874686716792,
        "ci_low": 0.949874686716792,
        "ci_high": 0.949874686716792
      }
    }
  },
  "diffs_normal_minus": {
    "loop_redundancy": {
      "random": {
        "mean_diff": -2.6066260494262625,
        "ci_low": -6.322166184585308,
        "ci_high": 0.47086709931615456
      },
      "zero": {
        "mean_diff": -4.346495301539509,
        "ci_low": -7.96650648159429,
        "ci_high": -1.331446597241535
      }
    },
    "clipped_redundancy": {
      "random": {
        "mean_diff": -2.6066260494262625,
        "ci_low": -6.207038622063603,
        "ci_high": 0.404020873130821
      },
      "zero": {
        "mean_diff": -4.346495301539509,
        "ci_low": -7.659985257487083,
        "ci_high": -1.3439731297895623
      }
    },
    "unique_coverage": {
      "random": {
        "mean_diff": 0.36801534919253187,
        "ci_low": 0.20638209127786883,
        "ci_high": 0.5222248556122285
      },
      "zero": {
        "mean_diff": 0.4016475426192966,
        "ci_low": 0.29219379856629013,
        "ci_high": 0.5158737001526736
      }
    },
    "backtrack_rate": {
      "random": {
        "mean_diff": -0.2625407939217247,
        "ci_low": -0.34662018664514416,
        "ci_high": -0.16515504142938978
      },
      "zero": {
        "mean_diff": -0.2493327574913477,
        "ci_low": -0.29853989797218805,
        "ci_high": -0.2065487029869816
      }
    },
    "mean_geDIG": {
      "random": {
        "mean_diff": 0.054181607607138485,
        "ci_low": 0.007902340299824534,
        "ci_high": 0.1061236165280902
      },
      "zero": {
        "mean_diff": 0.06319012287396321,
        "ci_low": 0.019600493248297574,
        "ci_high": 0.10768349290837032
      }
    },
    "geDIG_low_frac": {
      "random": {
        "mean_diff": -0.030397585136046623,
        "ci_low": -0.0680522956168681,
        "ci_high": 0.0036285626723874254
      },
      "zero": {
        "mean_diff": -0.03630877745948469,
        "ci_low": -0.0702445769596407,
        "ci_high": -0.0022826296510506383
      }
    }
  }
}