{
  "metrics": [
    "loop_redundancy",
    "clipped_redundancy",
    "unique_coverage",
    "backtrack_rate",
    "mean_geDIG",
    "geDIG_low_frac"
  ],
  "algo_means": {
    "loop_redundancy": {
      "simple": {
        "mean": 1.8615384615384616,
        "ci_low": 1.8615384615384616,
        "ci_high": 1.8615384615384616
      },
      "dfs": {
        "mean": 1.0,
        "ci_low": 1.0,
        "ci_high": 1.0
      },
      "random": {
        "mean": 1.271186440677966,
        "ci_low": 1.271186440677966,
        "ci_high": 1.271186440677966
      }
    },
    "clipped_redundancy": {
      "simple": {
        "mean": 1.8615384615384616,
        "ci_low": 1.8615384615384616,
        "ci_high": 1.8615384615384616
      },
      "dfs": {
        "mean": 1.0,
        "ci_low": 1.0,
        "ci_high": 1.0
      },
      "random": {
        "mean": 1.271186440677966,
        "ci_low": 1.271186440677966,
        "ci_high": 1.271186440677966
      }
    },
    "unique_coverage": {
      "simple": {
        "mean": 0.9090909090909091,
        "ci_low": 0.9090909090909091,
        "ci_high": 0.9090909090909091
      },
      "dfs": {
        "mean": 1.0,
        "ci_low": 1.0,
        "ci_high": 1.0
      },
      "random": {
        "mean": 0.88,
        "ci_low": 0.88,
        "ci_high": 0.88
      }
    },
    "backtrack_rate": {
      "simple": {
        "mean": 0.03333333333333333,
        "ci_low": 0.03333333333333333,
        "ci_high": 0.03333333333333333
      },
      "dfs": {
        "mean": 0.0,
        "ci_low": 0.0,
        "ci_high": 0.0
      },
      "random": {
        "mean": 0.0945945945945946,
        "ci_low": 0.0945945945945946,
        "ci_high": 0.0945945945945946
      }
    },
    "mean_geDIG": {
      "simple": {
        "mean": 0.23008477555143222,
        "ci_low": 0.23008477555143222,
        "ci_high": 0.23008477555143222
      }
    },
    "geDIG_low_frac": {
      "simple": {
        "mean": 0.8319327731092437,
        "ci_low": 0.8319327731092437,
        "ci_high": 0.8319327731092437
      }
    }
  },
  "diffs_simple_minus": {
    "loop_redundancy": {
      "dfs": {
        "mean_diff": 0.8615384615384616,
        "ci_low": 0.8615384615384616,
        "ci_high": 0.8615384615384616
      },
      "random": {
        "mean_diff": 0.5903520208604955,
        "ci_low": 0.5903520208604955,
        "ci_high": 0.5903520208604955
      }
    },
    "clipped_redundancy": {
      "dfs": {
        "mean_diff": 0.8615384615384616,
        "ci_low": 0.8615384615384616,
        "ci_high": 0.8615384615384616
      },
      "random": {
        "mean_diff": 0.5903520208604955,
        "ci_low": 0.5903520208604955,
        "ci_high": 0.5903520208604955
      }
    },
    "unique_coverage": {
      "dfs": {
        "mean_diff": -0.09090909090909094,
        "ci_low": -0.09090909090909094,
        "ci_high": -0.09090909090909094
      },
      "random": {
        "mean_diff": 0.029090909090909056,
        "ci_low": 0.029090909090909056,
        "ci_high": 0.029090909090909056
      }
    },
    "backtrack_rate": {
      "dfs": {
        "mean_diff": 0.03333333333333333,
        "ci_low": 0.03333333333333333,
        "ci_high": 0.03333333333333333
      },
      "random": {
        "mean_diff": -0.06126126126126127,
        "ci_low": -0.06126126126126127,
        "ci_high": -0.06126126126126127
      }
    },
    "mean_geDIG": {},
    "geDIG_low_frac": {}
  }
}