{
  "Low Insight Reward": [
    {
      "trial_id": 0,
      "agent_type": "InsightSpike",
      "config": {
        "experiment_name": "Low Insight Reward",
        "num_trials": 20,
        "num_episodes": 50,
        "maze_size": 8,
        "wall_density": 0.25,
        "random_seed": 42,
        "learning_rate": 0.15,
        "exploration_rate": 0.4,
        "exploration_decay": 0.995,
        "dged_threshold": -0.3,
        "dig_threshold": 1.0,
        "insight_reward_scale": 0.1,
        "confidence_level": 0.95,
        "significance_threshold": 0.05
      },
      "episode_rewards": [
        21.209999999999837,
        84.87000000000002,
        81.38999999999999,
        75.94999999999986,
        66.42999999999995,
        80.12999999999998,
        86.53000000000003,
        63.86999999999992,
        94.77,
        80.58999999999995,
        74.28999999999994,
        93.15000000000002,
        93.75,
        95.71000000000001,
        94.09000000000002,
        90.51,
        94.61,
        94.67,
        88.13000000000001,
        96.71000000000001,
        91.51,
        91.51,
        93.73,
        93.67,
        96.75,
        88.41000000000001,
        95.69,
        97.75,
        93.65,
        96.83,
        94.51,
        94.85000000000001,
        93.67,
        93.75,
        95.81,
        99.71,
        95.83,
        92.63000000000001,
        91.63000000000001,
        97.71,
        97.75,
        97.65,
        94.75,
        98.85,
        95.73,
        99.85,
        98.81,
        94.79,
        98.77,
        97.87
      ],
      "episode_steps": [
        356,
        128,
        80,
        228,
        289,
        107,
        160,
        248,
        29,
        160,
        196,
        92,
        32,
        34,
        97,
        59,
        45,
        39,
        99,
        33,
        58,
        58,
        34,
        40,
        29,
        71,
        36,
        28,
        42,
        21,
        55,
        21,
        40,
        32,
        24,
        30,
        22,
        45,
        46,
        32,
        28,
        38,
        31,
        17,
        32,
        16,
        21,
        27,
        25,
        16
      ],
      "success_rates": [
        0.0,
        0.5,
        0.6666666666666666,
        0.75,
        0.8,
        0.8333333333333334,
        0.8571428571428571,
        0.875,
        0.8888888888888888,
        0.9,
        1.0,
        1.0,
        1.0,
        1.0,
        1.0,
        1.0,
        1.0,
        1.0,
        1.0,
        1.0,
        1.0,
        1.0,
        1.0,
        1.0,
        1.0,
        1.0,
        1.0,
        1.0,
        1.0,
        1.0,
        1.0,
        1.0,
        1.0,
        1.0,
        1.0,
        1.0,
        1.0,
        1.0,
        1.0,
        1.0,
        1.0,
        1.0,
        1.0,
        1.0,
        1.0,
        1.0,
        1.0,
        1.0,
        1.0,
        1.0
      ],
      "total_insights": [
        {
          "episode": 0,
          "step": 355,
          "dged": 0.013943661971830945,
          "dig": 17.95774647887324,
          "type": "goal_discovery",
          "description": "Goal discovery: reward=100.0",
          "state": [
            6,
            7
          ],
          "action": 2,
          "reward": 100.0
        },
        {
          "episode": 1,
          "step": 127,
          "dged": -0.41858799171842653,
          "dig": 12.670807453416149,
          "type": "strategic_breakthrough",
          "description": "Strategic breakthrough: \u0394GED=-0.419, \u0394IG=12.671",
          "state": [
            6,
            7
          ],
          "action": 