{
  "metrics": [
    "loop_redundancy",
    "clipped_redundancy",
    "unique_coverage",
    "backtrack_rate",
    "mean_geDIG",
    "geDIG_low_frac"
  ],
  "algo_means": {
    "loop_redundancy": {
      "simple": {
        "mean": 3.1357911335865705,
        "ci_low": 2.4216867469879517,
        "ci_high": 4.276595744680851
      },
      "dfs": {
        "mean": 1.0,
        "ci_low": 1.0,
        "ci_high": 1.0
      },
      "random": {
        "mean": 4.2286132822503815,
        "ci_low": 1.925373134328358,
        "ci_high": 6.483870967741935
      }
    },
    "clipped_redundancy": {
      "simple": {
        "mean": 3.1357911335865705,
        "ci_low": 2.4216867469879517,
        "ci_high": 4.276595744680851
      },
      "dfs": {
        "mean": 1.0,
        "ci_low": 1.0,
        "ci_high": 1.0
      },
      "random": {
        "mean": 4.2286132822503815,
        "ci_low": 1.925373134328358,
        "ci_high": 6.483870967741935
      }
    },
    "unique_coverage": {
      "simple": {
        "mean": 0.7228844591360869,
        "ci_low": 0.6711409395973155,
        "ci_high": 0.7512437810945274
      },
      "dfs": {
        "mean": 1.0,
        "ci_low": 1.0,
        "ci_high": 1.0
      },
      "random": {
        "mean": 0.6735315669713448,
        "ci_low": 0.5870646766169154,
        "ci_high": 0.751937984496124
      }
    },
    "backtrack_rate": {
      "simple": {
        "mean": 0.11405405405405405,
        "ci_low": 0.085,
        "ci_high": 0.16216216216216217
      },
      "dfs": {
        "mean": 0.0,
        "ci_low": 0.0,
        "ci_high": 0.0
      },
      "random": {
        "mean": 0.171875,
        "ci_low": 0.136875,
        "ci_high": 0.24
      }
    },
    "mean_geDIG": {
      "simple": {
        "mean": -0.038889310626450645,
        "ci_low": -0.044602945084567414,
        "ci_high": -0.03593369123153411
      }
    },
    "geDIG_low_frac": {
      "simple": {
        "mean": 1.0,
        "ci_low": 1.0,
        "ci_high": 1.0
      }
    }
  },
  "diffs_simple_minus": {
    "loop_redundancy": {
      "dfs": {
        "mean_diff": 2.1357911335865705,
        "ci_low": 1.4216867469879517,
        "ci_high": 3.2765957446808507
      },
      "random": {
        "mean_diff": -1.092822148663811,
        "ci_low": -3.252278446787712,
        "ci_high": 1.0449801283716806
      }
    },
    "clipped_redundancy": {
      "dfs": {
        "mean_diff": 2.1357911335865705,
        "ci_low": 1.4216867469879517,
        "ci_high": 3.2765957446808507
      },
      "random": {
        "mean_diff": -1.092822148663811,
        "ci_low": -3.252278446787712,
        "ci_high": 1.11461661189056
      }
    },
    "unique_coverage": {
      "dfs": {
        "mean_diff": -0.2771155408639131,
        "ci_low": -0.32885906040268453,
        "ci_high": -0.24875621890547261
      },
      "random": {
        "mean_diff": 0.049352892164742146,
        "ci_low": -0.0323058242940647,
        "ci_high": 0.131011608623549
      }
    },
    "backtrack_rate": {
      "dfs": {
        "mean_diff": 0.11405405405405405,
        "ci_low": 0.085,
        "ci_high": 0.16216216216216217
      },
      "random": {
        "mean_diff": -0.057820945945945945,
        "ci_low": -0.11854166666666667,
        "ci_high": 0.002899774774774766
      }
    },
    "mean_geDIG": {},
    "geDIG_low_frac": {}
  }
}