{
  "metrics": [
    "loop_redundancy",
    "clipped_redundancy",
    "unique_coverage",
    "backtrack_rate",
    "mean_geDIG",
    "geDIG_low_frac"
  ],
  "algo_means": {
    "loop_redundancy": {
      "simple": {
        "mean": 4.636363636363637,
        "ci_low": 4.636363636363637,
        "ci_high": 4.636363636363637
      },
      "dfs": {
        "mean": 1.0,
        "ci_low": 1.0,
        "ci_high": 1.0
      },
      "random": {
        "mean": 4.636363636363637,
        "ci_low": 4.636363636363637,
        "ci_high": 4.636363636363637
      }
    },
    "clipped_redundancy": {
      "simple": {
        "mean": 4.636363636363637,
        "ci_low": 4.636363636363637,
        "ci_high": 4.636363636363637
      },
      "dfs": {
        "mean": 1.0,
        "ci_low": 1.0,
        "ci_high": 1.0
      },
      "random": {
        "mean": 4.636363636363637,
        "ci_low": 4.636363636363637,
        "ci_high": 4.636363636363637
      }
    },
    "unique_coverage": {
      "simple": {
        "mean": 0.4117647058823529,
        "ci_low": 0.4117647058823529,
        "ci_high": 0.4117647058823529
      },
      "dfs": {
        "mean": 1.0,
        "ci_low": 1.0,
        "ci_high": 1.0
      },
      "random": {
        "mean": 0.4117647058823529,
        "ci_low": 0.4117647058823529,
        "ci_high": 0.4117647058823529
      }
    },
    "backtrack_rate": {
      "simple": {
        "mean": 0.2,
        "ci_low": 0.2,
        "ci_high": 0.2
      },
      "dfs": {
        "mean": 0.0,
        "ci_low": 0.0,
        "ci_high": 0.0
      },
      "random": {
        "mean": 0.24,
        "ci_low": 0.24,
        "ci_high": 0.24
      }
    },
    "mean_geDIG": {
      "simple": {
        "mean": 0.629036375517265,
        "ci_low": 0.629036375517265,
        "ci_high": 0.629036375517265
      }
    },
    "geDIG_low_frac": {
      "simple": {
        "mean": 0.6122448979591837,
        "ci_low": 0.6122448979591837,
        "ci_high": 0.6122448979591837
      }
    }
  },
  "diffs_simple_minus": {
    "loop_redundancy": {
      "dfs": {
        "mean_diff": 3.6363636363636367,
        "ci_low": 3.6363636363636367,
        "ci_high": 3.6363636363636367
      },
      "random": {
        "mean_diff": 0.0,
        "ci_low": 0.0,
        "ci_high": 0.0
      }
    },
    "clipped_redundancy": {
      "dfs": {
        "mean_diff": 3.6363636363636367,
        "ci_low": 3.6363636363636367,
        "ci_high": 3.6363636363636367
      },
      "random": {
        "mean_diff": 0.0,
        "ci_low": 0.0,
        "ci_high": 0.0
      }
    },
    "unique_coverage": {
      "dfs": {
        "mean_diff": -0.5882352941176471,
        "ci_low": -0.5882352941176471,
        "ci_high": -0.5882352941176471
      },
      "random": {
        "mean_diff": 0.0,
        "ci_low": 0.0,
        "ci_high": 0.0
      }
    },
    "backtrack_rate": {
      "dfs": {
        "mean_diff": 0.2,
        "ci_low": 0.2,
        "ci_high": 0.2
      },
      "random": {
        "mean_diff": -0.03999999999999998,
        "ci_low": -0.03999999999999998,
        "ci_high": -0.03999999999999998
      }
    },
    "mean_geDIG": {},
    "geDIG_low_frac": {}
  }
}