{
  "seed": 8,
  "maze_size": [
    12,
    12
  ],
  "policy": "gedig_simple",
  "success": true,
  "steps": 88,
  "unique_cells": 72,
  "path_efficiency": 0.25,
  "exploration_ratio": 0.8181818181818182,
  "gedig_series": [
    2.0,
    2.0,
    2.0,
    2.0,
    2.0,
    2.0,
    2.0,
    2.0,
    2.0,
    2.0,
    2.0,
    2.0,
    2.0,
    2.0,
    2.0,
    2.0,
    2.0,
    2.0,
    2.0,
    3.0,
    2.0,
    2.0,
    2.0,
    2.0,
    2.0,
    2.0,
    2.0,
    2.0,
    2.0,
    2.0,
    2.0,
    2.0,
    2.0,
    2.0,
    2.0,
    2.0,
    2.0,
    2.0,
    2.0,
    4.0,
    3.0,
    3.0,
    3.0,
    3.0,
    3.0,
    4.0,
    3.0,
    3.0,
    3.0,
    3.0,
    3.0,
    3.0,
    3.0,
    3.0,
    3.0,
    3.0,
    3.0,
    3.0,
    3.0,
    3.0,
    2.0,
    1.0,
    1.0,
    0.0,
    1.0,
    1.0,
    0.0,
    1.0,
    2.0,
    2.0,
    1.0,
    0.0,
    0.0,
    0.0,
    0.0,
    0.0,
    1.0,
    1.0,
    0.0,
    1.0,
    2.0,
    1.0,
    2.0,
    1.0,
    0.0,
    0.0,
    1.0,
    1.0
  ],
  "gedig_auc": 0.3795454545454545,
  "step_limit": 500,
  "meta": {
    "gedig_version": "R1_local",
    "frontier_weight": 0.35,
    "gedig_assumed_max": 5,
    "n1_hist": [
      16,
      50,
      20,
      2,
      0
    ],
    "n2_hist": [
      16,
      44,
      10,
      14,
      4,
      0,
      0,
      0,
      0
    ],
    "n2_longest_zero_streak": 6,
    "n2_mean_zero_streak": 2.6666666666666665,
    "n2_zero_fraction": 0.18181818181818182
  }
}