{
  "metrics": [
    "loop_redundancy",
    "clipped_redundancy",
    "unique_coverage",
    "backtrack_rate",
    "mean_geDIG",
    "geDIG_low_frac"
  ],
  "kind_means": {
    "loop_redundancy": {
      "normal": {
        "mean": 17.274986197298066,
        "ci_low": 2.645788379853113,
        "ci_high": 40.454669888698774
      },
      "random": {
        "mean": 11.25611789816609,
        "ci_low": 5.197516218721039,
        "ci_high": 20.265662650602412
      },
      "zero": {
        "mean": 20.69849931190697,
        "ci_low": 8.556740559297815,
        "ci_high": 39.746273959794294
      }
    },
    "clipped_redundancy": {
      "normal": {
        "mean": 17.274986197298066,
        "ci_low": 2.645788379853113,
        "ci_high": 40.45466988869878
      },
      "random": {
        "mean": 11.25611789816609,
        "ci_low": 5.5927710843373495,
        "ci_high": 20.30237677984666
      },
      "zero": {
        "mean": 20.69849931190697,
        "ci_low": 8.556740559297817,
        "ci_high": 38.15222535211268
      }
    },
    "unique_coverage": {
      "normal": {
        "mean": 0.6099348221581016,
        "ci_low": 0.4129673115176403,
        "ci_high": 0.8069023327985629
      },
      "random": {
        "mean": 0.3256322769748543,
        "ci_low": 0.21374169979735935,
        "ci_high": 0.4720948616600791
      },
      "zero": {
        "mean": 0.23959649678415823,
        "ci_low": 0.20715717560857594,
        "ci_high": 0.27353126719729404
      }
    },
    "backtrack_rate": {
      "normal": {
        "mean": 0.12125496871301089,
        "ci_low": 0.06386803844639752,
        "ci_high": 0.1786418989796243
      },
      "random": {
        "mean": 0.3540846782097609,
        "ci_low": 0.2741790012309132,
        "ci_high": 0.42972955360052134
      },
      "zero": {
        "mean": 0.3534189090092414,
        "ci_low": 0.33386292449927624,
        "ci_high": 0.3696659540142576
      }
    },
    "mean_geDIG": {
      "normal": {
        "mean": 0.11268750562574562,
        "ci_low": 0.05295622864835307,
        "ci_high": 0.17155147303065577
      },
      "random": {
        "mean": 0.05542399557794551,
        "ci_low": 0.03613210415404069,
        "ci_high": 0.08760602139250075
      },
      "zero": {
        "mean": 0.035571178876259116,
        "ci_low": 0.034597293681723935,
        "ci_high": 0.03649270533554397
      }
    },
    "geDIG_low_frac": {
      "normal": {
        "mean": 0.9234217093034358,
        "ci_low": 0.8784436207774868,
        "ci_high": 0.9671218475353994
      },
      "random": {
        "mean": 0.9617449029035402,
        "ci_low": 0.940743753404955,
        "ci_high": 0.9741098660715923
      },
      "zero": {
        "mean": 0.9749687108886109,
        "ci_low": 0.9749687108886109,
        "ci_high": 0.9749687108886109
      }
    }
  },
  "diffs_normal_minus": {
    "loop_redundancy": {
      "random": {
        "mean_diff": 6.0188682991319755,
        "ci_low": -11.34883155649079,
        "ci_high": 29.839796885145642
      },
      "zero": {
        "mean_diff": -3.4235131146089053,
        "ci_low": -27.98196320095481,
        "ci_high": 24.261196157792657
      }
    },
    "clipped_redundancy": {
      "random": {
        "mean_diff": 6.0188682991319755,
        "ci_low": -12.205304461617846,
        "ci_high": 31.094543902016486
      },
      "zero": {
        "mean_diff": -3.4235131146089053,
        "ci_low": -27.553017921198784,
        "ci_high": 21.13553977529981
      }
    },
    "unique_coverage": {
      "random": {
        "mean_diff": 0.28430254518324727,
        "ci_low": 0.056410583747141696,
        "ci_high": 0.5108818773636995
      },
      "zero": {
        "mean_diff": 0.37033832537394334,
        "ci_low": 0.16641729870334726,
        "ci_high": 0.5700693784232992
      }
    },
    "backtrack_rate": {
      "random": {
        "mean_diff": -0.23282970949675003,
        "ci_low": -0.3263617686736787,
        "ci_high": -0.13269600846928895
      },
      "zero": {
        "mean_diff": -0.2321639402962305,
        "ci_low": -0.2945780922179596,
        "ci_high": -0.17394735323625285
      }
    },
    "mean_geDIG": {
      "random": {
        "mean_diff": 0.05726351004780011,
        "ci_low": -0.005371645968414801,
        "ci_high": 0.12084225735591417
      },
      "zero": {
        "mean_diff": 0.0771163267494865,
        "ci_low": 0.018258422803832434,
        "ci_high": 0.13727434391326782
      }
    },
    "geDIG_low_frac": {
      "random": {
        "mean_diff": -0.03832319360010439,
        "ci_low": -0.08543939255642152,
        "ci_high": 0.006874680605604033
      },
      "zero": {
        "mean_diff": -0.05154700158517511,
        "ci_low": -0.09433280876835148,
        "ci_high": -0.007665053730612437
      }
    }
  }
}