{
  "InsightSpike-Graph": {
    "recall@5": 0.9,
    "avg_latency_ms": 22.650339603424072,
    "memory_stats": {
      "graph_size": 676.416015625,
      "embedding_size": 36.0,
      "kg_size": 0.0,
      "total_size": 712.416015625,
      "raw_size": 23.7451171875,
      "compression_ratio": 0.03333040901202718,
      "num_graphs": 144,
      "num_insights": 0,
      "insight_ratio": 0.0
    }
  },
  "TF-IDF": {
    "recall@5": 0.82,
    "avg_latency_ms": 1.8592047691345215,
    "memory_stats": {
      "total_size": 395.9765625,
      "raw_size": 2400,
      "compression_ratio": 6.060964782480023
    }
  },
  "Sentence-BERT": {
    "recall@5": 0.82,
    "avg_latency_ms": 43.248727321624756,
    "memory_stats": {
      "total_size": 3600.0,
      "raw_size": 2400,
      "compression_ratio": 0.6666666666666666
    }
  }
}