{
  "checkpoints": [
    10,
    50,
    100,
    200
  ],
  "graph_nodes": [
    0,
    0,
    0,
    0
  ],
  "graph_edges": [
    0,
    0,
    0,
    0
  ],
  "basic_accuracy": [
    0.6,
    0.46,
    0.42,
    0.48
  ],
  "enhanced_accuracy": [
    0.6,
    0.36,
    0.36,
    0.28
  ],
  "improvement": [
    0.0,
    -0.10000000000000003,
    -0.06,
    -0.19999999999999996
  ]
}