{
  "metrics": [
    "loop_redundancy",
    "clipped_redundancy",
    "unique_coverage",
    "backtrack_rate",
    "mean_geDIG",
    "geDIG_low_frac"
  ],
  "algo_means": {
    "loop_redundancy": {
      "simple": {
        "mean": 2.0590901732232476,
        "ci_low": 1.8505747126436782,
        "ci_high": 2.267605633802817
      },
      "dfs": {
        "mean": 1.0,
        "ci_low": 1.0,
        "ci_high": 1.0
      },
      "random": {
        "mean": 9.190274841437633,
        "ci_low": 3.744186046511628,
        "ci_high": 14.636363636363637
      }
    },
    "clipped_redundancy": {
      "simple": {
        "mean": 2.0590901732232476,
        "ci_low": 1.8505747126436782,
        "ci_high": 2.267605633802817
      },
      "dfs": {
        "mean": 1.0,
        "ci_low": 1.0,
        "ci_high": 1.0
      },
      "random": {
        "mean": 9.190274841437633,
        "ci_low": 3.744186046511628,
        "ci_high": 14.636363636363637
      }
    },
    "unique_coverage": {
      "simple": {
        "mean": 0.5776397515527951,
        "ci_low": 0.5403726708074534,
        "ci_high": 0.6149068322981367
      },
      "dfs": {
        "mean": 1.0,
        "ci_low": 1.0,
        "ci_high": 1.0
      },
      "random": {
        "mean": 0.31677018633540377,
        "ci_low": 0.2981366459627329,
        "ci_high": 0.33540372670807456
      }
    },
    "backtrack_rate": {
      "simple": {
        "mean": 0.175,
        "ci_low": 0.16875,
        "ci_high": 0.18125
      },
      "dfs": {
        "mean": 0.0,
        "ci_low": 0.0,
        "ci_high": 0.0
      },
      "random": {
        "mean": 0.36875,
        "ci_low": 0.34375,
        "ci_high": 0.39375
      }
    },
    "mean_geDIG": {
      "simple": {
        "mean": 0.16578376791168664,
        "ci_low": 0.16310447492407928,
        "ci_high": 0.168463060899294
      }
    },
    "geDIG_low_frac": {
      "simple": {
        "mean": 0.8742138364779874,
        "ci_low": 0.8742138364779874,
        "ci_high": 0.8742138364779874
      }
    }
  },
  "diffs_simple_minus": {
    "loop_redundancy": {
      "dfs": {
        "mean_diff": 1.0590901732232476,
        "ci_low": 0.8505747126436782,
        "ci_high": 1.267605633802817
      },
      "random": {
        "mean_diff": -7.131184668214385,
        "ci_low": -12.78578892371996,
        "ci_high": -1.476580412708811
      }
    },
    "clipped_redundancy": {
      "dfs": {
        "mean_diff": 1.0590901732232476,
        "ci_low": 0.8505747126436782,
        "ci_high": 1.267605633802817
      },
      "random": {
        "mean_diff": -7.131184668214385,
        "ci_low": -12.78578892371996,
        "ci_high": -1.476580412708811
      }
    },
    "unique_coverage": {
      "dfs": {
        "mean_diff": -0.4223602484472049,
        "ci_low": -0.45962732919254656,
        "ci_high": -0.3850931677018633
      },
      "random": {
        "mean_diff": 0.26086956521739135,
        "ci_low": 0.20496894409937888,
        "ci_high": 0.2981366459627329
      }
    },
    "backtrack_rate": {
      "dfs": {
        "mean_diff": 0.175,
        "ci_low": 0.16875,
        "ci_high": 0.18125
      },
      "random": {
        "mean_diff": -0.19375000000000003,
        "ci_low": -0.22499999999999998,
        "ci_high": -0.16875
      }
    },
    "mean_geDIG": {},
    "geDIG_low_frac": {}
  }
}