{
  "processing": {
    "total_documents": 50,
    "total_insights": 39,
    "insight_ratio": 0.78,
    "avg_processing_time": 0.3806132173538208,
    "total_processing_time": 19.03066086769104
  },
  "retrieval": {
    "total_queries": 10,
    "successful_retrievals": 0,
    "retrieval_accuracy": 0.0,
    "avg_retrieval_time": 0.29458985328674314,
    "avg_quality_score": 0.7735116839910579
  },
  "insights": {
    "count": 39,
    "avg_quality": 0.8283185002078648,
    "indices": [
      0,
      1,
      2,
      3,
      4,
      5,
      6,
      7,
      9,
      10,
      11,
      12,
      13,
      15,
      16,
      18,
      19,
      20,
      21,
      23,
      24,
      25,
      26,
      27,
      29,
      30,
      33,
      34,
      37,
      38,
      40,
      41,
      42,
      43,
      44,
      45,
      46,
      47,
      49
    ]
  },
  "quality_distribution": {
    "mean": 0.7721763366132772,
    "std": 0.11965862991323345,
    "min": 0.5584867321902094,
    "max": 0.88
  }
}