{
  "metrics": [
    "loop_redundancy",
    "clipped_redundancy",
    "unique_coverage",
    "backtrack_rate",
    "mean_geDIG",
    "geDIG_low_frac"
  ],
  "algo_means": {
    "loop_redundancy": {
      "simple": {
        "mean": 10.094614991230674,
        "ci_low": 5.07013986564453,
        "ci_high": 15.856010263403196
      },
      "dfs": {
        "mean": 1.0,
        "ci_low": 1.0,
        "ci_high": 1.0
      },
      "random": {
        "mean": 8.31649670481713,
        "ci_low": 5.512343183127285,
        "ci_high": 11.706399627597758
      }
    },
    "clipped_redundancy": {
      "simple": {
        "mean": 10.094614991230674,
        "ci_low": 5.262059881904442,
        "ci_high": 16.1543487196597
      },
      "dfs": {
        "mean": 1.0,
        "ci_low": 1.0,
        "ci_high": 1.0
      },
      "random": {
        "mean": 8.31649670481713,
        "ci_low": 5.566294567565153,
        "ci_high": 11.571183118599112
      }
    },
    "unique_coverage": {
      "simple": {
        "mean": 0.691044291253834,
        "ci_low": 0.6375260900086448,
        "ci_high": 0.7485816988378576
      },
      "dfs": {
        "mean": 1.0,
        "ci_low": 1.0,
        "ci_high": 1.0
      },
      "random": {
        "mean": 0.5999695462135942,
        "ci_low": 0.5482109264470889,
        "ci_high": 0.6504365103329963
      }
    },
    "backtrack_rate": {
      "simple": {
        "mean": 0.11719191293416724,
        "ci_low": 0.10021532631880614,
        "ci_high": 0.13351056399511085
      },
      "dfs": {
        "mean": 0.0,
        "ci_low": 0.0,
        "ci_high": 0.0
      },
      "random": {
        "mean": 0.1878844614377026,
        "ci_low": 0.1654241508686922,
        "ci_high": 0.20978591192509258
      }
    },
    "mean_geDIG": {
      "simple": {
        "mean": -0.03184402636469237,
        "ci_low": -0.038091982517709344,
        "ci_high": -0.027348430839823995
      }
    },
    "geDIG_low_frac": {
      "simple": {
        "mean": 1.0,
        "ci_low": 1.0,
        "ci_high": 1.0
      }
    }
  },
  "diffs_simple_minus": {
    "loop_redundancy": {
      "dfs": {
        "mean_diff": 9.094614991230674,
        "ci_low": 4.27280210080774,
        "ci_high": 16.22642845292593
      },
      "random": {
        "mean_diff": 1.7781182864135445,
        "ci_low": -4.236821773788977,
        "ci_high": 8.260348196923772
      }
    },
    "clipped_redundancy": {
      "dfs": {
        "mean_diff": 9.094614991230674,
        "ci_low": 4.293627126902594,
        "ci_high": 15.12454859609064
      },
      "random": {
        "mean_diff": 1.7781182864135445,
        "ci_low": -4.323324330680675,
        "ci_high": 8.231982257592664
      }
    },
    "unique_coverage": {
      "dfs": {
        "mean_diff": -0.30895570874616596,
        "ci_low": -0.3692278530731967,
        "ci_high": -0.2523532561039393
      },
      "random": {
        "mean_diff": 0.09107474504023982,
        "ci_low": 0.010203485366890086,
        "ci_high": 0.16666948040716123
      }
    },
    "backtrack_rate": {
      "dfs": {
        "mean_diff": 0.11719191293416724,
        "ci_low": 0.1005457576050958,
        "ci_high": 0.13297661026108692
      },
      "random": {
        "mean_diff": -0.07069254850353536,
        "ci_low": -0.09764986496663336,
        "ci_high": -0.044386799065368965
      }
    },
    "mean_geDIG": {},
    "geDIG_low_frac": {}
  }
}