{
  "episodes": 2500,
  "execution_time": 143.0527946949005,
  "episodes_per_second": 17.476065429773243,
  "memory_stats": {
    "total_episodes": 4100,
    "index_trained": true,
    "c_value_mean": 0.20000000000000007,
    "c_value_std": 5.551115123125783e-17,
    "c_value_min": 0.2,
    "c_value_max": 0.2,
    "dimension": 384
  },
  "timestamp": "2025-06-18T00:03:59.954474"
}