{
  "episodes": 5000,
  "execution_time": 665.0767650604248,
  "episodes_per_second": 7.517929151450255,
  "memory_stats": {
    "total_episodes": 9100,
    "index_trained": true,
    "c_value_mean": 0.20000000000000004,
    "c_value_std": 2.7755575615628914e-17,
    "c_value_min": 0.2,
    "c_value_max": 0.2,
    "dimension": 384
  },
  "timestamp": "2025-06-18T00:15:05.031761"
}