{
  "runs": 4,
  "success_rate": 1,
  "mean_steps_success": 76,
  "path_efficiency_mean": 0.19568521756021756,
  "exploration_ratio_mean": 0.6299983003108003,
  "gedig_auc_mean": 0.27300914871036824,
  "gedig_auc_stdev": 0.08148325039757866,
  "note": "Overall aggregate of all episodes."
}