{
  "gedig_simple": {
    "runs": 2,
    "success_rate": 1,
    "mean_steps_success": 71,
    "path_efficiency_mean": 0.2123931623931624,
    "exploration_ratio_mean": 0.6771367521367522,
    "gedig_auc_mean": 0.32636752136752134,
    "gedig_auc_stdev": 0.07747863247863249
  },
  "gedig_r2": {
    "runs": 2,
    "success_rate": 1,
    "mean_steps_success": 81,
    "path_efficiency_mean": 0.17897727272727273,
    "exploration_ratio_mean": 0.5828598484848485,
    "gedig_auc_mean": 0.2196507760532151,
    "gedig_auc_stdev": 0.03977272727272728
  }
}