{
  "metrics": [
    "loop_redundancy",
    "clipped_redundancy",
    "unique_coverage",
    "backtrack_rate",
    "mean_geDIG",
    "geDIG_low_frac"
  ],
  "algo_means": {
    "loop_redundancy": {
      "simple": {
        "mean": 5.634397306583994,
        "ci_low": 2.2186301369863015,
        "ci_high": 9.009702598307197
      },
      "dfs": {
        "mean": 1.0,
        "ci_low": 1.0,
        "ci_high": 1.0
      },
      "random": {
        "mean": 5.190116482307916,
        "ci_low": 2.6194726973677795,
        "ci_high": 7.727071652890968
      }
    },
    "clipped_redundancy": {
      "simple": {
        "mean": 5.634397306583994,
        "ci_low": 2.3660519321202207,
        "ci_high": 9.536825885978427
      },
      "dfs": {
        "mean": 1.0,
        "ci_low": 1.0,
        "ci_high": 1.0
      },
      "random": {
        "mean": 5.190116482307916,
        "ci_low": 2.5190881367638767,
        "ci_high": 7.995218002812939
      }
    },
    "unique_coverage": {
      "simple": {
        "mean": 0.6656063328959652,
        "ci_low": 0.5379551056347469,
        "ci_high": 0.7992242867413648
      },
      "dfs": {
        "mean": 1.0,
        "ci_low": 1.0,
        "ci_high": 1.0
      },
      "random": {
        "mean": 0.6044117317493747,
        "ci_low": 0.4356677235256817,
        "ci_high": 0.7800588675480169
      }
    },
    "backtrack_rate": {
      "simple": {
        "mean": 0.12580826533511957,
        "ci_low": 0.07912698412698413,
        "ci_high": 0.16189258312020463
      },
      "dfs": {
        "mean": 0.0,
        "ci_low": 0.0,
        "ci_high": 0.0
      },
      "random": {
        "mean": 0.1975371599534558,
        "ci_low": 0.13040414600736316,
        "ci_high": 0.2616843309137054
      }
    },
    "mean_geDIG": {
      "simple": {
        "mean": 0.133196715929013,
        "ci_low": 0.0659160667518536,
        "ci_high": 0.22840594234595674
      }
    },
    "geDIG_low_frac": {
      "simple": {
        "mean": 0.9053788040034995,
        "ci_low": 0.8280561151953698,
        "ci_high": 0.9606132537850532
      }
    }
  },
  "diffs_simple_minus": {
    "loop_redundancy": {
      "dfs": {
        "mean_diff": 4.634397306583994,
        "ci_low": 1.5559026783888776,
        "ci_high": 8.346975139709773
      },
      "random": {
        "mean_diff": 0.4442808242760776,
        "ci_low": -4.142068775027496,
        "ci_high": 4.600098846704702
      }
    },
    "clipped_redundancy": {
      "dfs": {
        "mean_diff": 4.634397306583994,
        "ci_low": 1.3660519321202207,
        "ci_high": 8.009702598307197
      },
      "random": {
        "mean_diff": 0.4442808242760776,
        "ci_low": -3.950136947114842,
        "ci_high": 4.9044625454715725
      }
    },
    "unique_coverage": {
      "dfs": {
        "mean_diff": -0.33439366710403484,
        "ci_low": -0.4620448943652531,
        "ci_high": -0.19244148325716426
      },
      "random": {
        "mean_diff": 0.06119460114659048,
        "ci_low": -0.18393897296724238,
        "ci_high": 0.27725565187279055
      }
    },
    "backtrack_rate": {
      "dfs": {
        "mean_diff": 0.12580826533511957,
        "ci_low": 0.0838655462184874,
        "ci_high": 0.16201335606706452
      },
      "random": {
        "mean_diff": -0.07172889461833623,
        "ci_low": -0.14973363835979575,
        "ci_high": 0.010464179387816436
      }
    },
    "mean_geDIG": {},
    "geDIG_low_frac": {}
  }
}