{
  "metrics": [
    "loop_redundancy",
    "clipped_redundancy",
    "unique_coverage",
    "backtrack_rate",
    "mean_geDIG",
    "geDIG_low_frac"
  ],
  "kind_means": {
    "loop_redundancy": {
      "normal": {
        "mean": 11.84297597762288,
        "ci_low": 3.059925776569943,
        "ci_high": 21.9687186502508
      },
      "random": {
        "mean": 16.458534199173034,
        "ci_low": 3.6556067514694695,
        "ci_high": 33.17691465452659
      },
      "zero": {
        "mean": 19.64591292749646,
        "ci_low": 11.648399777524299,
        "ci_high": 31.636443883984867
      }
    },
    "clipped_redundancy": {
      "normal": {
        "mean": 11.84297597762288,
        "ci_low": 3.059925776569943,
        "ci_high": 21.9687186502508
      },
      "random": {
        "mean": 16.458534199173034,
        "ci_low": 3.6101319975793453,
        "ci_high": 33.154177277581525
      },
      "zero": {
        "mean": 19.64591292749646,
        "ci_low": 11.648399777524299,
        "ci_high": 31.17613571017826
      }
    },
    "unique_coverage": {
      "normal": {
        "mean": 0.5808428964094303,
        "ci_low": 0.39428721616776025,
        "ci_high": 0.7693660421312802
      },
      "random": {
        "mean": 0.46286134268291257,
        "ci_low": 0.3695856253123834,
        "ci_high": 0.5561370600534417
      },
      "zero": {
        "mean": 0.22786281468767422,
        "ci_low": 0.19074508395438627,
        "ci_high": 0.2659832092143236
      }
    },
    "backtrack_rate": {
      "normal": {
        "mean": 0.14794592210446908,
        "ci_low": 0.09921973365617434,
        "ci_high": 0.19667211055276382
      },
      "random": {
        "mean": 0.2554910198687638,
        "ci_low": 0.23136879134226374,
        "ci_high": 0.2806498698630775
      },
      "zero": {
        "mean": 0.3782717099291276,
        "ci_low": 0.370312630500086,
        "ci_high": 0.38885496183206103
      }
    },
    "mean_geDIG": {
      "normal": {
        "mean": 0.1259369322524269,
        "ci_low": 0.054868583519686445,
        "ci_high": 0.20315870079456078
      },
      "random": {
        "mean": 0.05393730359970518,
        "ci_low": 0.039413020125274964,
        "ci_high": 0.07084520139680615
      },
      "zero": {
        "mean": 0.03479859869289588,
        "ci_low": 0.033237377290831746,
        "ci_high": 0.03635982009496001
      }
    },
    "geDIG_low_frac": {
      "normal": {
        "mean": 0.9096878473807444,
        "ci_low": 0.8513242946492318,
        "ci_high": 0.9698994019602589
      },
      "random": {
        "mean": 0.9639398953469078,
        "ci_low": 0.949261052966772,
        "ci_high": 0.9749687108886109
      },
      "zero": {
        "mean": 0.9749180786982464,
        "ci_low": 0.9748168143175177,
        "ci_high": 0.9749687108886109
      }
    }
  },
  "diffs_normal_minus": {
    "loop_redundancy": {
      "random": {
        "mean_diff": -4.615558221550154,
        "ci_low": -21.526862026102393,
        "ci_high": 12.432056997065775
      },
      "zero": {
        "mean_diff": -7.802936949873581,
        "ci_low": -23.015143838499668,
        "ci_high": 5.219252777617854
      }
    },
    "clipped_redundancy": {
      "random": {
        "mean_diff": -4.615558221550154,
        "ci_low": -22.941829106804846,
        "ci_high": 13.354358531413288
      },
      "zero": {
        "mean_diff": -7.802936949873581,
        "ci_low": -21.329612130357823,
        "ci_high": 5.4132274864410395
      }
    },
    "unique_coverage": {
      "random": {
        "mean_diff": 0.11798155372651775,
        "ci_low": -0.09018990475860622,
        "ci_high": 0.3437462093923949
      },
      "zero": {
        "mean_diff": 0.3529800817217561,
        "ci_low": 0.15877610236293166,
        "ci_high": 0.5627431841390094
      }
    },
    "backtrack_rate": {
      "random": {
        "mean_diff": -0.10754509776429474,
        "ci_low": -0.16599569147723126,
        "ci_high": -0.052744759501563904
      },
      "zero": {
        "mean_diff": -0.23032578782465854,
        "ci_low": -0.2828624157488281,
        "ci_high": -0.1819559967464098
      }
    },
    "mean_geDIG": {
      "random": {
        "mean_diff": 0.0719996286527217,
        "ci_low": -0.010081956449389355,
        "ci_high": 0.14969576664741127
      },
      "zero": {
        "mean_diff": 0.091138333559531,
        "ci_low": 0.014245746597544885,
        "ci_high": 0.16850873450546233
      }
    },
    "geDIG_low_frac": {
      "random": {
        "mean_diff": -0.05425204796616345,
        "ci_low": -0.11673371480739403,
        "ci_high": 0.0073394211900679185
      },
      "zero": {
        "mean_diff": -0.06523023131750205,
        "ci_low": -0.1240178484743043,
        "ci_high": -0.005018676737987504
      }
    }
  }
}