{
  "metrics": [
    "loop_redundancy",
    "clipped_redundancy",
    "unique_coverage",
    "backtrack_rate",
    "mean_geDIG",
    "geDIG_low_frac"
  ],
  "algo_means": {
    "loop_redundancy": {
      "simple": {
        "mean": 1.186046511627907,
        "ci_low": 1.186046511627907,
        "ci_high": 1.186046511627907
      },
      "dfs": {
        "mean": 1.0,
        "ci_low": 1.0,
        "ci_high": 1.0
      },
      "random": {
        "mean": 1.0851063829787233,
        "ci_low": 1.0851063829787233,
        "ci_high": 1.0851063829787233
      }
    },
    "clipped_redundancy": {
      "simple": {
        "mean": 1.186046511627907,
        "ci_low": 1.186046511627907,
        "ci_high": 1.186046511627907
      },
      "dfs": {
        "mean": 1.0,
        "ci_low": 1.0,
        "ci_high": 1.0
      },
      "random": {
        "mean": 1.0851063829787233,
        "ci_low": 1.0851063829787233,
        "ci_high": 1.0851063829787233
      }
    },
    "unique_coverage": {
      "simple": {
        "mean": 0.9215686274509803,
        "ci_low": 0.9215686274509803,
        "ci_high": 0.9215686274509803
      },
      "dfs": {
        "mean": 1.0,
        "ci_low": 1.0,
        "ci_high": 1.0
      },
      "random": {
        "mean": 0.9411764705882353,
        "ci_low": 0.9411764705882353,
        "ci_high": 0.9411764705882353
      }
    },
    "backtrack_rate": {
      "simple": {
        "mean": 0.04,
        "ci_low": 0.04,
        "ci_high": 0.04
      },
      "dfs": {
        "mean": 0.0,
        "ci_low": 0.0,
        "ci_high": 0.0
      },
      "random": {
        "mean": 0.06,
        "ci_low": 0.06,
        "ci_high": 0.06
      }
    },
    "mean_geDIG": {
      "simple": {
        "mean": -0.10979059155146366,
        "ci_low": -0.10979059155146366,
        "ci_high": -0.10979059155146366
      }
    },
    "geDIG_low_frac": {
      "simple": {
        "mean": 1.0,
        "ci_low": 1.0,
        "ci_high": 1.0
      }
    }
  },
  "diffs_simple_minus": {
    "loop_redundancy": {
      "dfs": {
        "mean_diff": 0.18604651162790709,
        "ci_low": 0.18604651162790709,
        "ci_high": 0.18604651162790709
      },
      "random": {
        "mean_diff": 0.10094012864918378,
        "ci_low": 0.10094012864918378,
        "ci_high": 0.10094012864918378
      }
    },
    "clipped_redundancy": {
      "dfs": {
        "mean_diff": 0.18604651162790709,
        "ci_low": 0.18604651162790709,
        "ci_high": 0.18604651162790709
      },
      "random": {
        "mean_diff": 0.10094012864918378,
        "ci_low": 0.10094012864918378,
        "ci_high": 0.10094012864918378
      }
    },
    "unique_coverage": {
      "dfs": {
        "mean_diff": -0.07843137254901966,
        "ci_low": -0.07843137254901966,
        "ci_high": -0.07843137254901966
      },
      "random": {
        "mean_diff": -0.019607843137254943,
        "ci_low": -0.019607843137254943,
        "ci_high": -0.019607843137254943
      }
    },
    "backtrack_rate": {
      "dfs": {
        "mean_diff": 0.04,
        "ci_low": 0.04,
        "ci_high": 0.04
      },
      "random": {
        "mean_diff": -0.019999999999999997,
        "ci_low": -0.019999999999999997,
        "ci_high": -0.019999999999999997
      }
    },
    "mean_geDIG": {},
    "geDIG_low_frac": {}
  }
}