{
  "timestamp": "20250803_222807",
  "maze_size": 50,
  "1hop": {
    "success": true,
    "steps": 674,
    "path_length": 503,
    "backtrack_count": 86,
    "visited_count": 589,
    "dead_ends_found": 0,
    "two_hop_decisions": 0,
    "elapsed_time": 0.001728057861328125,
    "final_position": [
      48,
      48
    ],
    "goal": [
      48,
      48
    ],
    "efficiency": 87.3887240356083
  },
  "2hop": {
    "success": false,
    "steps": 3000,
    "path_length": 9,
    "backtrack_count": 2992,
    "visited_count": 9,
    "dead_ends_found": 9,
    "two_hop_decisions": 2992,
    "elapsed_time": 0.012042045593261719,
    "final_position": [
      7,
      3
    ],
    "goal": [
      48,
      48
    ],
    "efficiency": 0.3
  },
  "improvement": {
    "steps_reduction": -345.10385756676556,
    "efficiency_gain": -87.08872403560831,
    "backtrack_reduction": -3379.06976744186
  }
}