{
  "seed": 6,
  "maze_size": [
    8,
    8
  ],
  "policy": "gedig_r2",
  "success": true,
  "steps": 36,
  "unique_cells": 34,
  "path_efficiency": 0.3888888888888889,
  "exploration_ratio": 0.9444444444444444,
  "gedig_series": [
    2.15,
    2.15,
    2.15,
    2.15,
    2.15,
    2.15,
    2.45,
    4.6,
    3.6,
    3.3,
    2.45,
    3.3,
    3.45,
    3.45,
    3.6,
    4.6,
    3.6,
    3.45,
    3.45,
    3.45,
    3.45,
    3.3,
    2.45,
    3.3,
    2.45,
    3.3,
    2.3,
    2.15,
    2.0,
    1.0,
    0.15,
    1.15,
    1.3,
    2.15,
    2.15,
    2.0
  ],
  "gedig_auc": 0.4312275985663082,
  "step_limit": 500,
  "meta": {
    "gedig_version": "R2_frontier",
    "frontier_weight": 0.15,
    "gedig_assumed_max": 6.2,
    "n1_hist": [
      2,
      18,
      14,
      2,
      0
    ],
    "n2_hist": [
      3,
      11,
      7,
      10,
      5,
      0,
      0,
      0,
      0
    ],
    "n2_longest_zero_streak": 2,
    "n2_mean_zero_streak": 1.5,
    "n2_zero_fraction": 0.08333333333333333
  }
}