{
  "seed": 8,
  "maze_size": [
    8,
    8
  ],
  "policy": "gedig_r2",
  "success": true,
  "steps": 30,
  "unique_cells": 31,
  "path_efficiency": 0.4666666666666667,
  "exploration_ratio": 1.0333333333333334,
  "gedig_series": [
    2.15,
    2.15,
    2.15,
    2.15,
    2.15,
    2.15,
    2.45,
    4.6,
    3.6,
    3.45,
    3.45,
    3.3,
    2.3,
    2.15,
    2.15,
    2.15,
    2.3,
    3.3,
    2.45,
    3.3,
    3.45,
    3.45,
    3.45,
    3.45,
    3.45,
    3.45,
    3.3,
    3.45,
    3.15,
    2.15
  ],
  "gedig_auc": 0.46559139784946235,
  "step_limit": 500,
  "meta": {
    "gedig_version": "R2_frontier",
    "frontier_weight": 0.15,
    "gedig_assumed_max": 6.2,
    "n1_hist": [
      0,
      14,
      15,
      1,
      0
    ],
    "n2_hist": [
      0,
      11,
      6,
      11,
      2,
      0,
      0,
      0,
      0
    ],
    "n2_longest_zero_streak": 0,
    "n2_mean_zero_streak": 0.0,
    "n2_zero_fraction": 0.0
  }
}