{
  "seed": 7,
  "maze_size": [
    8,
    8
  ],
  "policy": "gedig_r2",
  "success": true,
  "steps": 46,
  "unique_cells": 35,
  "path_efficiency": 0.30434782608695654,
  "exploration_ratio": 0.7608695652173914,
  "gedig_series": [
    2.15,
    2.15,
    2.15,
    2.15,
    2.15,
    2.15,
    2.15,
    2.15,
    2.3,
    3.3,
    3.45,
    3.45,
    3.45,
    3.45,
    3.45,
    2.45,
    3.3,
    3.45,
    3.6,
    4.6,
    3.6,
    3.45,
    3.45,
    3.3,
    3.3,
    3.3,
    2.3,
    2.15,
    2.0,
    1.0,
    0.0,
    0.0,
    0.15,
    1.15,
    1.15,
    1.15,
    1.15,
    1.15,
    1.15,
    1.15,
    1.3,
    1.3,
    2.3,
    2.15,
    2.0,
    1.0
  ],
  "gedig_auc": 0.36307854137447404,
  "step_limit": 500,
  "meta": {
    "gedig_version": "R2_frontier",
    "frontier_weight": 0.15,
    "gedig_assumed_max": 6.2,
    "n1_hist": [
      5,
      25,
      15,
      1,
      0
    ],
    "n2_hist": [
      6,
      18,
      10,
      9,
      3,
      0,
      0,
      0,
      0
    ],
    "n2_longest_zero_streak": 4,
    "n2_mean_zero_streak": 3.0,
    "n2_zero_fraction": 0.13043478260869565
  }
}