{
  "seed": 3,
  "maze_size": [
    8,
    8
  ],
  "policy": "gedig_r2",
  "success": true,
  "steps": 48,
  "unique_cells": 35,
  "path_efficiency": 0.2916666666666667,
  "exploration_ratio": 0.7291666666666666,
  "gedig_series": [
    2.15,
    2.15,
    2.15,
    2.15,
    2.15,
    2.15,
    2.15,
    2.15,
    2.45,
    4.6,
    3.75,
    4.6,
    3.6,
    3.45,
    3.45,
    3.45,
    3.45,
    3.3,
    2.3,
    3.15,
    2.3,
    2.15,
    2.15,
    2.15,
    2.15,
    2.15,
    2.0,
    1.0,
    0.0,
    0.0,
    0.0,
    0.0,
    0.0,
    0.0,
    0.0,
    0.0,
    0.0,
    0.0,
    0.15,
    1.0,
    1.0,
    0.15,
    1.15,
    2.15,
    2.15,
    2.15,
    2.15,
    2.15
  ],
  "gedig_auc": 0.2990591397849462,
  "step_limit": 500,
  "meta": {
    "gedig_version": "R2_frontier",
    "frontier_weight": 0.15,
    "gedig_assumed_max": 6.2,
    "n1_hist": [
      14,
      24,
      8,
      2,
      0
    ],
    "n2_hist": [
      14,
      22,
      3,
      5,
      3,
      1,
      0,
      0,
      0
    ],
    "n2_longest_zero_streak": 12,
    "n2_mean_zero_streak": 7.0,
    "n2_zero_fraction": 0.2916666666666667
  }
}