{
  "seed": 2,
  "maze_size": [
    8,
    8
  ],
  "policy": "gedig_r2",
  "success": true,
  "steps": 38,
  "unique_cells": 37,
  "path_efficiency": 0.3684210526315789,
  "exploration_ratio": 0.9736842105263158,
  "gedig_series": [
    2.15,
    2.15,
    2.15,
    2.15,
    2.3,
    3.3,
    3.45,
    3.45,
    3.45,
    2.45,
    3.45,
    3.45,
    3.6,
    4.6,
    3.6,
    3.45,
    3.45,
    3.45,
    3.45,
    2.3,
    2.15,
    2.15,
    2.15,
    2.15,
    2.15,
    2.15,
    2.15,
    2.15,
    2.15,
    2.15,
    2.0,
    1.0,
    0.15,
    1.15,
    2.15,
    2.15,
    2.15,
    2.0
  ],
  "gedig_auc": 0.4076825127334465,
  "step_limit": 500,
  "meta": {
    "gedig_version": "R2_frontier",
    "frontier_weight": 0.15,
    "gedig_assumed_max": 6.2,
    "n1_hist": [
      2,
      23,
      12,
      1,
      0
    ],
    "n2_hist": [
      3,
      19,
      3,
      10,
      3,
      0,
      0,
      0,
      0
    ],
    "n2_longest_zero_streak": 2,
    "n2_mean_zero_streak": 1.5,
    "n2_zero_fraction": 0.07894736842105263
  }
}