{
  "seed": 9,
  "maze_size": [
    8,
    8
  ],
  "policy": "gedig_r2",
  "success": true,
  "steps": 38,
  "unique_cells": 34,
  "path_efficiency": 0.3684210526315789,
  "exploration_ratio": 0.8947368421052632,
  "gedig_series": [
    2.15,
    2.15,
    2.15,
    2.15,
    2.3,
    3.3,
    3.45,
    3.45,
    3.45,
    3.45,
    3.45,
    3.45,
    3.45,
    4.6,
    3.6,
    3.45,
    3.45,
    3.45,
    3.45,
    3.45,
    2.3,
    2.15,
    2.3,
    3.3,
    2.3,
    2.15,
    2.0,
    1.0,
    0.15,
    1.15,
    2.0,
    1.0,
    0.3,
    2.3,
    2.15,
    1.3,
    2.0,
    1.0
  ],
  "gedig_auc": 0.40174023769100176,
  "step_limit": 500,
  "meta": {
    "gedig_version": "R2_frontier",
    "frontier_weight": 0.15,
    "gedig_assumed_max": 6.2,
    "n1_hist": [
      5,
      16,
      16,
      1,
      0
    ],
    "n2_hist": [
      6,
      9,
      9,
      12,
      2,
      0,
      0,
      0,
      0
    ],
    "n2_longest_zero_streak": 2,
    "n2_mean_zero_streak": 2.0,
    "n2_zero_fraction": 0.15789473684210525
  }
}