{
  "runs": 30,
  "success_rate": 0.7333333333333333,
  "mean_steps_success": 192.54545454545453,
  "path_efficiency_mean": 0.20794438221440809,
  "exploration_ratio_mean": 0.46044787367273665,
  "gedig_auc_mean": 0.23948492839311997,
  "gedig_auc_stdev": 0.12232057453382257,
  "note": "Overall aggregate of all episodes."
}