{
  "gedig_simple": {
    "runs": 10,
    "success_rate": 0.8,
    "mean_steps_success": 189.5,
    "path_efficiency_mean": 0.21468148533332893,
    "exploration_ratio_mean": 0.4750377700470578,
    "gedig_auc_mean": 0.22231893120430027,
    "gedig_auc_stdev": 0.14807763782553574
  },
  "gedig_r2": {
    "runs": 10,
    "success_rate": 0.7,
    "mean_steps_success": 194.28571428571428,
    "path_efficiency_mean": 0.2040946090035962,
    "exploration_ratio_mean": 0.4531529254855761,
    "gedig_auc_mean": 0.2448087891764876,
    "gedig_auc_stdev": 0.10422896016818481
  },
  "gedig_r2_adaptive_0.1_0.25": {
    "runs": 10,
    "success_rate": 0.7,
    "mean_steps_success": 194.28571428571428,
    "path_efficiency_mean": 0.2040946090035962,
    "exploration_ratio_mean": 0.4531529254855761,
    "gedig_auc_mean": 0.25132706479857203,
    "gedig_auc_stdev": 0.10785663982040772
  }
}