{
  "metrics": [
    "loop_redundancy",
    "clipped_redundancy",
    "unique_coverage",
    "backtrack_rate",
    "mean_geDIG",
    "geDIG_low_frac"
  ],
  "kind_means": {
    "loop_redundancy": {
      "normal": {
        "mean": 2.4863387978142075,
        "ci_low": 2.3333333333333335,
        "ci_high": 2.639344262295082
      },
      "random": {
        "mean": 7.733333333333334,
        "ci_low": 5.133333333333334,
        "ci_high": 10.333333333333334
      },
      "zero": {
        "mean": 6.6125,
        "ci_low": 5.625,
        "ci_high": 7.6
      }
    },
    "clipped_redundancy": {
      "normal": {
        "mean": 2.4863387978142075,
        "ci_low": 2.3333333333333335,
        "ci_high": 2.639344262295082
      },
      "random": {
        "mean": 7.733333333333334,
        "ci_low": 5.133333333333334,
        "ci_high": 10.333333333333334
      },
      "zero": {
        "mean": 6.6125,
        "ci_low": 5.625,
        "ci_high": 7.6
      }
    },
    "unique_coverage": {
      "normal": {
        "mean": 0.4968944099378882,
        "ci_low": 0.4968944099378882,
        "ci_high": 0.4968944099378882
      },
      "random": {
        "mean": 0.19752827817343946,
        "ci_low": 0.16129032258064516,
        "ci_high": 0.23376623376623376
      },
      "zero": {
        "mean": 0.19663742690058478,
        "ci_low": 0.17105263157894737,
        "ci_high": 0.2222222222222222
      }
    },
    "backtrack_rate": {
      "normal": {
        "mean": 0.184375,
        "ci_low": 0.16875,
        "ci_high": 0.2
      },
      "random": {
        "mean": 0.5320368584592307,
        "ci_low": 0.45751633986928103,
        "ci_high": 0.6065573770491803
      },
      "zero": {
        "mean": 0.432434456928839,
        "ci_low": 0.4266666666666667,
        "ci_high": 0.43820224719101125
      }
    },
    "mean_geDIG": {
      "normal": {
        "mean": 0.1606389653545496,
        "ci_low": 0.1606215652655997,
        "ci_high": 0.1606563654434995
      },
      "random": {
        "mean": 0.1028657716942564,
        "ci_low": 0.07636164833651653,
        "ci_high": 0.12936989505199628
      },
      "zero": {
        "mean": 0.09673484281480729,
        "ci_low": 0.08791354099036244,
        "ci_high": 0.10555614463925214
      }
    },
    "geDIG_low_frac": {
      "normal": {
        "mean": 0.8742138364779874,
        "ci_low": 0.8742138364779874,
        "ci_high": 0.8742138364779874
      },
      "random": {
        "mean": 0.9088050314465409,
        "ci_low": 0.8742138364779874,
        "ci_high": 0.9433962264150944
      },
      "zero": {
        "mean": 0.9025157232704403,
        "ci_low": 0.8805031446540881,
        "ci_high": 0.9245283018867925
      }
    }
  },
  "diffs_normal_minus": {
    "loop_redundancy": {
      "random": {
        "mean_diff": -5.246994535519127,
        "ci_low": -8.0,
        "ci_high": -2.4939890710382517
      },
      "zero": {
        "mean_diff": -4.126161202185792,
        "ci_low": -5.266666666666666,
        "ci_high": -2.985655737704918
      }
    },
    "clipped_redundancy": {
      "random": {
        "mean_diff": -5.246994535519127,
        "ci_low": -8.0,
        "ci_high": -2.4939890710382517
      },
      "zero": {
        "mean_diff": -4.126161202185792,
        "ci_low": -5.266666666666666,
        "ci_high": -2.985655737704918
      }
    },
    "unique_coverage": {
      "random": {
        "mean_diff": 0.2993661317644487,
        "ci_low": 0.2631281761716544,
        "ci_high": 0.335604087357243
      },
      "zero": {
        "mean_diff": 0.3002569830373034,
        "ci_low": 0.274672187715666,
        "ci_high": 0.3258417783589408
      }
    },
    "backtrack_rate": {
      "random": {
        "mean_diff": -0.34766185845923064,
        "ci_low": -0.4378073770491803,
        "ci_high": -0.273141339869281
      },
      "zero": {
        "mean_diff": -0.24805945692883896,
        "ci_low": -0.26945224719101124,
        "ci_high": -0.23243445692883896
      }
    },
    "mean_geDIG": {
      "random": {
        "mean_diff": 0.05777319366029321,
        "ci_low": 0.03125167021360342,
        "ci_high": 0.08429471710698298
      },
      "zero": {
        "mean_diff": 0.06390412253974231,
        "ci_low": 0.05506542062634756,
        "ci_high": 0.07272542436418716
      }
    },
    "geDIG_low_frac": {
      "random": {
        "mean_diff": -0.03459119496855345,
        "ci_low": -0.0691823899371069,
        "ci_high": 0.0
      },
      "zero": {
        "mean_diff": -0.028301886792452824,
        "ci_low": -0.05031446540880502,
        "ci_high": -0.0062893081761006275
      }
    }
  }
}