{
  "timestamp": "20250909_201108",
  "total_queries": 19,
  "accepted": 7,
  "rejected": 12,
  "acceptance_rate": 36.84210526315789,
  "by_category": {
    "Direct": {
      "accepted": 2,
      "total": 5,
      "rate": 40.0
    },
    "Synthesis": {
      "accepted": 2,
      "total": 5,
      "rate": 40.0
    },
    "Extension": {
      "accepted": 2,
      "total": 5,
      "rate": 40.0
    },
    "Novel": {
      "accepted": 1,
      "total": 4,
      "rate": 25.0
    }
  },
  "quality_metrics": {
    "accepted": {
      "avg_novelty": 0.6142857142857142,
      "avg_similarity": 0.18885714285714286,
      "avg_gedig_score": 0.7794285714285714,
      "avg_edges_added": 2.4285714285714284
    },
    "rejected": {
      "avg_novelty": 0.6,
      "avg_similarity": 0.18999999999999997,
      "avg_gedig_score": 0.847
    }
  }
}