{
  "seed": 9,
  "maze_size": [
    12,
    12
  ],
  "policy": "gedig_simple",
  "success": true,
  "steps": 38,
  "unique_cells": 37,
  "path_efficiency": 0.5789473684210527,
  "exploration_ratio": 0.9736842105263158,
  "gedig_series": [
    2.0,
    2.0,
    2.0,
    2.0,
    2.0,
    2.0,
    2.0,
    2.0,
    2.0,
    2.0,
    2.0,
    2.0,
    2.0,
    2.0,
    2.0,
    4.0,
    3.0,
    3.0,
    2.0,
    1.0,
    0.0,
    1.0,
    2.0,
    2.0,
    2.0,
    3.0,
    3.0,
    3.0,
    3.0,
    3.0,
    3.0,
    2.0,
    3.0,
    3.0,
    3.0,
    4.0,
    3.0,
    2.0
  ],
  "gedig_auc": 0.4631578947368421,
  "step_limit": 500,
  "meta": {
    "gedig_version": "R1_local",
    "frontier_weight": 0.45,
    "gedig_assumed_max": 5,
    "n1_hist": [
      2,
      22,
      12,
      2,
      0
    ],
    "n2_hist": [
      1,
      19,
      7,
      7,
      4,
      0,
      0,
      0,
      0
    ],
    "n2_longest_zero_streak": 1,
    "n2_mean_zero_streak": 1.0,
    "n2_zero_fraction": 0.02631578947368421
  }
}