{
  "metrics": [
    "loop_redundancy",
    "clipped_redundancy",
    "unique_coverage",
    "backtrack_rate",
    "mean_geDIG",
    "geDIG_low_frac"
  ],
  "algo_means": {
    "loop_redundancy": {
      "simple": {
        "mean": 2.568110430012713,
        "ci_low": 1.7787610619469028,
        "ci_high": 4.1020408163265305
      },
      "dfs": {
        "mean": 1.0,
        "ci_low": 1.0,
        "ci_high": 1.0
      },
      "random": {
        "mean": 3.133175819353968,
        "ci_low": 2.0943396226415096,
        "ci_high": 4.674418604651163
      }
    },
    "clipped_redundancy": {
      "simple": {
        "mean": 2.568110430012713,
        "ci_low": 1.7787610619469028,
        "ci_high": 4.1020408163265305
      },
      "dfs": {
        "mean": 1.0,
        "ci_low": 1.0,
        "ci_high": 1.0
      },
      "random": {
        "mean": 3.133175819353968,
        "ci_low": 2.0943396226415096,
        "ci_high": 4.674418604651163
      }
    },
    "unique_coverage": {
      "simple": {
        "mean": 0.704113839405125,
        "ci_low": 0.4577114427860696,
        "ci_high": 0.8387096774193549
      },
      "dfs": {
        "mean": 1.0,
        "ci_low": 1.0,
        "ci_high": 1.0
      },
      "random": {
        "mean": 0.7223932494945849,
        "ci_low": 0.6119402985074627,
        "ci_high": 0.7894736842105262
      }
    },
    "backtrack_rate": {
      "simple": {
        "mean": 0.1143073593073593,
        "ci_low": 0.07,
        "ci_high": 0.19499999999999998
      },
      "dfs": {
        "mean": 0.0,
        "ci_low": 0.0,
        "ci_high": 0.0
      },
      "random": {
        "mean": 0.16631907308377894,
        "ci_low": 0.12941176470588237,
        "ci_high": 0.215
      }
    },
    "mean_geDIG": {
      "simple": {
        "mean": -0.03819051471988776,
        "ci_low": -0.042579567884787485,
        "ci_high": -0.03236531338790411
      }
    },
    "geDIG_low_frac": {
      "simple": {
        "mean": 1.0,
        "ci_low": 1.0,
        "ci_high": 1.0
      }
    }
  },
  "diffs_simple_minus": {
    "loop_redundancy": {
      "dfs": {
        "mean_diff": 1.5681104300127129,
        "ci_low": 0.7787610619469028,
        "ci_high": 3.1020408163265305
      },
      "random": {
        "mean_diff": -0.5650653893412549,
        "ci_low": -2.1845955181984142,
        "ci_high": 1.0693875227885057
      }
    },
    "clipped_redundancy": {
      "dfs": {
        "mean_diff": 1.5681104300127129,
        "ci_low": 0.7787610619469028,
        "ci_high": 3.1020408163265305
      },
      "random": {
        "mean_diff": -0.5650653893412549,
        "ci_low": -2.1845955181984142,
        "ci_high": 1.0693875227885057
      }
    },
    "unique_coverage": {
      "dfs": {
        "mean_diff": -0.29588616059487505,
        "ci_low": -0.5422885572139304,
        "ci_high": -0.16129032258064513
      },
      "random": {
        "mean_diff": -0.01827941008945999,
        "ci_low": -0.25677916722692834,
        "ci_high": 0.16789779668932303
      }
    },
    "backtrack_rate": {
      "dfs": {
        "mean_diff": 0.1143073593073593,
        "ci_low": 0.07,
        "ci_high": 0.19499999999999998
      },
      "random": {
        "mean_diff": -0.05201171377641964,
        "ci_low": -0.12220779220779218,
        "ci_high": 0.018184364654952878
      }
    },
    "mean_geDIG": {},
    "geDIG_low_frac": {}
  }
}