{
  "seed": 7,
  "maze_size": [
    12,
    12
  ],
  "policy": "gedig_r2",
  "success": true,
  "steps": 182,
  "unique_cells": 81,
  "path_efficiency": 0.12087912087912088,
  "exploration_ratio": 0.44505494505494503,
  "gedig_series": [
    2.25,
    2.25,
    2.25,
    2.25,
    2.25,
    2.25,
    2.25,
    2.25,
    2.25,
    2.25,
    2.25,
    2.25,
    2.25,
    2.25,
    2.25,
    2.25,
    2.25,
    2.25,
    2.25,
    2.25,
    2.25,
    2.25,
    2.25,
    2.25,
    2.5,
    3.5,
    2.5,
    2.25,
    2.5,
    3.5,
    3.75,
    3.75,
    3.75,
    3.75,
    3.75,
    3.75,
    3.75,
    3.5,
    2.75,
    3.5,
    2.5,
    2.25,
    2.5,
    3.75,
    4.0,
    5.0,
    4.0,
    3.75,
    3.75,
    3.75,
    4.0,
    5.0,
    4.0,
    3.75,
    3.75,
    3.75,
    3.75,
    3.5,
    3.25,
    2.25,
    1.25,
    1.25,
    1.25,
    1.25,
    1.5,
    1.5,
    2.0,
    1.0,
    0.5,
    2.5,
    2.25,
    1.5,
    2.0,
    1.0,
    0.5,
    2.5,
    3.5,
    2.5,
    2.0,
    1.0,
    0.25,
    1.25,
    1.5,
    2.25,
    2.25,
    2.0,
    1.0,
    0.0,
    0.0,
    0.0,
    0.0,
    0.0,
    0.0,
    0.0,
    0.0,
    0.0,
    0.0,
    0.0,
    0.0,
    0.0,
    0.0,
    0.0,
    0.0,
    0.0,
    0.25,
    1.0,
    1.0,
    0.0,
    0.0,
    0.0,
    0.0,
    0.0,
    0.0,
    0.0,
    0.0,
    0.0,
    0.0,
    0.0,
    0.0,
    0.0,
    0.0,
    0.0,
    0.0,
    0.0,
    0.0,
    0.0,
    0.0,
    0.0,
    0.0,
    0.0,
    0.0,
    0.0,
    0.0,
    0.0,
    0.0,
    0.0,
    0.0,
    0.0,
    0.0,
    0.0,
    0.0,
    0.0,
    0.0,
    0.0,
    0.25,
    1.25,
    2.25,
    2.25,
    2.0,
    1.0,
    0.0,
    0.0,
    0.0,
    0.0,
    0.0,
    0.0,
    0.0,
    0.0,
    0.0,
    0.0,
    0.0,
    0.0,
    0.0,
    0.0,
    0.0,
    0.0,
    0.0,
    0.0,
    0.0,
    0.0,
    0.0,
    0.0,
    0.0,
    0.0,
    0.0,
    0.0,
    0.0,
    0.0,
    0.25,
    1.25,
    2.0,
    1.0
  ],
  "gedig_auc": 0.18681318681318682,
  "step_limit": 500,
  "meta": {
    "gedig_version": "R2_frontier",
    "frontier_weight": 0.25,
    "gedig_assumed_max": 7.0,
    "n1_hist": [
      95,
      57,
      28,
      2,
      0
    ],
    "n2_hist": [
      96,
      44,
      20,
      16,
      6,
      0,
      0,
      0,
      0
    ],
    "n2_longest_zero_streak": 39,
    "n2_mean_zero_streak": 13.714285714285714,
    "n2_zero_fraction": 0.5274725274725275
  }
}