{
  "insightspike": {
    "success_rate": 1.0,
    "avg_steps": 140.2,
    "avg_redundancy": 1.4997438852605967,
    "avg_coverage": 0.5171974522292994,
    "avg_runtime": 1.2345556735992431
  },
  "dfs": {
    "success_rate": 1.0,
    "avg_steps": 54.6,
    "avg_redundancy": 1.0,
    "avg_coverage": 0.3617834394904459,
    "avg_runtime": 0.0001655101776123047
  },
  "random": {
    "success_rate": 1.0,
    "avg_steps": 130.2,
    "avg_redundancy": 1.73051218561898,
    "avg_coverage": 0.47388535031847134,
    "avg_runtime": 0.0018568992614746093
  }
}