{
  "metrics": [
    "loop_redundancy",
    "clipped_redundancy",
    "unique_coverage",
    "backtrack_rate",
    "mean_geDIG",
    "geDIG_low_frac"
  ],
  "algo_means": {
    "loop_redundancy": {
      "simple": {
        "mean": 48.120000000000005,
        "ci_low": 16.04,
        "ci_high": 48.120000000000005
      },
      "dfs": {
        "mean": 1.0,
        "ci_low": 1.0,
        "ci_high": 1.0
      },
      "random": {
        "mean": 3.697091610091359,
        "ci_low": 3.2601626016260163,
        "ci_high": 4.134020618556701
      }
    },
    "clipped_redundancy": {
      "simple": {
        "mean": 48.120000000000005,
        "ci_low": 16.04,
        "ci_high": 80.2
      },
      "dfs": {
        "mean": 1.0,
        "ci_low": 1.0,
        "ci_high": 1.0
      },
      "random": {
        "mean": 3.697091610091359,
        "ci_low": 3.2601626016260163,
        "ci_high": 4.134020618556701
      }
    },
    "unique_coverage": {
      "simple": {
        "mean": 0.43640897755610975,
        "ci_low": 0.36658354114713215,
        "ci_high": 0.43640897755610975
      },
      "dfs": {
        "mean": 1.0,
        "ci_low": 1.0,
        "ci_high": 1.0
      },
      "random": {
        "mean": 0.45261845386533667,
        "ci_low": 0.4014962593516209,
        "ci_high": 0.45261845386533667
      }
    },
    "backtrack_rate": {
      "simple": {
        "mean": 0.1925,
        "ci_low": 0.15,
        "ci_high": 0.235
      },
      "dfs": {
        "mean": 0.0,
        "ci_low": 0.0,
        "ci_high": 0.0
      },
      "random": {
        "mean": 0.2675,
        "ci_low": 0.2675,
        "ci_high": 0.2675
      }
    },
    "mean_geDIG": {
      "simple": {
        "mean": 0.17830684206475783,
        "ci_low": 0.17072840991149335,
        "ci_high": 0.18588527421802234
      }
    },
    "geDIG_low_frac": {
      "simple": {
        "mean": 0.8471177944862155,
        "ci_low": 0.8471177944862155,
        "ci_high": 0.8471177944862155
      }
    }
  },
  "diffs_simple_minus": {
    "loop_redundancy": {
      "dfs": {
        "mean_diff": 47.120000000000005,
        "ci_low": 15.04,
        "ci_high": 79.2
      },
      "random": {
        "mean_diff": 44.42290838990864,
        "ci_low": 12.34290838990864,
        "ci_high": 44.85983739837399
      }
    },
    "clipped_redundancy": {
      "dfs": {
        "mean_diff": 47.120000000000005,
        "ci_low": 47.120000000000005,
        "ci_high": 79.2
      },
      "random": {
        "mean_diff": 44.42290838990864,
        "ci_low": 11.905979381443299,
        "ci_high": 44.42290838990864
      }
    },
    "unique_coverage": {
      "dfs": {
        "mean_diff": -0.5635910224438903,
        "ci_low": -0.6334164588528679,
        "ci_high": -0.4937655860349127
      },
      "random": {
        "mean_diff": -0.016209476309226922,
        "ci_low": -0.08603491271820451,
        "ci_high": 0.034912718204488824
      }
    },
    "backtrack_rate": {
      "dfs": {
        "mean_diff": 0.1925,
        "ci_low": 0.15,
        "ci_high": 0.235
      },
      "random": {
        "mean_diff": -0.07500000000000001,
        "ci_low": -0.11750000000000002,
        "ci_high": -0.03250000000000003
      }
    },
    "mean_geDIG": {},
    "geDIG_low_frac": {}
  }
}