{
  "experiment_info": {
    "timestamp": "20250630_230406",
    "experiment_type": "InsightSpike Embedding Comparison",
    "config": {
      "num_questions": 50,
      "num_trials": 3,
      "max_response_time": 10.0,
      "embedding_dim": 384,
      "similarity_threshold": 0.7
    },
    "num_questions": 50,
    "systems_tested": [
      "no_rag",
      "simple_rag",
      "insightspike_no_emb",
      "insightspike_with_emb"
    ]
  },
  "results": {
    "no_rag": {
      "system_name": "No-RAG Baseline",
      "total_questions": 50,
      "avg_accuracy": 0.4532525252525253,
      "avg_response_time": 0.10250729560852051,
      "total_time": 5.125364780426025
    },
    "simple_rag": {
      "system_name": "Simple RAG Baseline",
      "total_questions": 50,
      "avg_accuracy": 0.7507474747474749,
      "avg_response_time": 0.15584460735321046,
      "total_time": 7.7922303676605225
    },
    "insightspike_no_emb": {
      "system_name": "InsightSpike (No Embedding)",
      "total_questions": 50,
      "avg_accuracy": 0.1412121212121212,
      "avg_response_time": 0.022601985931396486,
      "total_time": 1.1300992965698242
    },
    "insightspike_with_emb": {
      "system_name": "InsightSpike (With Embedding)",
      "total_questions": 50,
      "avg_accuracy": 0.1412121212121212,
      "avg_response_time": 1.5455651330947875,
      "total_time": 77.27825665473938
    }
  },
  "rankings": {
    "accuracy": [
      {
        "system": "Simple RAG Baseline",
        "key": "simple_rag",
        "accuracy": 0.7507474747474749,
        "response_time": 0.15584460735321046,
        "std_accuracy": 0.2885824156659033,
        "std_response_time": 0.002405002899826228,
        "efficiency": 4.817282339747313
      },
      {
        "system": "No-RAG Baseline",
        "key": "no_rag",
        "accuracy": 0.4532525252525253,
        "response_time": 0.10250729560852051,
        "std_accuracy": 0.31029001182707927,
        "std_response_time": 0.001680790649548709,
        "efficiency": 4.4216611370132615
      },
      {
        "system": "InsightSpike (No Embedding)",
        "key": "insightspike_no_emb",
        "accuracy": 0.1412121212121212,
        "response_time": 0.022601985931396486,
        "std_accuracy": 0.1384102312072581,
        "std_response_time": 0.0017797989445997738,
        "efficiency": 6.247774936270668
      },
      {
        "system": "InsightSpike (With Embedding)",
        "key": "insightspike_with_emb",
        "accuracy": 0.1412121212121212,
        "response_time": 1.5455651330947875,
        "std_accuracy": 0.1384102312072581,
        "std_response_time": 0.6789846737801778,
        "efficiency": 0.09136601116858972
      }
    ],
    "speed": [
      {
        "system": "InsightSpike (No Embedding)",
        "key": "insightspike_no_emb",
        "accuracy": 0.1412121212121212,
        "response_time": 0.022601985931396486,
        "std_accuracy": 0.1384102312072581,
        "std_response_time": 0.0017797989445997738,
        "efficiency": 6.247774936270668
      },
      {
        "system": "No-RAG Baseline",
        "key": "no_rag",
        "accuracy": 0.4532525252525253,
        "response_time": 0.10250729560852051,
        "std_accuracy": 0.31029001182707927,
        "std_response_time": 0.001680790649548709,
        "efficiency": 4.4216611370132615
      },
      {
        "system": "Simple RAG Baseline",
        "key": "simple_rag",
        "accuracy": 0.7507474747474749,
        "response_time": 0.15584460735321046,
        "std_accuracy": 0.2885824156659033,
        "std_response_time": 0.002405002899826228,
        "efficiency": 4.817282339747313
      },
      {
        "system": "InsightSpike (With Embedding)",
        "key": "insightspike_with_emb",
        "accuracy": 0.1412121212121212,
        "response_time": 1.5455651330947875,
        "std_accuracy": 0.1384102312072581,
        "std_response_time": 0.6789846737801778,
        "efficiency": 0.09136601116858972
      }
    ],
    "efficiency": [
      {
        "system": "InsightSpike (No Embedding)",
        "key": "insightspike_no_emb",
        "accuracy": 0.1412121212121212,
        "response_time": 0.022601985931396486,
        "std_accuracy": 0.1384102312072581,
        "std_response_time": 0.0017797989445997738,
        "efficiency": 6.247774936270668
      },
      {
        "system": "Simple RAG Baseline",
        "key": "simple_rag",
        "accuracy": 0.7507474747474749,
        "response_time": 0.15584460735321046,
        "std_accuracy": 0.2885824156659033,
        "std_response_time": 0.002405002899826228,
        "efficiency": 4.817282339747313
      },
      {
        "system": "No-RAG Baseline",
        "key": "no_rag",
        "accuracy": 0.4532525252525253,
        "response_time": 0.10250729560852051,
        "std_accuracy": 0.31029001182707927,
        "std_response_time": 0.001680790649548709,
        "efficiency": 4.4216611370132615
      },
      {
        "system": "InsightSpike (With Embedding)",
        "key": "insightspike_with_emb",
        "accuracy": 0.1412121212121212,
        "response_time": 1.5455651330947875,
        "std_accuracy": 0.1384102312072581,
        "std_response_time": 0.6789846737801778,
        "efficiency": 0.09136601116858972
      }
    ]
  }
}
