{
  "seed": 3,
  "maze_size": [
    8,
    8
  ],
  "policy": "gedig_r2",
  "success": true,
  "steps": 48,
  "unique_cells": 35,
  "path_efficiency": 0.2916666666666667,
  "exploration_ratio": 0.7291666666666666,
  "gedig_series": [
    2.2,
    2.2,
    2.2,
    2.2,
    2.2,
    2.2,
    2.2,
    2.2,
    2.6,
    4.8,
    4.0,
    4.8,
    3.8,
    3.6,
    3.6,
    3.6,
    3.6,
    3.4,
    2.4,
    3.2,
    2.4,
    2.2,
    2.2,
    2.2,
    2.2,
    2.2,
    2.0,
    1.0,
    0.0,
    0.0,
    0.0,
    0.0,
    0.0,
    0.0,
    0.0,
    0.0,
    0.0,
    0.0,
    0.2,
    1.0,
    1.0,
    0.2,
    1.2,
    2.2,
    2.2,
    2.2,
    2.2,
    2.2
  ],
  "gedig_auc": 0.29040404040404044,
  "step_limit": 500,
  "meta": {
    "gedig_version": "R2_frontier",
    "frontier_weight": 0.2,
    "gedig_assumed_max": 6.6,
    "n1_hist": [
      14,
      24,
      8,
      2,
      0
    ],
    "n2_hist": [
      14,
      22,
      3,
      5,
      3,
      1,
      0,
      0,
      0
    ],
    "n2_longest_zero_streak": 12,
    "n2_mean_zero_streak": 7.0,
    "n2_zero_fraction": 0.2916666666666667
  }
}