{
  "runs": 30,
  "success_rate": 0.9,
  "mean_steps_success": 145.25925925925927,
  "path_efficiency_mean": 0.2104434056429589,
  "exploration_ratio_mean": 0.5596581816361148,
  "gedig_auc_mean": 0.2589260154139358,
  "gedig_auc_stdev": 0.11668032769534174,
  "note": "Overall aggregate of all episodes."
}