{
  "gedig_r2": {
    "runs": 10,
    "success_rate": 0.9,
    "mean_steps_success": 150.66666666666666,
    "path_efficiency_mean": 0.207018082692909,
    "exploration_ratio_mean": 0.5586538377456989,
    "gedig_auc_mean": 0.2526262265862695,
    "gedig_auc_stdev": 0.10001236566763445
  },
  "gedig_simple": {
    "runs": 10,
    "success_rate": 0.9,
    "mean_steps_success": 134.44444444444446,
    "path_efficiency_mean": 0.21729405154305872,
    "exploration_ratio_mean": 0.5616668694169465,
    "gedig_auc_mean": 0.26615884344631774,
    "gedig_auc_stdev": 0.14145325073042456
  },
  "gedig_r2_adaptive_0.1_0.25": {
    "runs": 10,
    "success_rate": 0.9,
    "mean_steps_success": 150.66666666666666,
    "path_efficiency_mean": 0.207018082692909,
    "exploration_ratio_mean": 0.5586538377456989,
    "gedig_auc_mean": 0.25799297620922,
    "gedig_auc_stdev": 0.10362687625254023
  }
}