{
  "8x8": {
    "gedig_r2": {
      "runs": 5,
      "success_rate": 1,
      "mean_steps_success": 64.4,
      "path_efficiency_mean": 0.24144629078839605,
      "exploration_ratio_mean": 0.6872276283460494,
      "gedig_auc_mean": 0.2815955363802254,
      "gedig_auc_stdev": 0.06665994504350929
    },
    "gedig_simple": {
      "runs": 5,
      "success_rate": 1,
      "mean_steps_success": 65.6,
      "path_efficiency_mean": 0.25538034188034187,
      "exploration_ratio_mean": 0.7050662393162394,
      "gedig_auc_mean": 0.33950085470085467,
      "gedig_auc_stdev": 0.09919195492274936
    },
    "gedig_r2_adaptive_0.1_0.25": {
      "runs": 5,
      "success_rate": 1,
      "mean_steps_success": 64.4,
      "path_efficiency_mean": 0.24144629078839605,
      "exploration_ratio_mean": 0.6872276283460494,
      "gedig_auc_mean": 0.28910074065202657,
      "gedig_auc_stdev": 0.06960049534950406
    }
  },
  "12x12": {
    "gedig_r2": {
      "runs": 5,
      "success_rate": 0.8,
      "mean_steps_success": 258.5,
      "path_efficiency_mean": 0.16398282257355015,
      "exploration_ratio_mean": 0.4300800471453484,
      "gedig_auc_mean": 0.22365691679231361,
      "gedig_auc_stdev": 0.1178259584293427
    },
    "gedig_simple": {
      "runs": 5,
      "success_rate": 0.8,
      "mean_steps_success": 220.5,
      "path_efficiency_mean": 0.16968618862145476,
      "exploration_ratio_mean": 0.41826749951765385,
      "gedig_auc_mean": 0.19281683219178083,
      "gedig_auc_stdev": 0.13935888609374977
    },
    "gedig_r2_adaptive_0.1_0.25": {
      "runs": 5,
      "success_rate": 0.8,
      "mean_steps_success": 258.5,
      "path_efficiency_mean": 0.16398282257355015,
      "exploration_ratio_mean": 0.4300800471453484,
      "gedig_auc_mean": 0.22688521176641352,
      "gedig_auc_stdev": 0.12123301527869364
    }
  }
}