{
  "seed": 2,
  "maze_size": [
    12,
    12
  ],
  "policy": "gedig_r2",
  "success": true,
  "steps": 422,
  "unique_cells": 93,
  "path_efficiency": 0.052132701421800945,
  "exploration_ratio": 0.22037914691943128,
  "gedig_series": [
    2.35,
    2.35,
    2.35,
    2.35,
    2.35,
    2.35,
    2.35,
    2.35,
    2.35,
    2.35,
    2.35,
    2.35,
    2.35,
    2.35,
    2.35,
    2.35,
    2.35,
    2.35,
    2.35,
    2.35,
    2.35,
    2.35,
    2.35,
    2.35,
    3.05,
    5.4,
    4.4,
    4.05,
    4.05,
    3.7,
    2.7,
    3.35,
    2.7,
    2.35,
    2.35,
    2.35,
    2.35,
    2.35,
    2.35,
    2.35,
    2.7,
    3.7,
    2.7,
    2.35,
    2.0,
    1.0,
    0.0,
    0.0,
    0.0,
    0.0,
    0.0,
    0.0,
    0.0,
    0.0,
    0.0,
    0.0,
    0.0,
    0.0,
    0.0,
    0.0,
    0.0,
    0.0,
    0.35,
    1.35,
    2.0,
    1.0,
    0.0,
    0.0,
    0.0,
    0.0,
    0.0,
    0.0,
    0.0,
    0.0,
    0.0,
    0.0,
    0.0,
    0.0,
    0.0,
    0.0,
    0.0,
    0.0,
    0.0,
    0.0,
    0.0,
    0.0,
    0.0,
    0.0,
    0.0,
    0.0,
    0.0,
    0.0,
    0.0,
    0.0,
    0.0,
    0.0,
    0.0,
    0.0,
    0.0,
    0.0,
    0.0,
    0.0,
    0.0,
    0.0,
    0.0,
    0.0,
    0.0,
    0.0,
    0.0,
    0.0,
    0.0,
    0.0,
    0.0,
    0.0,
    0.0,
    0.0,
    0.0,
    0.0,
    0.0,
    0.0,
    0.0,
    0.0,
    0.0,
    0.0,
    0.0,
    0.0,
    0.0,
    0.0,
    0.0,
    0.0,
    0.0,
    0.0,
    0.0,
    0.0,
    0.0,
    0.0,
    0.0,
    0.0,
    0.0,
    0.0,
    0.0,
    0.0,
    0.0,
    0.0,
    0.0,
    0.0,
    0.0,
    0.0,
    0.0,
    0.0,
    0.0,
    0.0,
    0.0,
    0.0,
    0.0,
    0.0,
    0.0,
    0.0,
    0.0,
    0.0,
    0.0,
    0.0,
    0.0,
    0.0,
    0.0,
    0.0,
    0.0,
    0.0,
    0.0,
    0.0,
    0.0,
    0.0,
    0.0,
    0.0,
    0.0,
    0.0,
    0.0,
    0.0,
    0.0,
    0.0,
    0.0,
    0.0,
    0.0,
    0.0,
    0.0,
    0.0,
    0.0,
    0.0,
    0.0,
    0.0,
    0.0,
    0.0,
    0.0,
    0.0,
    0.0,
    0.0,
    0.0,
    0.0,
    0.0,
    0.0,
    0.0,
    0.0,
    0.0,
    0.0,
    0.0,
    0.0,
    0.0,
    0.0,
    0.35,
    1.0,
    1.0,
    0.35,
    1.35,
    2.35,
    2.7,
    3.7,
    4.05,
    3.7,
    2.7,
    2.35,
    2.35,
    2.35,
    2.7,
    4.05,
    4.4,
    5.4,
    4.4,
    4.05,
    4.05,
    4.05,
    4.05,
    4.05,
    4.05,
    4.05,
    4.05,
    4.05,
    4.05,
    3.7,
    2.7,
    3.35,
    2.7,
    2.35,
    2.0,
    1.0,
    0.0,
    0.0,
    0.35,
    1.0,
    1.0,
    0.35,
    1.35,
    2.35,
    2.0,
    1.0,
    0.35,
    1.35,
    2.0,
    1.0,
    0.7,
    2.7,
    3.7,
    2.7,
    2.0,
    1.0,
    0.35,
    1.0,
    1.0,
    0.0,
    0.0,
    0.0,
    0.0,
    0.0,
    0.0,
    0.0,
    0.0,
    0.0,
    0.0,
    0.0,
    0.0,
    0.0,
    0.0,
    0.0,
    0.0,
    0.0,
    0.0,
    0.0,
    0.0,
    0.0,
    0.0,
    0.0,
    0.0,
    0.0,
    0.0,
    0.0,
    0.0,
    0.0,
    0.0,
    0.0,
    0.0,
    0.0,
    0.0,
    0.0,
    0.0,
    0.0,
    0.0,
    0.0,
    0.0,
    0.0,
    0.0,
    0.0,
    0.0,
    0.0,
    0.0,
    0.0,
    0.0,
    0.0,
    0.0,
    0.0,
    0.0,
    0.0,
    0.0,
    0.0,
    0.0,
    0.0,
    0.0,
    0.0,
    0.0,
    0.0,
    0.0,
    0.0,
    0.0,
    0.0,
    0.0,
    0.0,
    0.0,
    0.0,
    0.0,
    0.0,
    0.0,
    0.0,
    0.0,
    0.0,
    0.0,
    0.0,
    0.0,
    0.0,
    0.0,
    0.0,
    0.0,
    0.0,
    0.0,
    0.0,
    0.0,
    0.0,
    0.0,
    0.0,
    0.0,
    0.0,
    0.0,
    0.0,
    0.0,
    0.0,
    0.0,
    0.0,
    0.0,
    0.0,
    0.0,
    0.0,
    0.0,
    0.0,
    0.0,
    0.0,
    0.0,
    0.0,
    0.0,
    0.0,
    0.0,
    0.0,
    0.0,
    0.0,
    0.0,
    0.0,
    0.0,
    0.0,
    0.0,
    0.0,
    0.0,
    0.0,
    0.0,
    0.0,
    0.0,
    0.0,
    0.0,
    0.0,
    0.0,
    0.0,
    0.0,
    0.0,
    0.0,
    0.0,
    0.0,
    0.0,
    0.0,
    0.0,
    0.0,
    0.0,
    0.0,
    0.0,
    0.0,
    0.0,
    0.0,
    0.0,
    0.0,
    0.0,
    0.0,
    0.0,
    0.0,
    0.0,
    0.0,
    0.35,
    1.35,
    2.0
  ],
  "gedig_auc": 0.08138899015676268,
  "step_limit": 500,
  "meta": {
    "gedig_version": "R2_frontier",
    "frontier_weight": 0.35,
    "gedig_assumed_max": 7.8,
    "n1_hist": [
      330,
      64,
      26,
      2,
      0
    ],
    "n2_hist": [
      331,
      53,
      18,
      15,
      5,
      0,
      0,
      0,
      0
    ],
    "n2_longest_zero_streak": 154,
    "n2_mean_zero_streak": 33.1,
    "n2_zero_fraction": 0.7843601895734598
  }
}