{
  "seed": 7,
  "maze_size": [
    12,
    12
  ],
  "policy": "gedig_r2",
  "success": true,
  "steps": 182,
  "unique_cells": 81,
  "path_efficiency": 0.12087912087912088,
  "exploration_ratio": 0.44505494505494503,
  "gedig_series": [
    2.35,
    2.35,
    2.35,
    2.35,
    2.35,
    2.35,
    2.35,
    2.35,
    2.35,
    2.35,
    2.35,
    2.35,
    2.35,
    2.35,
    2.35,
    2.35,
    2.35,
    2.35,
    2.35,
    2.35,
    2.35,
    2.35,
    2.35,
    2.35,
    2.7,
    3.7,
    2.7,
    2.35,
    2.7,
    3.7,
    4.05,
    4.05,
    4.05,
    4.05,
    4.05,
    4.05,
    4.05,
    3.7,
    3.05,
    3.7,
    2.7,
    2.35,
    2.7,
    4.05,
    4.4,
    5.4,
    4.4,
    4.05,
    4.05,
    4.05,
    4.4,
    5.4,
    4.4,
    4.05,
    4.05,
    4.05,
    4.05,
    3.7,
    3.35,
    2.35,
    1.35,
    1.35,
    1.35,
    1.35,
    1.7,
    1.7,
    2.0,
    1.0,
    0.7,
    2.7,
    2.35,
    1.7,
    2.0,
    1.0,
    0.7,
    2.7,
    3.7,
    2.7,
    2.0,
    1.0,
    0.35,
    1.35,
    1.7,
    2.35,
    2.35,
    2.0,
    1.0,
    0.0,
    0.0,
    0.0,
    0.0,
    0.0,
    0.0,
    0.0,
    0.0,
    0.0,
    0.0,
    0.0,
    0.0,
    0.0,
    0.0,
    0.0,
    0.0,
    0.0,
    0.35,
    1.0,
    1.0,
    0.0,
    0.0,
    0.0,
    0.0,
    0.0,
    0.0,
    0.0,
    0.0,
    0.0,
    0.0,
    0.0,
    0.0,
    0.0,
    0.0,
    0.0,
    0.0,
    0.0,
    0.0,
    0.0,
    0.0,
    0.0,
    0.0,
    0.0,
    0.0,
    0.0,
    0.0,
    0.0,
    0.0,
    0.0,
    0.0,
    0.0,
    0.0,
    0.0,
    0.0,
    0.0,
    0.0,
    0.0,
    0.35,
    1.35,
    2.35,
    2.35,
    2.0,
    1.0,
    0.0,
    0.0,
    0.0,
    0.0,
    0.0,
    0.0,
    0.0,
    0.0,
    0.0,
    0.0,
    0.0,
    0.0,
    0.0,
    0.0,
    0.0,
    0.0,
    0.0,
    0.0,
    0.0,
    0.0,
    0.0,
    0.0,
    0.0,
    0.0,
    0.0,
    0.0,
    0.0,
    0.0,
    0.35,
    1.35,
    2.0,
    1.0
  ],
  "gedig_auc": 0.17864187094956327,
  "step_limit": 500,
  "meta": {
    "gedig_version": "R2_frontier",
    "frontier_weight": 0.35,
    "gedig_assumed_max": 7.8,
    "n1_hist": [
      95,
      57,
      28,
      2,
      0
    ],
    "n2_hist": [
      96,
      44,
      20,
      16,
      6,
      0,
      0,
      0,
      0
    ],
    "n2_longest_zero_streak": 39,
    "n2_mean_zero_streak": 13.714285714285714,
    "n2_zero_fraction": 0.5274725274725275
  }
}