{
  "seed": 1,
  "maze_size": [
    12,
    12
  ],
  "policy": "gedig_r2",
  "success": true,
  "steps": 60,
  "unique_cells": 54,
  "path_efficiency": 0.36666666666666664,
  "exploration_ratio": 0.9,
  "gedig_series": [
    2.35,
    2.35,
    2.35,
    2.35,
    2.35,
    2.35,
    2.35,
    2.35,
    2.35,
    2.35,
    2.35,
    2.35,
    2.35,
    2.35,
    2.35,
    2.35,
    2.35,
    2.35,
    2.35,
    2.35,
    3.05,
    5.4,
    4.75,
    5.4,
    4.4,
    4.05,
    4.05,
    4.05,
    4.05,
    4.05,
    4.05,
    4.05,
    4.05,
    4.05,
    4.05,
    2.7,
    2.35,
    2.35,
    2.35,
    2.35,
    2.7,
    3.7,
    2.7,
    2.35,
    2.35,
    2.0,
    1.0,
    0.35,
    1.35,
    2.0,
    1.0,
    0.35,
    1.35,
    2.0,
    1.0,
    0.35,
    1.7,
    3.05,
    3.7,
    2.7
  ],
  "gedig_auc": 0.3425213675213675,
  "step_limit": 500,
  "meta": {
    "gedig_version": "R2_frontier",
    "frontier_weight": 0.35,
    "gedig_assumed_max": 7.8,
    "n1_hist": [
      6,
      37,
      15,
      2,
      0
    ],
    "n2_hist": [
      6,
      31,
      7,
      12,
      3,
      1,
      0,
      0,
      0
    ],
    "n2_longest_zero_streak": 2,
    "n2_mean_zero_streak": 2.0,
    "n2_zero_fraction": 0.1
  }
}