{
  "seed": 3,
  "maze_size": [
    12,
    12
  ],
  "policy": "gedig_r2",
  "success": true,
  "steps": 118,
  "unique_cells": 84,
  "path_efficiency": 0.1864406779661017,
  "exploration_ratio": 0.711864406779661,
  "gedig_series": [
    2.35,
    2.35,
    2.35,
    2.35,
    2.35,
    2.35,
    2.35,
    2.35,
    2.35,
    2.35,
    2.35,
    2.35,
    2.35,
    2.35,
    2.35,
    2.35,
    3.05,
    5.4,
    4.4,
    4.05,
    4.05,
    3.7,
    2.7,
    2.35,
    2.7,
    3.7,
    2.7,
    2.35,
    2.7,
    3.7,
    2.7,
    2.35,
    2.0,
    1.0,
    0.0,
    0.0,
    0.0,
    0.0,
    0.0,
    0.0,
    0.0,
    0.0,
    0.0,
    0.0,
    0.0,
    0.0,
    0.0,
    0.0,
    0.0,
    0.0,
    0.0,
    0.0,
    0.35,
    1.35,
    2.35,
    2.35,
    2.35,
    2.35,
    2.35,
    2.35,
    2.0,
    1.0,
    0.35,
    1.35,
    2.05,
    3.7,
    4.05,
    4.05,
    4.05,
    4.05,
    4.4,
    5.4,
    4.4,
    4.05,
    4.05,
    3.05,
    3.7,
    4.05,
    4.4,
    5.4,
    4.4,
    4.05,
    4.05,
    3.7,
    2.7,
    2.35,
    2.35,
    2.35,
    2.35,
    2.35,
    2.0,
    1.0,
    0.0,
    0.0,
    0.0,
    0.0,
    0.0,
    0.0,
    0.35,
    1.35,
    2.35,
    2.35,
    2.0,
    1.0,
    0.7,
    2.7,
    2.7,
    2.35,
    2.35,
    2.35,
    2.35,
    2.35,
    2.0,
    1.0,
    0.7,
    2.7,
    2.35,
    2.0
  ],
  "gedig_auc": 0.2718383311603651,
  "step_limit": 500,
  "meta": {
    "gedig_version": "R2_frontier",
    "frontier_weight": 0.35,
    "gedig_assumed_max": 7.8,
    "n1_hist": [
      34,
      57,
      24,
      3,
      0
    ],
    "n2_hist": [
      35,
      44,
      17,
      14,
      8,
      0,
      0,
      0,
      0
    ],
    "n2_longest_zero_streak": 20,
    "n2_mean_zero_streak": 5.833333333333333,
    "n2_zero_fraction": 0.2966101694915254
  }
}