{
  "seed": 5,
  "maze_size": [
    12,
    12
  ],
  "policy": "gedig_r2",
  "success": true,
  "steps": 54,
  "unique_cells": 55,
  "path_efficiency": 0.4074074074074074,
  "exploration_ratio": 1.0185185185185186,
  "gedig_series": [
    2.35,
    2.35,
    2.35,
    2.35,
    2.35,
    2.35,
    2.35,
    2.35,
    2.35,
    2.35,
    2.35,
    2.35,
    2.35,
    2.35,
    2.35,
    2.35,
    3.05,
    5.4,
    4.4,
    4.05,
    4.05,
    4.05,
    4.05,
    4.05,
    2.7,
    2.35,
    2.35,
    2.35,
    2.35,
    2.35,
    2.35,
    2.35,
    2.35,
    2.35,
    2.35,
    2.35,
    2.35,
    2.35,
    2.7,
    3.7,
    4.05,
    4.05,
    4.05,
    3.05,
    3.7,
    4.05,
    4.4,
    5.4,
    4.4,
    4.05,
    4.05,
    4.05,
    3.7,
    2.7
  ],
  "gedig_auc": 0.3942307692307693,
  "step_limit": 500,
  "meta": {
    "gedig_version": "R2_frontier",
    "frontier_weight": 0.35,
    "gedig_assumed_max": 7.8,
    "n1_hist": [
      0,
      34,
      18,
      2,
      0
    ],
    "n2_hist": [
      0,
      29,
      6,
      14,
      5,
      0,
      0,
      0,
      0
    ],
    "n2_longest_zero_streak": 0,
    "n2_mean_zero_streak": 0.0,
    "n2_zero_fraction": 0.0
  }
}