{
  "seed": 6,
  "maze_size": [
    12,
    12
  ],
  "policy": "gedig_r2",
  "success": true,
  "steps": 90,
  "unique_cells": 59,
  "path_efficiency": 0.24444444444444444,
  "exploration_ratio": 0.6555555555555556,
  "gedig_series": [
    2.35,
    2.35,
    2.35,
    2.35,
    2.35,
    2.35,
    2.35,
    2.35,
    2.35,
    2.35,
    3.05,
    5.4,
    4.4,
    4.05,
    4.05,
    4.05,
    4.05,
    4.05,
    4.05,
    4.05,
    3.7,
    3.05,
    3.7,
    4.05,
    4.05,
    4.05,
    4.4,
    5.4,
    4.4,
    4.05,
    4.4,
    5.4,
    4.4,
    3.7,
    3.05,
    3.35,
    2.7,
    2.35,
    2.35,
    2.35,
    2.7,
    3.7,
    2.7,
    2.35,
    2.0,
    1.0,
    0.0,
    0.0,
    0.0,
    0.0,
    0.35,
    1.35,
    2.0,
    1.0,
    0.0,
    0.0,
    0.0,
    0.0,
    0.0,
    0.0,
    0.0,
    0.0,
    0.0,
    0.0,
    0.0,
    0.0,
    0.0,
    0.0,
    0.0,
    0.0,
    0.0,
    0.0,
    0.0,
    0.0,
    0.0,
    0.0,
    0.35,
    1.0,
    1.0,
    0.35,
    1.7,
    2.35,
    2.35,
    2.35,
    2.7,
    2.35,
    2.35,
    2.35,
    2.0,
    1.0
  ],
  "gedig_auc": 0.2606125356125356,
  "step_limit": 500,
  "meta": {
    "gedig_version": "R2_frontier",
    "frontier_weight": 0.35,
    "gedig_assumed_max": 7.8,
    "n1_hist": [
      33,
      33,
      21,
      3,
      0
    ],
    "n2_hist": [
      34,
      25,
      9,
      14,
      8,
      0,
      0,
      0,
      0
    ],
    "n2_longest_zero_streak": 24,
    "n2_mean_zero_streak": 8.5,
    "n2_zero_fraction": 0.37777777777777777
  }
}