{
  "seed": 1,
  "maze_size": [
    8,
    8
  ],
  "policy": "gedig_simple",
  "success": true,
  "steps": 90,
  "unique_cells": 44,
  "path_efficiency": 0.15555555555555556,
  "exploration_ratio": 0.4888888888888889,
  "gedig_series": [
    2.0,
    2.0,
    2.0,
    2.0,
    2.0,
    2.0,
    2.0,
    2.0,
    2.0,
    2.0,
    2.0,
    2.0,
    2.0,
    4.0,
    3.0,
    3.0,
    3.0,
    3.0,
    3.0,
    3.0,
    2.0,
    1.0,
    0.0,
    1.0,
    2.0,
    2.0,
    2.0,
    1.0,
    0.0,
    0.0,
    0.0,
    0.0,
    0.0,
    0.0,
    0.0,
    0.0,
    0.0,
    0.0,
    0.0,
    0.0,
    0.0,
    0.0,
    0.0,
    0.0,
    0.0,
    0.0,
    0.0,
    0.0,
    0.0,
    0.0,
    0.0,
    0.0,
    0.0,
    0.0,
    0.0,
    1.0,
    1.0,
    1.0,
    3.0,
    4.0,
    3.0,
    2.0,
    3.0,
    3.0,
    3.0,
    3.0,
    3.0,
    3.0,
    3.0,
    3.0,
    2.0,
    1.0,
    2.0,
    1.0,
    0.0,
    0.0,
    0.0,
    0.0,
    0.0,
    0.0,
    0.0,
    0.0,
    1.0,
    1.0,
    1.0,
    1.0,
    1.0,
    0.0,
    2.0,
    1.0
  ],
  "gedig_auc": 0.24888888888888888,
  "step_limit": 500,
  "meta": {
    "gedig_version": "R1_local",
    "frontier_weight": 0.2,
    "gedig_assumed_max": 5,
    "n1_hist": [
      43,
      27,
      18,
      2,
      0
    ],
    "n2_hist": [
      40,
      27,
      10,
      9,
      4,
      0,
      0,
      0,
      0
    ],
    "n2_longest_zero_streak": 28,
    "n2_mean_zero_streak": 8.0,
    "n2_zero_fraction": 0.4444444444444444
  }
}