{
  "seed": 0,
  "maze_size": [
    8,
    8
  ],
  "policy": "gedig_simple",
  "success": true,
  "steps": 52,
  "unique_cells": 45,
  "path_efficiency": 0.2692307692307692,
  "exploration_ratio": 0.8653846153846154,
  "gedig_series": [
    2.0,
    2.0,
    2.0,
    2.0,
    2.0,
    2.0,
    2.0,
    2.0,
    2.0,
    2.0,
    2.0,
    2.0,
    2.0,
    2.0,
    2.0,
    2.0,
    2.0,
    4.0,
    3.0,
    3.0,
    3.0,
    3.0,
    3.0,
    2.0,
    2.0,
    1.0,
    0.0,
    1.0,
    1.0,
    1.0,
    3.0,
    4.0,
    3.0,
    3.0,
    3.0,
    3.0,
    3.0,
    3.0,
    3.0,
    2.0,
    2.0,
    1.0,
    0.0,
    0.0,
    0.0,
    1.0,
    2.0,
    2.0,
    1.0,
    1.0,
    3.0,
    1.0
  ],
  "gedig_auc": 0.40384615384615385,
  "step_limit": 500,
  "meta": {
    "gedig_version": "R1_local",
    "frontier_weight": 0.2,
    "gedig_assumed_max": 5,
    "n1_hist": [
      9,
      27,
      14,
      2,
      0
    ],
    "n2_hist": [
      9,
      25,
      5,
      10,
      3,
      0,
      0,
      0,
      0
    ],
    "n2_longest_zero_streak": 4,
    "n2_mean_zero_streak": 1.8,
    "n2_zero_fraction": 0.17307692307692307
  }
}