{
  "metrics": [
    "loop_redundancy",
    "clipped_redundancy",
    "unique_coverage",
    "backtrack_rate",
    "mean_geDIG",
    "geDIG_low_frac"
  ],
  "algo_means": {
    "loop_redundancy": {
      "simple": {
        "mean": 1.9090909090909092,
        "ci_low": 1.9090909090909092,
        "ci_high": 1.9090909090909092
      },
      "dfs": {
        "mean": 1.0,
        "ci_low": 1.0,
        "ci_high": 1.0
      },
      "random": {
        "mean": 1.0,
        "ci_low": 1.0,
        "ci_high": 1.0
      }
    },
    "clipped_redundancy": {
      "simple": {
        "mean": 1.9090909090909092,
        "ci_low": 1.9090909090909092,
        "ci_high": 1.9090909090909092
      },
      "dfs": {
        "mean": 1.0,
        "ci_low": 1.0,
        "ci_high": 1.0
      },
      "random": {
        "mean": 1.0,
        "ci_low": 1.0,
        "ci_high": 1.0
      }
    },
    "unique_coverage": {
      "simple": {
        "mean": 0.9523809523809523,
        "ci_low": 0.9523809523809523,
        "ci_high": 0.9523809523809523
      },
      "dfs": {
        "mean": 1.0,
        "ci_low": 1.0,
        "ci_high": 1.0
      },
      "random": {
        "mean": 1.0,
        "ci_low": 1.0,
        "ci_high": 1.0
      }
    },
    "backtrack_rate": {
      "simple": {
        "mean": 0.0,
        "ci_low": 0.0,
        "ci_high": 0.0
      },
      "dfs": {
        "mean": 0.0,
        "ci_low": 0.0,
        "ci_high": 0.0
      },
      "random": {
        "mean": 0.0,
        "ci_low": 0.0,
        "ci_high": 0.0
      }
    },
    "mean_geDIG": {
      "simple": {
        "mean": 1.5719667572424807,
        "ci_low": 1.5719667572424807,
        "ci_high": 1.5719667572424807
      }
    },
    "geDIG_low_frac": {
      "simple": {
        "mean": 0.05263157894736842,
        "ci_low": 0.05263157894736842,
        "ci_high": 0.05263157894736842
      }
    }
  },
  "diffs_simple_minus": {
    "loop_redundancy": {
      "dfs": {
        "mean_diff": 0.9090909090909092,
        "ci_low": 0.9090909090909092,
        "ci_high": 0.9090909090909092
      },
      "random": {
        "mean_diff": 0.9090909090909092,
        "ci_low": 0.9090909090909092,
        "ci_high": 0.9090909090909092
      }
    },
    "clipped_redundancy": {
      "dfs": {
        "mean_diff": 0.9090909090909092,
        "ci_low": 0.9090909090909092,
        "ci_high": 0.9090909090909092
      },
      "random": {
        "mean_diff": 0.9090909090909092,
        "ci_low": 0.9090909090909092,
        "ci_high": 0.9090909090909092
      }
    },
    "unique_coverage": {
      "dfs": {
        "mean_diff": -0.04761904761904767,
        "ci_low": -0.04761904761904767,
        "ci_high": -0.04761904761904767
      },
      "random": {
        "mean_diff": -0.04761904761904767,
        "ci_low": -0.04761904761904767,
        "ci_high": -0.04761904761904767
      }
    },
    "backtrack_rate": {
      "dfs": {
        "mean_diff": 0.0,
        "ci_low": 0.0,
        "ci_high": 0.0
      },
      "random": {
        "mean_diff": 0.0,
        "ci_low": 0.0,
        "ci_high": 0.0
      }
    },
    "mean_geDIG": {},
    "geDIG_low_frac": {}
  }
}