{
  "seed": 9,
  "maze_size": [
    32,
    32
  ],
  "policy": "gedig_r2",
  "success": true,
  "steps": 558,
  "unique_cells": 294,
  "path_efficiency": 0.1111111111111111,
  "exploration_ratio": 0.5268817204301075,
  "gedig_series": [
    2.2,
    2.2,
    2.2,
    2.2,
    2.2,
    2.2,
    2.2,
    2.2,
    2.2,
    2.2,
    2.2,
    2.2,
    2.2,
    2.2,
    2.2,
    2.2,
    2.2,
    2.2,
    2.2,
    2.2,
    2.2,
    2.2,
    2.2,
    2.2,
    2.2,
    2.2,
    2.2,
    2.2,
    2.2,
    2.2,
    2.2,
    2.2,
    2.4,
    3.4,
    2.4,
    2.2,
    2.2,
    2.2,
    2.2,
    2.2,
    2.2,
    2.2,
    2.2,
    2.2,
    2.2,
    2.2,
    2.0,
    1.0,
    0.0,
    0.0,
    0.0,
    0.0,
    0.0,
    0.0,
    0.0,
    0.0,
    0.0,
    0.0,
    0.0,
    0.0,
    0.0,
    0.0,
    0.0,
    0.0,
    0.0,
    0.0,
    0.0,
    0.0,
    0.0,
    0.0,
    0.0,
    0.0,
    0.0,
    0.0,
    0.0,
    0.0,
    0.0,
    0.0,
    0.0,
    0.0,
    0.0,
    0.0,
    0.0,
    0.0,
    0.0,
    0.0,
    0.0,
    0.0,
    0.0,
    0.0,
    0.0,
    0.0,
    0.0,
    0.0,
    0.0,
    0.0,
    0.0,
    0.0,
    0.0,
    0.0,
    0.0,
    0.0,
    0.0,
    0.0,
    0.0,
    0.0,
    0.0,
    0.0,
    0.0,
    0.0,
    0.0,
    0.0,
    0.0,
    0.0,
    0.0,
    0.0,
    0.0,
    0.0,
    0.0,
    0.0,
    0.0,
    0.0,
    0.0,
    0.0,
    0.0,
    0.0,
    0.0,
    0.0,
    0.0,
    0.0,
    0.0,
    0.0,
    0.0,
    0.0,
    0.0,
    0.0,
    0.0,
    0.0,
    0.0,
    0.0,
    0.0,
    0.0,
    0.0,
    0.0,
    0.0,
    0.0,
    0.0,
    0.0,
    0.0,
    0.0,
    0.0,
    0.0,
    0.0,
    0.0,
    0.0,
    0.0,
    0.0,
    0.0,
    0.0,
    0.0,
    0.0,
    0.0,
    0.0,
    0.0,
    0.0,
    0.0,
    0.0,
    0.0,
    0.0,
    0.0,
    0.0,
    0.0,
    0.0,
    0.0,
    0.0,
    0.0,
    0.0,
    0.0,
    0.0,
    0.0,
    0.0,
    0.0,
    0.0,
    0.0,
    0.0,
    0.0,
    0.0,
    0.0,
    0.0,
    0.0,
    0.0,
    0.0,
    0.0,
    0.0,
    0.0,
    0.0,
    0.0,
    0.0,
    0.0,
    0.0,
    0.0,
    0.0,
    0.0,
    0.0,
    0.0,
    0.0,
    0.0,
    0.0,
    0.0,
    0.0,
    0.0,
    0.0,
    0.0,
    0.0,
    0.0,
    0.0,
    0.0,
    0.0,
    0.0,
    0.0,
    0.0,
    0.0,
    0.0,
    0.0,
    0.0,
    0.0,
    0.0,
    0.0,
    0.0,
    0.0,
    0.0,
    0.0,
    0.0,
    0.0,
    0.0,
    0.0,
    0.0,
    0.0,
    0.0,
    0.0,
    0.0,
    0.0,
    0.0,
    0.0,
    0.0,
    0.0,
    0.0,
    0.0,
    0.0,
    0.0,
    0.0,
    0.0,
    0.0,
    0.0,
    0.0,
    0.0,
    0.0,
    0.0,
    0.0,
    0.0,
    0.0,
    0.0,
    0.0,
    0.0,
    0.0,
    0.0,
    0.0,
    0.0,
    0.0,
    0.0,
    0.0,
    0.0,
    0.0,
    0.0,
    0.0,
    0.0,
    0.0,
    0.0,
    0.0,
    0.0,
    0.0,
    0.0,
    0.0,
    0.0,
    0.0,
    0.0,
    0.2,
    1.2,
    2.2,
    2.2,
    2.2,
    2.2,
    2.2,
    2.2,
    2.2,
    2.2,
    2.2,
    2.2,
    2.2,
    2.2,
    2.2,
    2.2,
    2.2,
    2.2,
    2.2,
    2.2,
    2.2,
    2.2,
    2.2,
    2.2,
    2.6,
    4.8,
    3.8,
    3.6,
    3.6,
    2.6,
    3.4,
    3.6,
    3.8,
    4.8,
    3.8,
    3.6,
    3.6,
    3.6,
    3.6,
    3.6,
    3.6,
    3.6,
    3.6,
    3.6,
    3.4,
    2.6,
    3.6,
    3.6,
    3.6,
    3.6,
    3.8,
    4.8,
    3.8,
    3.6,
    3.6,
    3.6,
    3.6,
    3.6,
    3.6,
    3.6,
    2.4,
    2.2,
    2.2,
    2.0,
    1.2,
    1.4,
    2.2,
    2.2,
    2.2,
    2.2,
    2.2,
    2.2,
    2.2,
    2.2,
    2.2,
    2.2,
    2.2,
    2.2,
    2.2,
    2.2,
    2.2,
    2.2,
    2.2,
    2.2,
    2.2,
    2.2,
    2.2,
    2.2,
    2.2,
    2.2,
    2.2,
    2.2,
    2.4,
    3.4,
    2.4,
    2.2,
    2.2,
    2.2,
    2.2,
    2.2,
    2.2,
    2.2,
    2.2,
    2.2,
    2.2,
    2.2,
    2.2,
    2.2,
    2.4,
    3.4,
    2.4,
    2.2,
    2.2,
    2.2,
    2.2,
    2.2,
    2.2,
    2.2,
    2.2,
    2.2,
    2.2,
    2.2,
    2.4,
    3.4,
    2.6,
    3.4,
    2.4,
    2.2,
    2.2,
    2.2,
    2.2,
    2.2,
    2.2,
    2.2,
    2.2,
    2.2,
    2.4,
    3.4,
    2.4,
    2.2,
    2.2,
    2.2,
    2.2,
    2.2,
    2.2,
    2.2,
    2.2,
    2.2,
    2.2,
    2.2,
    2.2,
    2.2,
    2.2,
    2.2,
    2.2,
    2.2,
    2.2,
    2.2,
    2.2,
    2.2,
    2.2,
    2.2,
    2.2,
    2.2,
    2.2,
    2.2,
    2.2,
    2.2,
    2.2,
    2.2,
    2.2,
    2.2,
    2.2,
    2.2,
    2.2,
    2.2,
    2.2,
    2.2,
    2.2,
    2.2,
    2.2,
    2.0,
    1.0,
    0.2,
    1.4,
    2.6,
    3.6,
    3.6,
    3.6,
    3.6,
    3.6,
    3.6,
    3.6,
    3.6,
    3.6,
    3.6,
    3.6,
    3.6,
    3.6,
    3.6,
    3.6,
    3.6,
    3.6,
    3.6,
    3.6,
    3.4,
    2.4,
    2.0,
    1.0,
    0.2,
    1.2,
    2.2,
    2.0,
    1.0,
    0.2,
    1.2,
    2.0,
    1.0,
    0.2,
    1.2,
    2.2,
    2.2,
    2.0,
    1.0,
    0.2,
    1.2,
    2.0,
    1.0,
    0.0,
    0.2,
    1.2,
    2.0,
    1.2,
    1.4,
    2.2,
    2.2,
    2.2,
    2.2,
    2.2,
    2.2,
    2.6,
    4.6,
    2.8,
    3.4,
    2.4,
    2.2,
    2.2,
    2.2,
    2.2,
    2.2,
    2.2,
    2.2,
    2.2,
    2.2,
    2.2,
    2.2,
    2.2,
    2.0,
    1.0,
    0.2,
    1.2,
    2.2,
    2.0,
    1.0,
    0.0,
    0.0,
    0.0,
    0.0,
    0.0,
    0.2,
    1.2,
    2.2
  ],
  "gedig_auc": 0.20147713696100794,
  "step_limit": 2500,
  "meta": {
    "gedig_version": "R2_frontier",
    "frontier_weight": 0.2,
    "gedig_assumed_max": 6.6,
    "n1_hist": [
      264,
      232,
      58,
      4,
      0
    ],
    "n2_hist": [
      264,
      210,
      26,
      49,
      9,
      0,
      0,
      0,
      0
    ],
    "n2_longest_zero_streak": 240,
    "n2_mean_zero_streak": 24.0,
    "n2_zero_fraction": 0.4731182795698925
  }
}