{
  "seed": 0,
  "maze_size": [
    32,
    32
  ],
  "policy": "gedig_r2",
  "success": true,
  "steps": 260,
  "unique_cells": 219,
  "path_efficiency": 0.23846153846153847,
  "exploration_ratio": 0.8423076923076923,
  "gedig_series": [
    2.2,
    2.2,
    2.2,
    2.2,
    2.2,
    2.2,
    2.2,
    2.2,
    2.2,
    2.2,
    2.2,
    2.2,
    2.2,
    2.2,
    2.2,
    2.2,
    2.2,
    2.2,
    2.2,
    2.2,
    2.2,
    2.2,
    2.2,
    2.2,
    2.4,
    3.4,
    2.4,
    2.2,
    2.2,
    2.2,
    2.2,
    2.2,
    2.2,
    2.2,
    2.2,
    2.2,
    2.2,
    2.2,
    2.2,
    2.2,
    2.2,
    2.2,
    2.2,
    2.2,
    2.2,
    2.2,
    2.2,
    2.2,
    2.2,
    2.2,
    2.4,
    3.4,
    2.4,
    2.2,
    2.2,
    2.2,
    2.2,
    2.2,
    2.2,
    2.2,
    2.2,
    2.2,
    2.2,
    2.2,
    2.2,
    2.2,
    2.2,
    2.2,
    2.2,
    2.2,
    2.2,
    2.2,
    2.4,
    3.4,
    2.4,
    2.2,
    2.2,
    2.2,
    2.2,
    2.2,
    2.2,
    2.2,
    2.2,
    2.2,
    2.2,
    2.2,
    2.6,
    4.8,
    3.8,
    3.6,
    3.6,
    2.6,
    3.4,
    3.6,
    3.6,
    3.6,
    3.6,
    3.6,
    3.6,
    3.6,
    3.6,
    3.6,
    3.6,
    3.4,
    2.6,
    3.4,
    2.4,
    2.2,
    2.2,
    2.2,
    2.2,
    2.2,
    2.2,
    2.2,
    2.2,
    2.2,
    2.4,
    3.4,
    2.4,
    2.2,
    2.2,
    2.0,
    1.0,
    0.2,
    1.4,
    2.6,
    3.6,
    3.6,
    3.6,
    2.6,
    3.6,
    3.6,
    3.6,
    3.6,
    3.6,
    3.6,
    3.6,
    2.6,
    3.6,
    3.6,
    3.6,
    3.6,
    3.6,
    3.6,
    3.8,
    4.8,
    3.8,
    3.6,
    3.6,
    2.6,
    3.6,
    3.6,
    3.6,
    3.6,
    3.8,
    4.8,
    3.8,
    3.6,
    3.6,
    3.6,
    3.6,
    3.6,
    3.6,
    3.6,
    3.6,
    3.6,
    3.6,
    3.6,
    3.6,
    3.6,
    3.6,
    2.6,
    3.4,
    3.6,
    3.6,
    3.6,
    3.6,
    3.6,
    3.4,
    2.6,
    3.6,
    3.6,
    3.6,
    3.4,
    2.4,
    2.2,
    2.4,
    3.4,
    2.4,
    2.2,
    2.2,
    2.2,
    2.2,
    2.2,
    2.2,
    2.2,
    2.2,
    2.2,
    2.2,
    2.2,
    2.0,
    1.0,
    0.2,
    1.2,
    2.2,
    2.2,
    2.0,
    1.0,
    0.2,
    1.2,
    2.0,
    1.0,
    0.2,
    1.2,
    2.0,
    1.0,
    0.4,
    2.4,
    2.4,
    2.2,
    2.2,
    2.2,
    2.2,
    2.2,
    2.0,
    1.0,
    0.0,
    0.0,
    0.0,
    0.0,
    0.0,
    0.0,
    0.0,
    0.0,
    0.0,
    0.0,
    0.0,
    0.0,
    0.0,
    0.0,
    0.0,
    0.0,
    0.0,
    0.0,
    0.0,
    0.0,
    0.0,
    0.0,
    0.0,
    0.0,
    0.0,
    0.0,
    0.0,
    0.0,
    0.0,
    0.2,
    1.4,
    2.2,
    2.2,
    2.0
  ],
  "gedig_auc": 0.3479020979020979,
  "step_limit": 2500,
  "meta": {
    "gedig_version": "R2_frontier",
    "frontier_weight": 0.2,
    "gedig_assumed_max": 6.6,
    "n1_hist": [
      41,
      142,
      74,
      3,
      0
    ],
    "n2_hist": [
      42,
      117,
      28,
      65,
      8,
      0,
      0,
      0,
      0
    ],
    "n2_longest_zero_streak": 31,
    "n2_mean_zero_streak": 6.0,
    "n2_zero_fraction": 0.16153846153846155
  }
}