{
  "runs": 100,
  "success_rate": 0.69,
  "mean_steps_success": 168.4927536231884,
  "path_efficiency_mean": 0.17577262365216867,
  "exploration_ratio_mean": 0.340774648469471,
  "gedig_auc_mean": 0.17115379643943288,
  "gedig_auc_stdev": 0.1333016265584687,
  "note": "Overall aggregate of all episodes."
}