{
  "random": {
    "runs": 20,
    "success_rate": 0.5,
    "mean_steps_success": 258,
    "path_efficiency_mean": 0.11850496103164425,
    "exploration_ratio_mean": 0.12487051312113569,
    "gedig_auc_mean": 0.07998612751234363,
    "gedig_auc_stdev": 0.06438975598184463
  },
  "threshold_1": {
    "runs": 20,
    "success_rate": 0.9,
    "mean_steps_success": 128.55555555555554,
    "path_efficiency_mean": 0.22029913406106455,
    "exploration_ratio_mean": 0.5464595300266739,
    "gedig_auc_mean": 0.2602527852454698,
    "gedig_auc_stdev": 0.13590552163242847
  },
  "threshold_2": {
    "runs": 20,
    "success_rate": 0.7,
    "mean_steps_success": 173.57142857142858,
    "path_efficiency_mean": 0.15236542768732345,
    "exploration_ratio_mean": 0.3523392066798108,
    "gedig_auc_mean": 0.1755853477669191,
    "gedig_auc_stdev": 0.11117766541950157
  },
  "gedig_simple": {
    "runs": 20,
    "success_rate": 0.9,
    "mean_steps_success": 128.55555555555554,
    "path_efficiency_mean": 0.22029913406106455,
    "exploration_ratio_mean": 0.5464595300266739,
    "gedig_auc_mean": 0.2602527852454698,
    "gedig_auc_stdev": 0.13590552163242847
  },
  "threshold_3": {
    "runs": 20,
    "success_rate": 0.45,
    "mean_steps_success": 220.88888888888889,
    "path_efficiency_mean": 0.09770851198470495,
    "exploration_ratio_mean": 0.1337444624930607,
    "gedig_auc_mean": 0.07969193642696212,
    "gedig_auc_stdev": 0.053157959681925854
  }
}