{
  "8x8": {
    "random": {
      "runs": 10,
      "success_rate": 0.8,
      "mean_steps_success": 232.5,
      "path_efficiency_mean": 0.13271592303599733,
      "exploration_ratio_mean": 0.1758485408011453,
      "gedig_auc_mean": 0.11429433904573923,
      "gedig_auc_stdev": 0.07158383842225682
    },
    "threshold_1": {
      "runs": 10,
      "success_rate": 1,
      "mean_steps_success": 79.8,
      "path_efficiency_mean": 0.22479325304325304,
      "exploration_ratio_mean": 0.61788129000629,
      "gedig_auc_mean": 0.2981866392866393,
      "gedig_auc_stdev": 0.11016206348621527
    },
    "threshold_2": {
      "runs": 10,
      "success_rate": 1,
      "mean_steps_success": 149.4,
      "path_efficiency_mean": 0.16423272503750458,
      "exploration_ratio_mean": 0.44949575585281926,
      "gedig_auc_mean": 0.2247346811206078,
      "gedig_auc_stdev": 0.11703795445632743
    },
    "gedig_simple": {
      "runs": 10,
      "success_rate": 1,
      "mean_steps_success": 79.8,
      "path_efficiency_mean": 0.22479325304325304,
      "exploration_ratio_mean": 0.61788129000629,
      "gedig_auc_mean": 0.2981866392866393,
      "gedig_auc_stdev": 0.11016206348621527
    },
    "threshold_3": {
      "runs": 10,
      "success_rate": 0.8,
      "mean_steps_success": 203.25,
      "path_efficiency_mean": 0.10232539089992015,
      "exploration_ratio_mean": 0.17979058244468496,
      "gedig_auc_mean": 0.10718961871027784,
      "gedig_auc_stdev": 0.05530141872660632
    }
  },
  "12x12": {
    "random": {
      "runs": 10,
      "success_rate": 0.2,
      "mean_steps_success": 360,
      "path_efficiency_mean": 0.06166111301423188,
      "exploration_ratio_mean": 0.07389248544112609,
      "gedig_auc_mean": 0.045677915978948026,
      "gedig_auc_stdev": 0.028525929788506148
    },
    "threshold_1": {
      "runs": 10,
      "success_rate": 0.8,
      "mean_steps_success": 189.5,
      "path_efficiency_mean": 0.21468148533332893,
      "exploration_ratio_mean": 0.4750377700470578,
      "gedig_auc_mean": 0.22231893120430027,
      "gedig_auc_stdev": 0.14807763782553574
    },
    "threshold_2": {
      "runs": 10,
      "success_rate": 0.4,
      "mean_steps_success": 234,
      "path_efficiency_mean": 0.12269718431187057,
      "exploration_ratio_mean": 0.25518265750680236,
      "gedig_auc_mean": 0.12643601441323038,
      "gedig_auc_stdev": 0.07868767282564568
    },
    "gedig_simple": {
      "runs": 10,
      "success_rate": 0.8,
      "mean_steps_success": 189.5,
      "path_efficiency_mean": 0.21468148533332893,
      "exploration_ratio_mean": 0.4750377700470578,
      "gedig_auc_mean": 0.22231893120430027,
      "gedig_auc_stdev": 0.14807763782553574
    },
    "threshold_3": {
      "runs": 10,
      "success_rate": 0.1,
      "mean_steps_success": 362,
      "path_efficiency_mean": 0.06077348066298342,
      "exploration_ratio_mean": 0.08769834254143646,
      "gedig_auc_mean": 0.05219425414364641,
      "gedig_auc_stdev": 0.03287925455369564
    }
  }
}