document_count,system,construction_time,memory_usage_mb,retrieval_accuracy,knowledge_retention,facts_extracted,efficiency_score
50,Baseline_RAG,0.1,1.0,0.616639613552254,0.8235322749469421,150,5022.923846164638
50,InsightSpike_Dynamic,0.06260108947753906,0.5,0.8469409285470729,0.7788804681023668,300,20702.44564023473
100,Baseline_RAG,0.1,1.0,0.6070545717304617,0.751406323478897,300,4511.7718310901255
100,InsightSpike_Dynamic,0.12669992446899414,0.5,0.8469409285470729,0.7788804681023668,600,10310.876087386843
