{
  "metrics": [
    "loop_redundancy",
    "clipped_redundancy",
    "unique_coverage",
    "backtrack_rate",
    "mean_geDIG",
    "geDIG_low_frac"
  ],
  "algo_means": {
    "loop_redundancy": {
      "simple": {
        "mean": 5.952781144967831,
        "ci_low": 2.3660519321202207,
        "ci_high": 10.302126654861286
      },
      "dfs": {
        "mean": 1.0,
        "ci_low": 1.0,
        "ci_high": 1.0
      },
      "random": {
        "mean": 4.448424331441453,
        "ci_low": 2.220086006724257,
        "ci_high": 6.710451270515731
      }
    },
    "clipped_redundancy": {
      "simple": {
        "mean": 5.952781144967831,
        "ci_low": 2.3660519321202207,
        "ci_high": 10.302126654861286
      },
      "dfs": {
        "mean": 1.0,
        "ci_low": 1.0,
        "ci_high": 1.0
      },
      "random": {
        "mean": 4.448424331441453,
        "ci_low": 2.3204705673281594,
        "ci_high": 6.576378095554746
      }
    },
    "unique_coverage": {
      "simple": {
        "mean": 0.6718951817233959,
        "ci_low": 0.5505328032896085,
        "ci_high": 0.819402525408069
      },
      "dfs": {
        "mean": 1.0,
        "ci_low": 1.0,
        "ci_high": 1.0
      },
      "random": {
        "mean": 0.6177389173637122,
        "ci_low": 0.4494003493357786,
        "ci_high": 0.7908266400598652
      }
    },
    "backtrack_rate": {
      "simple": {
        "mean": 0.12418081435472739,
        "ci_low": 0.07912698412698413,
        "ci_high": 0.15887922705314012
      },
      "dfs": {
        "mean": 0.0,
        "ci_low": 0.0,
        "ci_high": 0.0
      },
      "random": {
        "mean": 0.1927945326076113,
        "ci_low": 0.12864736164736165,
        "ci_high": 0.2569417035678609
      }
    },
    "mean_geDIG": {
      "simple": {
        "mean": 0.13398310711588116,
        "ci_low": 0.0663864265726335,
        "ci_high": 0.22626721300878155
      }
    },
    "geDIG_low_frac": {
      "simple": {
        "mean": 0.9049025580638844,
        "ci_low": 0.8275798692557548,
        "ci_high": 0.9596607619058231
      }
    }
  },
  "diffs_simple_minus": {
    "loop_redundancy": {
      "dfs": {
        "mean_diff": 4.952781144967831,
        "ci_low": 1.3660519321202207,
        "ci_high": 9.491977401129942
      },
      "random": {
        "mean_diff": 1.5043568135263783,
        "ci_low": -2.6023816865281053,
        "ci_high": 6.143937630292394
      }
    },
    "clipped_redundancy": {
      "dfs": {
        "mean_diff": 4.952781144967831,
        "ci_low": 1.3660519321202207,
        "ci_high": 9.302126654861286
      },
      "random": {
        "mean_diff": 1.5043568135263783,
        "ci_low": -2.557774697231874,
        "ci_high": 6.130487051894758
      }
    },
    "unique_coverage": {
      "dfs": {
        "mean_diff": -0.3281048182766041,
        "ci_low": -0.44098757348540274,
        "ci_high": -0.19229609003364645
      },
      "random": {
        "mean_diff": 0.05415626435968368,
        "ci_low": -0.16929571268343924,
        "ci_high": 0.28075154078509323
      }
    },
    "backtrack_rate": {
      "dfs": {
        "mean_diff": 0.12418081435472739,
        "ci_low": 0.08223809523809524,
        "ci_high": 0.15887922705314012
      },
      "random": {
        "mean_diff": -0.06861371825288393,
        "ci_low": -0.1460536675189201,
        "ci_high": 0.012227370227370193
      }
    },
    "mean_geDIG": {},
    "geDIG_low_frac": {}
  }
}