{
  "gedig_r2": {
    "runs": 20,
    "success_rate": 0.85,
    "mean_steps_success": 118.23529411764706,
    "path_efficiency_mean": 0.249580578625559,
    "exploration_ratio_mean": 0.5926930285225243,
    "gedig_auc_mean": 0.28643704937299264,
    "gedig_auc_stdev": 0.11291523049959046
  },
  "gedig_simple": {
    "runs": 20,
    "success_rate": 0.9,
    "mean_steps_success": 128.55555555555554,
    "path_efficiency_mean": 0.22029913406106455,
    "exploration_ratio_mean": 0.5464595300266739,
    "gedig_auc_mean": 0.2602527852454698,
    "gedig_auc_stdev": 0.13590552163242847
  }
}