{
  "8x8": {
    "gedig_r2": {
      "runs": 10,
      "success_rate": 1,
      "mean_steps_success": 65,
      "path_efficiency_mean": 0.28142075736093297,
      "exploration_ratio_mean": 0.7322331315594724,
      "gedig_auc_mean": 0.32186905997021664,
      "gedig_auc_stdev": 0.10726284741187295
    },
    "gedig_simple": {
      "runs": 10,
      "success_rate": 1,
      "mean_steps_success": 79.8,
      "path_efficiency_mean": 0.22479325304325304,
      "exploration_ratio_mean": 0.61788129000629,
      "gedig_auc_mean": 0.2981866392866393,
      "gedig_auc_stdev": 0.11016206348621527
    }
  },
  "12x12": {
    "gedig_r2": {
      "runs": 10,
      "success_rate": 0.7,
      "mean_steps_success": 194.28571428571428,
      "path_efficiency_mean": 0.2040946090035962,
      "exploration_ratio_mean": 0.4531529254855761,
      "gedig_auc_mean": 0.25100503877576863,
      "gedig_auc_stdev": 0.1071612120719291
    },
    "gedig_simple": {
      "runs": 10,
      "success_rate": 0.8,
      "mean_steps_success": 189.5,
      "path_efficiency_mean": 0.21468148533332893,
      "exploration_ratio_mean": 0.4750377700470578,
      "gedig_auc_mean": 0.22231893120430027,
      "gedig_auc_stdev": 0.14807763782553574
    }
  }
}