{
  "seed": 6,
  "maze_size": [
    8,
    8
  ],
  "policy": "gedig_r2",
  "success": true,
  "steps": 34,
  "unique_cells": 31,
  "path_efficiency": 0.4117647058823529,
  "exploration_ratio": 0.9117647058823529,
  "gedig_series": [
    2.6,
    2.6,
    2.6,
    2.6,
    2.6,
    2.6,
    3.8,
    6.4,
    5.4,
    4.4,
    4.8,
    4.8,
    5.4,
    6.4,
    5.4,
    4.8,
    4.8,
    4.8,
    4.8,
    4.2,
    3.8,
    4.2,
    3.8,
    4.2,
    3.2,
    2.6,
    2.0,
    1.0,
    0.6,
    1.6,
    2.2,
    2.6,
    2.6,
    2.6
  ],
  "gedig_auc": 0.36854741896758697,
  "step_limit": 500,
  "meta": {
    "gedig_version": "R2_frontier",
    "frontier_weight": 0.6,
    "gedig_assumed_max": 9.8,
    "n1_hist": [
      2,
      17,
      13,
      2,
      0
    ],
    "n2_hist": [
      2,
      12,
      5,
      9,
      6,
      0,
      0,
      0,
      0
    ],
    "n2_longest_zero_streak": 2,
    "n2_mean_zero_streak": 2.0,
    "n2_zero_fraction": 0.058823529411764705
  }
}