{
  "seed": 2,
  "maze_size": [
    8,
    8
  ],
  "policy": "gedig_r2",
  "success": true,
  "steps": 60,
  "unique_cells": 46,
  "path_efficiency": 0.23333333333333334,
  "exploration_ratio": 0.7666666666666667,
  "gedig_series": [
    2.6,
    2.6,
    2.6,
    2.6,
    3.2,
    4.2,
    4.8,
    4.8,
    4.8,
    3.8,
    4.8,
    4.8,
    5.4,
    6.4,
    5.4,
    4.8,
    4.8,
    4.8,
    4.8,
    3.2,
    2.8,
    2.6,
    2.6,
    2.6,
    2.6,
    2.6,
    2.6,
    2.6,
    2.6,
    2.6,
    2.6,
    2.0,
    1.0,
    0.0,
    0.6,
    1.6,
    2.6,
    2.6,
    2.6,
    2.2,
    2.2,
    2.6,
    2.6,
    2.6,
    2.6,
    2.0,
    1.0,
    0.6,
    1.6,
    2.0,
    1.0,
    0.0,
    0.0,
    0.0,
    0.0,
    0.0,
    0.6,
    1.6,
    2.0,
    1.0
  ],
  "gedig_auc": 0.2639455782312925,
  "step_limit": 500,
  "meta": {
    "gedig_version": "R2_frontier",
    "frontier_weight": 0.6,
    "gedig_assumed_max": 9.8,
    "n1_hist": [
      13,
      34,
      12,
      1,
      0
    ],
    "n2_hist": [
      14,
      27,
      5,
      11,
      3,
      0,
      0,
      0,
      0
    ],
    "n2_longest_zero_streak": 7,
    "n2_mean_zero_streak": 3.5,
    "n2_zero_fraction": 0.23333333333333334
  }
}