{
  "metrics": [
    "loop_redundancy",
    "clipped_redundancy",
    "unique_coverage",
    "backtrack_rate",
    "mean_geDIG",
    "geDIG_low_frac"
  ],
  "algo_means": {
    "loop_redundancy": {
      "simple": {
        "mean": 6.136880221625984,
        "ci_low": 3.4067796610169494,
        "ci_high": 9.571428571428571
      },
      "dfs": {
        "mean": 1.0,
        "ci_low": 1.0,
        "ci_high": 1.0
      },
      "random": {
        "mean": 5.293995859213251,
        "ci_low": 1.3999999999999997,
        "ci_high": 8.73913043478261
      }
    },
    "clipped_redundancy": {
      "simple": {
        "mean": 6.136880221625984,
        "ci_low": 3.4067796610169494,
        "ci_high": 9.571428571428571
      },
      "dfs": {
        "mean": 1.0,
        "ci_low": 1.0,
        "ci_high": 1.0
      },
      "random": {
        "mean": 5.293995859213251,
        "ci_low": 1.3999999999999997,
        "ci_high": 8.73913043478261
      }
    },
    "unique_coverage": {
      "simple": {
        "mean": 0.6633499170812603,
        "ci_low": 0.6119402985074627,
        "ci_high": 0.7313432835820896
      },
      "dfs": {
        "mean": 1.0,
        "ci_low": 1.0,
        "ci_high": 1.0
      },
      "random": {
        "mean": 0.6403265059981478,
        "ci_low": 0.48756218905472637,
        "ci_high": 0.8961038961038961
      }
    },
    "backtrack_rate": {
      "simple": {
        "mean": 0.13333333333333333,
        "ci_low": 0.11,
        "ci_high": 0.15
      },
      "dfs": {
        "mean": 0.0,
        "ci_low": 0.0,
        "ci_high": 0.0
      },
      "random": {
        "mean": 0.19631578947368422,
        "ci_low": 0.07894736842105263,
        "ci_high": 0.25666666666666665
      }
    },
    "mean_geDIG": {
      "simple": {
        "mean": -0.035089350332753316,
        "ci_low": -0.03581565254678907,
        "ci_high": -0.03447954234224503
      }
    },
    "geDIG_low_frac": {
      "simple": {
        "mean": 1.0,
        "ci_low": 1.0,
        "ci_high": 1.0
      }
    }
  },
  "diffs_simple_minus": {
    "loop_redundancy": {
      "dfs": {
        "mean_diff": 5.136880221625984,
        "ci_low": 2.4067796610169494,
        "ci_high": 8.571428571428571
      },
      "random": {
        "mean_diff": 0.8428843624127325,
        "ci_low": -3.658375419318677,
        "ci_high": 5.276190476190476
      }
    },
    "clipped_redundancy": {
      "dfs": {
        "mean_diff": 5.136880221625984,
        "ci_low": 2.4067796610169494,
        "ci_high": 8.571428571428571
      },
      "random": {
        "mean_diff": 0.8428843624127325,
        "ci_low": -3.33483524581535,
        "ci_high": 5.344144144144144
      }
    },
    "unique_coverage": {
      "dfs": {
        "mean_diff": -0.33665008291873966,
        "ci_low": -0.3880597014925373,
        "ci_high": -0.26865671641791045
      },
      "random": {
        "mean_diff": 0.023023411083112566,
        "ci_low": -0.23275397902263562,
        "ci_high": 0.1990049751243781
      }
    },
    "backtrack_rate": {
      "dfs": {
        "mean_diff": 0.13333333333333333,
        "ci_low": 0.11,
        "ci_high": 0.15
      },
      "random": {
        "mean_diff": -0.06298245614035089,
        "ci_low": -0.13333333333333336,
        "ci_high": 0.054385964912280704
      }
    },
    "mean_geDIG": {},
    "geDIG_low_frac": {}
  }
}