{
  "note": "Aggregated across 60 seeds from experiments/maze-query-hub-prototype/results/batch_25x25/paper25_25x25_s500_eval_seed*_summary.json",
  "seeds": 60,
  "success_rate": 0.75,
  "avg_steps": 315.6,
  "avg_edges": 284.46666666666664,
  "g0_mean": -0.1617525514296024,
  "gmin_mean": -0.24705991678059924,
  "avg_time_ms_eval": 4196.551248883676,
  "p95_time_ms_eval": 30468.746105922037,
  "avg_k_star": 1.1414697994932164,
  "avg_delta_sp": 0.0,
  "avg_delta_sp_min": 0.00656342482579206,
  "best_hop_mean": 0.6284705307180768,
  "ag_rate": 0.1781492167088981,
  "dg_rate": 0.8049024926563612
}
