{
  "note": "Aggregated across 60 seeds from experiments/maze-query-hub-prototype/results/batch_25x25/paper25_25x25_s500_seed*_summary.json",
  "seeds": 60,
  "success_rate": 0.75,
  "avg_steps": 315.6,
  "avg_edges": 595.3333333333334,
  "g0_mean": -0.20438698715934356,
  "gmin_mean": -0.32533418700106054,
  "avg_time_ms_eval": 482.57708164492345,
  "p95_time_ms_eval": 2961.117506501129,
  "avg_k_star": 1.0521251787992707,
  "avg_delta_sp": 0.017822512333023444,
  "avg_delta_sp_min": 0.017822512333023444,
  "best_hop_mean": 0.673921940632059,
  "ag_rate": 0.21803660163076088,
  "dg_rate": 0.9253991624949937
}
