{
  "runs": 40,
  "success_rate": 0.275,
  "mean_steps_success": 784.1818181818181,
  "path_efficiency_mean": 0.12397935052392883,
  "exploration_ratio_mean": 0.2447300300733839,
  "gedig_auc_mean": 0.12009951624398583,
  "gedig_auc_stdev": 0.11114908768255494,
  "note": "Overall aggregate of all episodes."
}