{
  "32x32": {
    "gedig_r2_adaptive_0.1_0.25": {
      "runs": 10,
      "success_rate": 0.5,
      "mean_steps_success": 638,
      "path_efficiency_mean": 0.13361682253090765,
      "exploration_ratio_mean": 0.3992354296926271,
      "gedig_auc_mean": 0.19482550749552555,
      "gedig_auc_stdev": 0.10601755303658715
    },
    "random": {
      "runs": 10,
      "success_rate": 0.1,
      "mean_steps_success": 2246,
      "path_efficiency_mean": 0.027604630454140695,
      "exploration_ratio_mean": 0.024529260908281388,
      "gedig_auc_mean": 0.015163554764024933,
      "gedig_auc_stdev": 0.0073623747787322546
    },
    "gedig_r2": {
      "runs": 10,
      "success_rate": 0.5,
      "mean_steps_success": 638,
      "path_efficiency_mean": 0.13361682253090765,
      "exploration_ratio_mean": 0.3992354296926271,
      "gedig_auc_mean": 0.20206500271639283,
      "gedig_auc_stdev": 0.10950546752477801
    },
    "gedig_simple": {
      "runs": 10,
      "success_rate": 0,
      "mean_steps_success": 0.0,
      "path_efficiency_mean": 0.0,
      "exploration_ratio_mean": 0.15592,
      "gedig_auc_mean": 0.068344,
      "gedig_auc_stdev": 0.011772893612022493
    }
  }
}