{
  "timestamp": "20250702_133856",
  "experiment": "Enhanced Quick RAG Comparison",
  "dataset_info": {
    "num_questions": 13,
    "num_documents": 28,
    "question_types": {
      "factual": 5,
      "multi-hop": 8
    },
    "difficulty_levels": {
      "easy": 3,
      "medium": 5,
      "hard": 5
    }
  },
  "systems_evaluated": [
    "BM25",
    "Static Embeddings",
    "DPR (Dense)",
    "Enhanced InsightSpike RAG"
  ],
  "insightspike_available": true,
  "results": {
    "BM25": {
      "recall_at_k": {
        "1": [
          1.0,
          0.0,
          0.5,
          0.5,
          1.0,
          1.0,
          0.5,
          1.0,
          1.0,
          1.0,
          0.0,
          1.0,
          1.0
        ],
        "3": [
          1.0,
          1.0,
          0.5,
          1.0,
          1.0,
          1.0,
          1.0,
          1.0,
          1.0,
          1.0,
          1.0,
          1.0,
          1.0
        ],
        "5": [
          1.0,
          1.0,
          1.0,
          1.0,
          1.0,
          1.0,
          1.0,
          1.0,
          1.0,
          1.0,
          1.0,
          1.0,
          1.0
        ]
      },
      "precision_at_k": {
        "1": [
          1.0,
          0.0,
          1.0,
          1.0,
          1.0,
          1.0,
          1.0,
          1.0,
          1.0,
          1.0,
          0.0,
          1.0,
          1.0
        ],
        "3": [
          0.3333333333333333,
          0.3333333333333333,
          0.3333333333333333,
          0.6666666666666666,
          0.3333333333333333,
          0.3333333333333333,
          0.6666666666666666,
          0.3333333333333333,
          0.3333333333333333,
          0.3333333333333333,
          0.3333333333333333,
          0.3333333333333333,
          0.3333333333333333
        ],
        "5": [
          0.2,
          0.2,
          0.4,
          0.4,
          0.2,
          0.2,
          0.4,
          0.2,
          0.2,
          0.2,
          0.2,
          0.2,
          0.2
        ]
      },
      "exact_matches": [
        1.0,
        1.0,
        1.0,
        0.0,
        0.0,
        0.0,
        1.0,
        0.0,
        0.0,
        0.0,
        0.0,
        0.0,
        0.0
      ],
      "f1_scores": [
        0.027972027972027972,
        0.018018018018018018,
        0.0,
        0.09999999999999999,
        0.14457831325301204,
        0.05309734513274336,
        0.016666666666666666,
        0.14285714285714285,
        0.13636363636363635,
        0.07407407407407407,
        0.12030075187969924,
        0.07317073170731708,
        0.22580645161290325
      ],
      "latencies": [
        0.000331878662109375,
        0.00019097328186035156,
        0.00018596649169921875,
        0.0002200603485107422,
        0.0002181529998779297,
        0.00022101402282714844,
        0.0002181529998779297,
        0.00019884109497070312,
        0.0002129077911376953,
        0.00021076202392578125,
        0.00020003318786621094,
        0.0002288818359375,
        0.00019311904907226562
      ],
      "by_difficulty": {
        "easy": [
          0.7555555555555555,
          0.4222222222222222,
          0.7611111111111111
        ],
        "medium": [
          0.6222222222222221,
          0.7611111111111111,
          0.7555555555555555,
          0.7555555555555555,
          0.7555555555555555
        ],
        "hard": [
          0.7555555555555555,
          0.7555555555555555,
          0.7555555555555555,
          0.4222222222222222,
          0.7555555555555555
        ]
      },
      "by_type": {
        "factual": [
          0.7555555555555555,
          0.4222222222222222,
          0.6222222222222221,
          0.7611111111111111,
          0.7555555555555555
        ],
        "multi-hop": [
          0.7611111111111111,
          0.7555555555555555,
          0.7555555555555555,
          0.7555555555555555,
          0.7555555555555555,
          0.7555555555555555,
          0.4222222222222222,
          0.7555555555555555
        ]
      }
    },
    "Static Embeddings": {
      "recall_at_k": {
        "1": [
          1.0,
          0.5,
          1.0,
          0.5,
          1.0,
          1.0,
          0.5,
          1.0,
          0.0,
          1.0,
          0.0,
          1.0,
          1.0
        ],
        "3": [
          1.0,
          1.0,
          1.0,
          1.0,
          1.0,
          1.0,
          1.0,
          1.0,
          1.0,
          1.0,
          1.0,
          1.0,
          1.0
        ],
        "5": [
          1.0,
          1.0,
          1.0,
          1.0,
          1.0,
          1.0,
          1.0,
          1.0,
          1.0,
          1.0,
          1.0,
          1.0,
          1.0
        ]
      },
      "precision_at_k": {
        "1": [
          1.0,
          1.0,
          1.0,
          1.0,
          1.0,
          1.0,
          1.0,
          1.0,
          0.0,
          1.0,
          0.0,
          1.0,
          1.0
        ],
        "3": [
          0.3333333333333333,
          0.6666666666666666,
          0.3333333333333333,
          0.6666666666666666,
          0.3333333333333333,
          0.3333333333333333,
          0.6666666666666666,
          0.3333333333333333,
          0.3333333333333333,
          0.3333333333333333,
          0.3333333333333333,
          0.3333333333333333,
          0.3333333333333333
        ],
        "5": [
          0.2,
          0.4,
          0.2,
          0.4,
          0.2,
          0.2,
          0.4,
          0.2,
          0.2,
          0.2,
          0.2,
          0.2,
          0.2
        ]
      },
      "exact_matches": [
        1.0,
        1.0,
        1.0,
        0.0,
        0.0,
        0.0,
        1.0,
        0.0,
        0.0,
        0.0,
        0.0,
        0.0,
        0.0
      ],
      "f1_scores": [
        0.045454545454545456,
        0.021276595744680854,
        0.0,
        0.125,
        0.14457831325301204,
        0.05128205128205128,
        0.020408163265306124,
        0.15841584158415845,
        0.13636363636363635,
        0.12307692307692308,
        0.14285714285714288,
        0.09756097560975609,
        0.2033898305084746
      ],
      "latencies": [
        0.001650094985961914,
        0.0010209083557128906,
        0.000985860824584961,
        0.001009225845336914,
        0.0010030269622802734,
        0.0009968280792236328,
        0.0011892318725585938,
        0.0011336803436279297,
        0.0009958744049072266,
        0.0009810924530029297,
        0.0009589195251464844,
        0.0009582042694091797,
        0.0010492801666259766
      ],
      "by_difficulty": {
        "easy": [
          0.7555555555555555,
          0.7611111111111111,
          0.7611111111111111
        ],
        "medium": [
          0.7555555555555555,
          0.7611111111111111,
          0.7555555555555555,
          0.7555555555555555,
          0.7555555555555555
        ],
        "hard": [
          0.7555555555555555,
          0.4222222222222222,
          0.7555555555555555,
          0.4222222222222222,
          0.7555555555555555
        ]
      },
      "by_type": {
        "factual": [
          0.7555555555555555,
          0.7611111111111111,
          0.7555555555555555,
          0.7611111111111111,
          0.7555555555555555
        ],
        "multi-hop": [
          0.7611111111111111,
          0.7555555555555555,
          0.7555555555555555,
          0.7555555555555555,
          0.4222222222222222,
          0.7555555555555555,
          0.4222222222222222,
          0.7555555555555555
        ]
      }
    },
    "DPR (Dense)": {
      "recall_at_k": {
        "1": [
          1.0,
          0.3333333333333333,
          1.0,
          0.5,
          1.0,
          1.0,
          0.5,
          1.0,
          1.0,
          1.0,
          0.0,
          1.0,
          1.0
        ],