{
  "seed": 3,
  "maze_size": [
    8,
    8
  ],
  "policy": "gedig_r2_adaptive_0.1_0.25",
  "success": true,
  "steps": 48,
  "unique_cells": 35,
  "path_efficiency": 0.2916666666666667,
  "exploration_ratio": 0.7291666666666666,
  "gedig_series": [
    2.25,
    2.25,
    2.25,
    2.25,
    2.25,
    2.25,
    2.25,
    2.25,
    2.75,
    5.0,
    4.25,
    5.0,
    4.0,
    3.75,
    3.75,
    3.75,
    3.75,
    3.5,
    2.5,
    3.25,
    2.5,
    2.25,
    2.25,
    2.25,
    2.25,
    2.25,
    2.0,
    1.0,
    0.0,
    0.0,
    0.0,
    0.0,
    0.0,
    0.0,
    0.0,
    0.0,
    0.0,
    0.0,
    0.1,
    1.0,
    1.0,
    0.1,
    1.1,
    2.1,
    2.1,
    2.1,
    2.1,
    2.1
  ],
  "gedig_auc": 0.2960858585858586,
  "step_limit": 500,
  "meta": {
    "gedig_version": "R2_frontier",
    "frontier_weight": 0.2,
    "gedig_assumed_max": 6.6,
    "n1_hist": [
      14,
      24,
      8,
      2,
      0
    ],
    "n2_hist": [
      14,
      22,
      3,
      5,
      3,
      1,
      0,
      0,
      0
    ],
    "n2_longest_zero_streak": 12,
    "n2_mean_zero_streak": 7.0,
    "n2_zero_fraction": 0.2916666666666667,
    "adaptive_fw_final": 0.1,
    "adaptive": true
  }
}