{
  "metrics": [
    "loop_redundancy",
    "clipped_redundancy",
    "unique_coverage",
    "backtrack_rate",
    "mean_geDIG",
    "geDIG_low_frac"
  ],
  "algo_means": {
    "loop_redundancy": {
      "simple": {
        "mean": 2.7656735602483153,
        "ci_low": 1.576271186440678,
        "ci_high": 4.849462365591398
      },
      "dfs": {
        "mean": 1.0,
        "ci_low": 1.0,
        "ci_high": 1.0
      },
      "random": {
        "mean": 34.02064088046566,
        "ci_low": 7.468085106382978,
        "ci_high": 71.47619047619048
      }
    },
    "clipped_redundancy": {
      "simple": {
        "mean": 2.7656735602483153,
        "ci_low": 1.576271186440678,
        "ci_high": 4.849462365591398
      },
      "dfs": {
        "mean": 1.0,
        "ci_low": 1.0,
        "ci_high": 1.0
      },
      "random": {
        "mean": 34.02064088046566,
        "ci_low": 7.468085106382978,
        "ci_high": 71.47619047619048
      }
    },
    "unique_coverage": {
      "simple": {
        "mean": 0.742024291722692,
        "ci_low": 0.6097560975609756,
        "ci_high": 0.8279569892473119
      },
      "dfs": {
        "mean": 1.0,
        "ci_low": 1.0,
        "ci_high": 1.0
      },
      "random": {
        "mean": 0.3740304479285956,
        "ci_low": 0.22385076615589608,
        "ci_high": 0.5954415954415955
      }
    },
    "backtrack_rate": {
      "simple": {
        "mean": 0.10793915099187995,
        "ci_low": 0.07608695652173914,
        "ci_high": 0.14666666666666667
      },
      "dfs": {
        "mean": 0.0,
        "ci_low": 0.0,
        "ci_high": 0.0
      },
      "random": {
        "mean": 0.26538987253078933,
        "ci_low": 0.18857142857142858,
        "ci_high": 0.3063105074514243
      }
    },
    "mean_geDIG": {
      "simple": {
        "mean": 0.38515995755792404,
        "ci_low": 0.24012240174199118,
        "ci_high": 0.6128159316588963
      }
    },
    "geDIG_low_frac": {
      "simple": {
        "mean": 0.622536553363227,
        "ci_low": 0.32967032967032966,
        "ci_high": 0.8641425389755012
      }
    }
  },
  "diffs_simple_minus": {
    "loop_redundancy": {
      "dfs": {
        "mean_diff": 1.7656735602483153,
        "ci_low": 0.576271186440678,
        "ci_high": 3.849462365591398
      },
      "random": {
        "mean_diff": -31.254967320217347,
        "ci_low": -67.71779183698266,
        "ci_high": -5.695136625094172
      }
    },
    "clipped_redundancy": {
      "dfs": {
        "mean_diff": 1.7656735602483153,
        "ci_low": 0.576271186440678,
        "ci_high": 3.849462365591398
      },
      "random": {
        "mean_diff": -31.254967320217347,
        "ci_low": -68.71051691594216,
        "ci_high": -4.800750193558727
      }
    },
    "unique_coverage": {
      "dfs": {
        "mean_diff": -0.257975708277308,
        "ci_low": -0.3902439024390244,
        "ci_high": -0.17204301075268813
      },
      "random": {
        "mean_diff": 0.36799384379409644,
        "ci_low": 0.13817811188127987,
        "ci_high": 0.5645910841181081
      }
    },
    "backtrack_rate": {
      "dfs": {
        "mean_diff": 0.10793915099187995,
        "ci_low": 0.07608695652173914,
        "ci_high": 0.14666666666666667
      },
      "random": {
        "mean_diff": -0.15745072153890938,
        "ci_low": -0.220177899165867,
        "ci_high": -0.08063227757954863
      }
    },
    "mean_geDIG": {},
    "geDIG_low_frac": {}
  }
}