{
  "timestamp": "20250702_132415",
  "experiment": "FIXED Dynamic RAG Comparison",
  "insightspike_available": true,
  "sentence_transformers_available": true,
  "systems_evaluated": [
    "BM25",
    "Static Embeddings",
    "DPR (Dense)",
    "FIXED InsightSpike RAG"
  ],
  "results": {
    "BM25": {
      "recall_at_k": {
        "1": [
          1.0,
          0.0,
          1.0,
          1.0,
          1.0,
          1.0,
          1.0,
          1.0
        ],
        "3": [
          1.0,
          1.0,
          1.0,
          1.0,
          1.0,
          1.0,
          1.0,
          1.0
        ],
        "5": [
          1.0,
          1.0,
          1.0,
          1.0,
          1.0,
          1.0,
          1.0,
          1.0
        ]
      },
      "precision_at_k": {
        "1": [
          1.0,
          0.0,
          1.0,
          1.0,
          1.0,
          1.0,
          1.0,
          1.0
        ],
        "3": [
          0.3333333333333333,
          0.3333333333333333,
          0.3333333333333333,
          0.3333333333333333,
          0.3333333333333333,
          0.3333333333333333,
          0.3333333333333333,
          0.3333333333333333
        ],
        "5": [
          0.2,
          0.2,
          0.2,
          0.2,
          0.2,
          0.2,
          0.2,
          0.2
        ]
      },
      "exact_matches": [
        1.0,
        0.0,
        0.0,
        0.0,
        0.0,
        1.0,
        0.0,
        1.0
      ],
      "f1_scores": [
        0.125,
        0.0,
        0.16666666666666666,
        0.40909090909090906,
        0.27906976744186046,
        0.05555555555555556,
        0.25,
        0.125
      ],
      "latencies": [
        0.00019311904907226562,
        0.00010609626770019531,
        0.00011587142944335938,
        8.678436279296875e-05,
        0.00011920928955078125,
        0.00010704994201660156,
        9.703636169433594e-05,
        0.00012111663818359375
      ]
    },
    "Static Embeddings": {
      "recall_at_k": {
        "1": [
          1.0,
          1.0,
          1.0,
          1.0,
          1.0,
          1.0,
          1.0,
          1.0
        ],
        "3": [
          1.0,
          1.0,
          1.0,
          1.0,
          1.0,
          1.0,
          1.0,
          1.0
        ],
        "5": [
          1.0,
          1.0,
          1.0,
          1.0,
          1.0,
          1.0,
          1.0,
          1.0
        ]
      },
      "precision_at_k": {
        "1": [
          1.0,
          1.0,
          1.0,
          1.0,
          1.0,
          1.0,
          1.0,
          1.0
        ],
        "3": [
          0.3333333333333333,
          0.3333333333333333,
          0.3333333333333333,
          0.3333333333333333,
          0.3333333333333333,
          0.3333333333333333,
          0.3333333333333333,
          0.3333333333333333
        ],
        "5": [
          0.2,
          0.2,
          0.2,
          0.2,
          0.2,
          0.2,
          0.2,
          0.2
        ]
      },
      "exact_matches": [
        1.0,
        1.0,
        0.0,
        0.0,
        0.0,
        1.0,
        0.0,
        1.0
      ],
      "f1_scores": [
        0.125,
        0.0689655172413793,
        0.16666666666666666,
        0.40909090909090906,
        0.27906976744186046,
        0.05555555555555556,
        0.25,
        0.125
      ],
      "latencies": [
        0.00341796875,
        0.0010328292846679688,
        0.0011429786682128906,
        0.000990152359008789,
        0.0009520053863525391,
        0.0009539127349853516,
        0.0009262561798095703,
        0.0009579658508300781
      ]
    },
    "DPR (Dense)": {
      "recall_at_k": {
        "1": [
          0.0,
          1.0,
          1.0,
          0.0,
          1.0,
          1.0,
          1.0,
          1.0
        ],
        "3": [
          1.0,
          1.0,
          1.0,
          1.0,
          1.0,
          1.0,
          1.0,
          1.0
        ],
        "5": [
          1.0,
          1.0,
          1.0,
          1.0,
          1.0,
          1.0,
          1.0,
          1.0
        ]
      },
      "precision_at_k": {
        "1": [
          0.0,
          1.0,
          1.0,
          0.0,
          1.0,
          1.0,
          1.0,
          1.0
        ],
        "3": [
          0.3333333333333333,
          0.3333333333333333,
          0.3333333333333333,
          0.3333333333333333,
          0.3333333333333333,
          0.3333333333333333,
          0.3333333333333333,
          0.3333333333333333
        ],
        "5": [
          0.2,
          0.2,
          0.2,
          0.2,
          0.2,
          0.2,
          0.2,
          0.2
        ]
      },
      "exact_matches": [
        1.0,
        1.0,
        0.0,
        0.0,
        0.0,
        1.0,
        0.0,
        1.0
      ],
      "f1_scores": [
        0.11428571428571428,
        0.0689655172413793,
        0.16666666666666666,
        0.391304347826087,
        0.27906976744186046,
        0.05555555555555556,
        0.25,
        0.125
      ],
      "latencies": [
        4.559694051742554,
        0.149583101272583,
        0.8711109161376953,
        0.13439726829528809,
        0.13222599029541016,
        0.15320396423339844,
        0.02992701530456543,
        0.14543890953063965
      ]
    },
    "FIXED InsightSpike RAG": {
      "recall_at_k": {
        "1": [
          1.0,
          0.0,
          1.0,
          1.0,
          1.0,
          0.0,
          0.0,
          1.0
        ],
        "3": [
          1.0,
          0.0,
          1.0,
          1.0,
          1.0,
          0.0,
          0.0,
          1.0
        ],
        "5": [
          1.0,
          0.0,
          1.0,
          1.0,
          1.0,
          0.0,
          1.0,
          1.0
        ]
      },
      "precision_at_k": {
        "1": [
          1.0,
          0.0,
          1.0,
          1.0,
          1.0,
          0.0,
          0.0,
          1.0
        ],
        "3": [
          0.3333333333333333,
          0.0,
          0.3333333333333333,
          0.3333333333333333,
          0.3333333333333333,
          0.0,
          0.0,
          0.3333333333333333
        ],
        "5": [
          0.2,
          0.0,
          0.2,
          0.2,
          0.2,
          0.0,
          0.2,
          0.2
        ]
      },
      "exact_matches": [
        1.0,
        0.0,
        0.0,
        0.0,
        0.0,
        0.0,
        0.0,
        1.0
      ],
      "f1_scores": [
        0.125,
        0.0,
        0.16666666666666666,
        0.40909090909090906,
        0.27906976744186046,
        0.0,
        0.0588235294117647,
        0.125
      ],
      "latencies": [
        0.03843522071838379,
        0.03276681900024414,
        0.032896995544433594,
        0.03359699249267578,
        0.03784966468811035,
        0.034665822982788086,
        0.033167123794555664,
        0.03599119186401367
      ]
    }
  }
}