{
  "runs": 40,
  "success_rate": 0.875,
  "mean_steps_success": 123.54285714285714,
  "path_efficiency_mean": 0.23452154999239042,
  "exploration_ratio_mean": 0.5695762792745991,
  "gedig_auc_mean": 0.2663713811810129,
  "gedig_auc_stdev": 0.12259066097932644,
  "note": "Overall aggregate of all episodes."
}