{
  "metrics": [
    "loop_redundancy",
    "clipped_redundancy",
    "unique_coverage",
    "backtrack_rate",
    "mean_geDIG",
    "geDIG_low_frac"
  ],
  "algo_means": {
    "loop_redundancy": {
      "simple": {
        "mean": 9.828282828282829,
        "ci_low": 9.828282828282829,
        "ci_high": 9.828282828282829
      },
      "dfs": {
        "mean": 1.0,
        "ci_low": 1.0,
        "ci_high": 1.0
      },
      "random": {
        "mean": 17.346820809248555,
        "ci_low": 17.346820809248555,
        "ci_high": 17.346820809248555
      }
    },
    "clipped_redundancy": {
      "simple": {
        "mean": 9.828282828282829,
        "ci_low": 9.828282828282829,
        "ci_high": 9.828282828282829
      },
      "dfs": {
        "mean": 1.0,
        "ci_low": 1.0,
        "ci_high": 1.0
      },
      "random": {
        "mean": 17.346820809248555,
        "ci_low": 17.346820809248555,
        "ci_high": 17.346820809248555
      }
    },
    "unique_coverage": {
      "simple": {
        "mean": 0.16546762589928057,
        "ci_low": 0.16546762589928057,
        "ci_high": 0.16546762589928057
      },
      "dfs": {
        "mean": 1.0,
        "ci_low": 1.0,
        "ci_high": 1.0
      },
      "random": {
        "mean": 0.08897034321892702,
        "ci_low": 0.08897034321892702,
        "ci_high": 0.08897034321892702
      }
    },
    "backtrack_rate": {
      "simple": {
        "mean": 0.2051413881748072,
        "ci_low": 0.2051413881748072,
        "ci_high": 0.2051413881748072
      },
      "dfs": {
        "mean": 0.0,
        "ci_low": 0.0,
        "ci_high": 0.0
      },
      "random": {
        "mean": 0.48,
        "ci_low": 0.48,
        "ci_high": 0.48
      }
    },
    "mean_geDIG": {
      "simple": {
        "mean": 0.03225242314334826,
        "ci_low": 0.03225242314334826,
        "ci_high": 0.03225242314334826
      }
    },
    "geDIG_low_frac": {
      "simple": {
        "mean": 0.976325441813938,
        "ci_low": 0.976325441813938,
        "ci_high": 0.976325441813938
      }
    }
  },
  "diffs_simple_minus": {
    "loop_redundancy": {
      "dfs": {
        "mean_diff": 8.828282828282829,
        "ci_low": 8.828282828282829,
        "ci_high": 8.828282828282829
      },
      "random": {
        "mean_diff": -7.518537980965727,
        "ci_low": -7.518537980965727,
        "ci_high": -7.518537980965727
      }
    },
    "clipped_redundancy": {
      "dfs": {
        "mean_diff": 8.828282828282829,
        "ci_low": 8.828282828282829,
        "ci_high": 8.828282828282829
      },
      "random": {
        "mean_diff": -7.518537980965727,
        "ci_low": -7.518537980965727,
        "ci_high": -7.518537980965727
      }
    },
    "unique_coverage": {
      "dfs": {
        "mean_diff": -0.8345323741007195,
        "ci_low": -0.8345323741007195,
        "ci_high": -0.8345323741007195
      },
      "random": {
        "mean_diff": 0.07649728268035355,
        "ci_low": 0.07649728268035355,
        "ci_high": 0.07649728268035355
      }
    },
    "backtrack_rate": {
      "dfs": {
        "mean_diff": 0.2051413881748072,
        "ci_low": 0.2051413881748072,
        "ci_high": 0.2051413881748072
      },
      "random": {
        "mean_diff": -0.2748586118251928,
        "ci_low": -0.2748586118251928,
        "ci_high": -0.2748586118251928
      }
    },
    "mean_geDIG": {},
    "geDIG_low_frac": {}
  }
}