{
  "metrics": [
    "loop_redundancy",
    "clipped_redundancy",
    "unique_coverage",
    "backtrack_rate",
    "mean_geDIG",
    "geDIG_low_frac"
  ],
  "algo_means": {
    "loop_redundancy": {
      "simple": {
        "mean": 14.428571428571429,
        "ci_low": 14.428571428571429,
        "ci_high": 14.428571428571429
      },
      "dfs": {
        "mean": 1.0,
        "ci_low": 1.0,
        "ci_high": 1.0
      },
      "random": {
        "mean": 6.733333333333333,
        "ci_low": 6.733333333333333,
        "ci_high": 6.733333333333333
      }
    },
    "clipped_redundancy": {
      "simple": {
        "mean": 14.428571428571429,
        "ci_low": 14.428571428571429,
        "ci_high": 14.428571428571429
      },
      "dfs": {
        "mean": 1.0,
        "ci_low": 1.0,
        "ci_high": 1.0
      },
      "random": {
        "mean": 6.733333333333333,
        "ci_low": 6.733333333333333,
        "ci_high": 6.733333333333333
      }
    },
    "unique_coverage": {
      "simple": {
        "mean": 0.7524752475247525,
        "ci_low": 0.7524752475247525,
        "ci_high": 0.7524752475247525
      },
      "dfs": {
        "mean": 1.0,
        "ci_low": 1.0,
        "ci_high": 1.0
      },
      "random": {
        "mean": 0.7425742574257426,
        "ci_low": 0.7425742574257426,
        "ci_high": 0.7425742574257426
      }
    },
    "backtrack_rate": {
      "simple": {
        "mean": 0.08,
        "ci_low": 0.08,
        "ci_high": 0.08
      },
      "dfs": {
        "mean": 0.0,
        "ci_low": 0.0,
        "ci_high": 0.0
      },
      "random": {
        "mean": 0.13,
        "ci_low": 0.13,
        "ci_high": 0.13
      }
    },
    "mean_geDIG": {
      "simple": {
        "mean": -0.06193831300152036,
        "ci_low": -0.06193831300152036,
        "ci_high": -0.06193831300152036
      }
    },
    "geDIG_low_frac": {
      "simple": {
        "mean": 1.0,
        "ci_low": 1.0,
        "ci_high": 1.0
      }
    }
  },
  "diffs_simple_minus": {
    "loop_redundancy": {
      "dfs": {
        "mean_diff": 13.428571428571429,
        "ci_low": 13.428571428571429,
        "ci_high": 13.428571428571429
      },
      "random": {
        "mean_diff": 7.695238095238095,
        "ci_low": 7.695238095238095,
        "ci_high": 7.695238095238095
      }
    },
    "clipped_redundancy": {
      "dfs": {
        "mean_diff": 13.428571428571429,
        "ci_low": 13.428571428571429,
        "ci_high": 13.428571428571429
      },
      "random": {
        "mean_diff": 7.695238095238095,
        "ci_low": 7.695238095238095,
        "ci_high": 7.695238095238095
      }
    },
    "unique_coverage": {
      "dfs": {
        "mean_diff": -0.24752475247524752,
        "ci_low": -0.24752475247524752,
        "ci_high": -0.24752475247524752
      },
      "random": {
        "mean_diff": 0.00990099009900991,
        "ci_low": 0.00990099009900991,
        "ci_high": 0.00990099009900991
      }
    },
    "backtrack_rate": {
      "dfs": {
        "mean_diff": 0.08,
        "ci_low": 0.08,
        "ci_high": 0.08
      },
      "random": {
        "mean_diff": -0.05,
        "ci_low": -0.05,
        "ci_high": -0.05
      }
    },
    "mean_geDIG": {},
    "geDIG_low_frac": {}
  }
}