{
  "seed": 6,
  "maze_size": [
    12,
    12
  ],
  "policy": "gedig_r2_adaptive_0.1_0.25",
  "success": true,
  "steps": 90,
  "unique_cells": 59,
  "path_efficiency": 0.24444444444444444,
  "exploration_ratio": 0.6555555555555556,
  "gedig_series": [
    2.25,
    2.25,
    2.25,
    2.25,
    2.25,
    2.25,
    2.25,
    2.25,
    2.25,
    2.25,
    2.75,
    5.0,
    4.0,
    3.75,
    3.75,
    3.75,
    3.75,
    3.75,
    3.75,
    3.75,
    3.5,
    2.75,
    3.5,
    3.75,
    3.75,
    3.75,
    4.0,
    5.0,
    4.0,
    3.75,
    4.0,
    5.0,
    4.0,
    3.5,
    2.75,
    3.25,
    2.5,
    2.25,
    2.25,
    2.25,
    2.5,
    3.5,
    2.5,
    2.25,
    2.0,
    1.0,
    0.0,
    0.0,
    0.0,
    0.0,
    0.1,
    1.1,
    2.0,
    1.0,
    0.0,
    0.0,
    0.0,
    0.0,
    0.0,
    0.0,
    0.0,
    0.0,
    0.0,
    0.0,
    0.0,
    0.0,
    0.0,
    0.0,
    0.0,
    0.0,
    0.0,
    0.0,
    0.0,
    0.0,
    0.0,
    0.0,
    0.1,
    1.0,
    1.0,
    0.1,
    1.2,
    2.1,
    2.1,
    2.1,
    2.2,
    2.1,
    2.1,
    2.12,
    2.0,
    1.0
  ],
  "gedig_auc": 0.2847979797979798,
  "step_limit": 500,
  "meta": {
    "gedig_version": "R2_frontier",
    "frontier_weight": 0.2,
    "gedig_assumed_max": 6.6,
    "n1_hist": [
      33,
      33,
      21,
      3,
      0
    ],
    "n2_hist": [
      34,
      25,
      9,
      14,
      8,
      0,
      0,
      0,
      0
    ],
    "n2_longest_zero_streak": 24,
    "n2_mean_zero_streak": 8.5,
    "n2_zero_fraction": 0.37777777777777777,
    "adaptive": true,
    "adaptive_fw_final": 0.12000000000000001,
    "adaptive_fw_avg": 0.1798333333333332,
    "adaptive_drop_events": 2,
    "adaptive_raise_events": 1,
    "adaptive_params": {
      "drop_threshold": 3,
      "recover_threshold": 8,
      "linear_raise_step": 0.02
    }
  }
}