{
  "seed": 5,
  "maze_size": [
    12,
    12
  ],
  "policy": "gedig_r2_adaptive_0.1_0.25",
  "success": true,
  "steps": 54,
  "unique_cells": 55,
  "path_efficiency": 0.4074074074074074,
  "exploration_ratio": 1.0185185185185186,
  "gedig_series": [
    2.25,
    2.25,
    2.25,
    2.25,
    2.25,
    2.25,
    2.25,
    2.25,
    2.25,
    2.25,
    2.25,
    2.25,
    2.25,
    2.25,
    2.25,
    2.25,
    2.75,
    5.0,
    4.0,
    3.75,
    3.75,
    3.75,
    3.75,
    3.75,
    2.5,
    2.25,
    2.25,
    2.25,
    2.25,
    2.25,
    2.25,
    2.25,
    2.25,
    2.25,
    2.25,
    2.25,
    2.25,
    2.25,
    2.5,
    3.5,
    3.75,
    3.75,
    3.75,
    2.75,
    3.5,
    3.75,
    4.0,
    5.0,
    4.0,
    3.75,
    3.75,
    3.75,
    3.5,
    2.5
  ],
  "gedig_auc": 0.43700897867564537,
  "step_limit": 500,
  "meta": {
    "gedig_version": "R2_frontier",
    "frontier_weight": 0.2,
    "gedig_assumed_max": 6.6,
    "n1_hist": [
      0,
      34,
      18,
      2,
      0
    ],
    "n2_hist": [
      0,
      29,
      6,
      14,
      5,
      0,
      0,
      0,
      0
    ],
    "n2_longest_zero_streak": 0,
    "n2_mean_zero_streak": 0.0,
    "n2_zero_fraction": 0.0,
    "adaptive": true,
    "adaptive_fw_final": 0.25,
    "adaptive_fw_avg": 0.25,
    "adaptive_drop_events": 0,
    "adaptive_raise_events": 0,
    "adaptive_params": {
      "drop_threshold": 3,
      "recover_threshold": 8,
      "linear_raise_step": 0.02
    }
  }
}