{
  "seed": 3,
  "maze_size": [
    12,
    12
  ],
  "policy": "gedig_r2_adaptive_0.1_0.25",
  "success": true,
  "steps": 118,
  "unique_cells": 84,
  "path_efficiency": 0.1864406779661017,
  "exploration_ratio": 0.711864406779661,
  "gedig_series": [
    2.25,
    2.25,
    2.25,
    2.25,
    2.25,
    2.25,
    2.25,
    2.25,
    2.25,
    2.25,
    2.25,
    2.25,
    2.25,
    2.25,
    2.25,
    2.25,
    2.75,
    5.0,
    4.0,
    3.75,
    3.75,
    3.5,
    2.5,
    2.25,
    2.5,
    3.5,
    2.5,
    2.25,
    2.5,
    3.5,
    2.5,
    2.25,
    2.0,
    1.0,
    0.0,
    0.0,
    0.0,
    0.0,
    0.0,
    0.0,
    0.0,
    0.0,
    0.0,
    0.0,
    0.0,
    0.0,
    0.0,
    0.0,
    0.0,
    0.0,
    0.0,
    0.0,
    0.1,
    1.1,
    2.1,
    2.1,
    2.1,
    2.1,
    2.1,
    2.1,
    2.0,
    1.0,
    0.12000000000000001,
    1.12,
    1.36,
    3.24,
    3.36,
    3.36,
    3.36,
    3.36,
    3.56,
    4.5600000000000005,
    3.56,
    3.42,
    3.42,
    2.42,
    3.2800000000000002,
    3.42,
    3.64,
    4.64,
    3.64,
    3.48,
    3.48,
    3.32,
    2.32,
    2.16,
    2.18,
    2.18,
    2.18,
    2.18,
    2.0,
    1.0,
    0.0,
    0.0,
    0.0,
    0.0,
    0.0,
    0.0,
    0.1,
    1.1,
    2.1,
    2.1,
    2.0,
    1.0,
    0.2,
    2.2,
    2.2,
    2.1,
    2.1,
    2.1,
    2.1,
    2.1,
    2.0,
    1.0,
    0.24000000000000002,
    2.24,
    2.12,
    2.0
  ],
  "gedig_auc": 0.28662044170518747,
  "step_limit": 500,
  "meta": {
    "gedig_version": "R2_frontier",
    "frontier_weight": 0.2,
    "gedig_assumed_max": 6.6,
    "n1_hist": [
      34,
      57,
      24,
      3,
      0
    ],
    "n2_hist": [
      35,
      44,
      17,
      14,
      8,
      0,
      0,
      0,
      0
    ],
    "n2_longest_zero_streak": 20,
    "n2_mean_zero_streak": 5.833333333333333,
    "n2_zero_fraction": 0.2966101694915254,
    "adaptive": true,
    "adaptive_fw_final": 0.12000000000000001,
    "adaptive_fw_avg": 0.15936440677966118,
    "adaptive_drop_events": 3,
    "adaptive_raise_events": 5,
    "adaptive_params": {
      "drop_threshold": 3,
      "recover_threshold": 8,
      "linear_raise_step": 0.02
    }
  }
}