{
  "seed": 1,
  "maze_size": [
    8,
    8
  ],
  "policy": "gedig_r2",
  "success": true,
  "steps": 96,
  "unique_cells": 45,
  "path_efficiency": 0.14583333333333334,
  "exploration_ratio": 0.46875,
  "gedig_series": [
    2.45,
    2.45,
    2.45,
    2.45,
    2.45,
    2.45,
    2.45,
    2.45,
    2.45,
    2.45,
    2.45,
    2.45,
    3.35,
    5.8,
    5.25,
    5.8,
    4.8,
    4.35,
    4.35,
    4.35,
    4.35,
    4.35,
    3.9,
    2.45,
    2.0,
    1.0,
    0.45,
    1.45,
    2.0,
    1.0,
    0.9,
    2.9,
    3.9,
    2.9,
    2.9,
    3.9,
    4.35,
    3.9,
    4.35,
    3.9,
    2.9,
    2.45,
    2.0,
    1.0,
    0.0,
    0.0,
    0.0,
    0.0,
    0.45,
    1.45,
    1.9,
    2.0,
    1.0,
    0.0,
    0.45,
    1.0,
    1.0,
    0.0,
    0.0,
    0.0,
    0.0,
    0.0,
    0.0,
    0.0,
    0.0,
    0.0,
    0.0,
    0.0,
    0.0,
    0.0,
    0.0,
    0.0,
    0.0,
    0.0,
    0.0,
    0.0,
    0.0,
    0.0,
    0.0,
    0.0,
    0.0,
    0.0,
    0.0,
    0.0,
    0.0,
    0.0,
    0.0,
    0.0,
    0.0,
    0.0,
    0.0,
    0.0,
    0.0,
    0.45,
    1.45,
    2.0
  ],
  "gedig_auc": 0.17659883720930236,
  "step_limit": 500,
  "meta": {
    "gedig_version": "R2_frontier",
    "frontier_weight": 0.45,
    "gedig_assumed_max": 8.6,
    "n1_hist": [
      51,
      28,
      15,
      2,
      0
    ],
    "n2_hist": [
      52,
      21,
      11,
      8,
      3,
      1,
      0,
      0,
      0
    ],
    "n2_longest_zero_streak": 38,
    "n2_mean_zero_streak": 8.666666666666666,
    "n2_zero_fraction": 0.5416666666666666
  }
}