{
  "seed": 3,
  "maze_size": [
    8,
    8
  ],
  "policy": "gedig_r2",
  "success": true,
  "steps": 48,
  "unique_cells": 35,
  "path_efficiency": 0.2916666666666667,
  "exploration_ratio": 0.7291666666666666,
  "gedig_series": [
    2.45,
    2.45,
    2.45,
    2.45,
    2.45,
    2.45,
    2.45,
    2.45,
    3.35,
    5.8,
    5.25,
    5.8,
    4.8,
    4.35,
    4.35,
    4.35,
    4.35,
    3.9,
    2.9,
    3.45,
    2.9,
    2.45,
    2.45,
    2.45,
    2.45,
    2.45,
    2.0,
    1.0,
    0.0,
    0.0,
    0.0,
    0.0,
    0.0,
    0.0,
    0.0,
    0.0,
    0.0,
    0.0,
    0.45,
    1.0,
    1.0,
    0.45,
    1.45,
    2.45,
    2.45,
    2.45,
    2.45,
    2.45
  ],
  "gedig_auc": 0.25920542635658916,
  "step_limit": 500,
  "meta": {
    "gedig_version": "R2_frontier",
    "frontier_weight": 0.45,
    "gedig_assumed_max": 8.6,
    "n1_hist": [
      14,
      24,
      8,
      2,
      0
    ],
    "n2_hist": [
      14,
      22,
      3,
      5,
      3,
      1,
      0,
      0,
      0
    ],
    "n2_longest_zero_streak": 12,
    "n2_mean_zero_streak": 7.0,
    "n2_zero_fraction": 0.2916666666666667
  }
}