{
  "seed": 9,
  "maze_size": [
    8,
    8
  ],
  "policy": "gedig_r2",
  "success": true,
  "steps": 38,
  "unique_cells": 34,
  "path_efficiency": 0.3684210526315789,
  "exploration_ratio": 0.8947368421052632,
  "gedig_series": [
    2.45,
    2.45,
    2.45,
    2.45,
    2.9,
    3.9,
    4.35,
    4.35,
    4.35,
    4.35,
    4.35,
    4.35,
    4.35,
    5.8,
    4.8,
    4.35,
    4.35,
    4.35,
    4.35,
    4.35,
    2.9,
    2.45,
    2.9,
    3.9,
    2.9,
    2.45,
    2.0,
    1.0,
    0.45,
    1.45,
    2.0,
    1.0,
    0.9,
    2.9,
    2.45,
    1.9,
    2.0,
    1.0
  ],
  "gedig_auc": 0.35480416156670747,
  "step_limit": 500,
  "meta": {
    "gedig_version": "R2_frontier",
    "frontier_weight": 0.45,
    "gedig_assumed_max": 8.6,
    "n1_hist": [
      5,
      16,
      16,
      1,
      0
    ],
    "n2_hist": [
      6,
      9,
      9,
      12,
      2,
      0,
      0,
      0,
      0
    ],
    "n2_longest_zero_streak": 2,
    "n2_mean_zero_streak": 2.0,
    "n2_zero_fraction": 0.15789473684210525
  }
}