{
  "seed": 8,
  "maze_size": [
    8,
    8
  ],
  "policy": "gedig_r2",
  "success": true,
  "steps": 30,
  "unique_cells": 31,
  "path_efficiency": 0.4666666666666667,
  "exploration_ratio": 1.0333333333333334,
  "gedig_series": [
    2.45,
    2.45,
    2.45,
    2.45,
    2.45,
    2.45,
    3.35,
    5.8,
    4.8,
    4.35,
    4.35,
    3.9,
    2.9,
    2.45,
    2.45,
    2.45,
    2.9,
    3.9,
    3.35,
    3.9,
    4.35,
    4.35,
    4.35,
    4.35,
    4.35,
    4.35,
    3.9,
    4.35,
    3.45,
    2.45
  ],
  "gedig_auc": 0.41007751937984493,
  "step_limit": 500,
  "meta": {
    "gedig_version": "R2_frontier",
    "frontier_weight": 0.45,
    "gedig_assumed_max": 8.6,
    "n1_hist": [
      0,
      14,
      15,
      1,
      0
    ],
    "n2_hist": [
      0,
      11,
      6,
      11,
      2,
      0,
      0,
      0,
      0
    ],
    "n2_longest_zero_streak": 0,
    "n2_mean_zero_streak": 0.0,
    "n2_zero_fraction": 0.0
  }
}