{
  "seed": 0,
  "maze_size": [
    8,
    8
  ],
  "policy": "gedig_r2",
  "success": true,
  "steps": 66,
  "unique_cells": 46,
  "path_efficiency": 0.21212121212121213,
  "exploration_ratio": 0.696969696969697,
  "gedig_series": [
    2.45,
    2.45,
    2.45,
    2.45,
    2.45,
    2.45,
    2.45,
    2.45,
    2.45,
    2.45,
    2.45,
    2.45,
    2.45,
    2.45,
    2.45,
    2.45,
    3.35,
    5.8,
    5.25,
    5.8,
    4.8,
    4.35,
    4.35,
    4.35,
    4.35,
    4.35,
    3.9,
    2.45,
    2.0,
    1.0,
    0.45,
    1.45,
    2.0,
    1.0,
    0.9,
    2.9,
    3.9,
    2.9,
    2.9,
    3.9,
    4.35,
    3.9,
    3.9,
    2.45,
    1.9,
    2.0,
    1.0,
    0.0,
    0.45,
    1.0,
    1.0,
    0.0,
    0.0,
    0.0,
    0.0,
    0.0,
    0.0,
    0.0,
    0.0,
    0.0,
    0.0,
    0.0,
    0.45,
    1.45,
    2.0,
    1.0
  ],
  "gedig_auc": 0.25449260042283295,
  "step_limit": 500,
  "meta": {
    "gedig_version": "R2_frontier",
    "frontier_weight": 0.45,
    "gedig_assumed_max": 8.6,
    "n1_hist": [
      21,
      29,
      14,
      2,
      0
    ],
    "n2_hist": [
      22,
      23,
      10,
      7,
      3,
      1,
      0,
      0,
      0
    ],
    "n2_longest_zero_streak": 13,
    "n2_mean_zero_streak": 4.4,
    "n2_zero_fraction": 0.3333333333333333
  }
}