{
  "seed": 6,
  "maze_size": [
    8,
    8
  ],
  "policy": "gedig_r2",
  "success": true,
  "steps": 36,
  "unique_cells": 34,
  "path_efficiency": 0.3888888888888889,
  "exploration_ratio": 0.9444444444444444,
  "gedig_series": [
    2.45,
    2.45,
    2.45,
    2.45,
    2.45,
    2.45,
    3.35,
    5.8,
    4.8,
    3.9,
    3.35,
    3.9,
    4.35,
    4.35,
    4.8,
    5.8,
    4.8,
    4.35,
    4.35,
    4.35,
    4.35,
    3.9,
    3.35,
    3.9,
    3.35,
    3.9,
    2.9,
    2.45,
    2.0,
    1.0,
    0.45,
    1.45,
    1.9,
    2.45,
    2.45,
    2.0
  ],
  "gedig_auc": 0.38355943152454786,
  "step_limit": 500,
  "meta": {
    "gedig_version": "R2_frontier",
    "frontier_weight": 0.45,
    "gedig_assumed_max": 8.6,
    "n1_hist": [
      2,
      18,
      14,
      2,
      0
    ],
    "n2_hist": [
      3,
      11,
      7,
      10,
      5,
      0,
      0,
      0,
      0
    ],
    "n2_longest_zero_streak": 2,
    "n2_mean_zero_streak": 1.5,
    "n2_zero_fraction": 0.08333333333333333
  }
}