{
  "experiment_date": "2025-07-13T23:14:56.111473",
  "system_version": "0.8.0",
  "metrics": {
    "traditional_rag": {
      "avg_response_time": 3.3934571743011475,
      "avg_quality": 0.7999999999999999,
      "insights_detected": 0,
      "success_rate": 1.0
    },
    "insightspike": {
      "avg_response_time": 0.8362015883127848,
      "avg_quality": 0.0,
      "insights_detected": 0,
      "insight_rate": 0.0,
      "success_rate": 1.0
    },
    "statistical_significance": {
      "t_statistic": 6.928203230275508,
      "p_value": 0.00227842629138017,
      "significant": 