{
  "TF-IDF": {
    "recall@5": 0.0,
    "latency_ms": 0.9871816635131836,
    "memory_kb": 42.03125,
    "compression_ratio": 1189.5910780669144,
    "efficiency_score": 0.0
  },
  "Sentence-BERT": {
    "recall@5": 0.25,
    "latency_ms": 29.75792407989502,
    "memory_kb": 750.0,
    "compression_ratio": 66.66666666666667,
    "efficiency_score": 16.666666666666668
  },
  "geDIG-Low": {
    "recall@5": 0.2,
    "latency_ms": 1.4511609077453613,
    "memory_kb": 36.7578125,
    "compression_ratio": 1360.2550478214666,
    "efficiency_score": 272.05100956429334
  },
  "geDIG-Medium": {
    "recall@5": 0.2,
    "latency_ms": 1.592855453491211,
    "memory_kb": 36.7578125,
    "compression_ratio": 1360.2550478214666,
    "efficiency_score": 272.05100956429334
  },
  "geDIG-High": {
    "recall@5": 0.2,
    "latency_ms": 1.4978742599487305,
    "memory_kb": 36.7578125,
    "compression_ratio": 1360.2550478214666,
    "efficiency_score": 272.05100956429334
  },
  "geDIG-VeryHigh": {
    "recall@5": 0.2,
    "latency_ms": 1.5669846534729004,
    "memory_kb": 36.7578125,
    "compression_ratio": 1360.2550478214666,
    "efficiency_score": 272.05100956429334
  }
}