{
  "metrics": [
    "loop_redundancy",
    "clipped_redundancy",
    "unique_coverage",
    "backtrack_rate",
    "mean_geDIG",
    "geDIG_low_frac"
  ],
  "algo_means": {
    "loop_redundancy": {
      "simple": {
        "mean": 3.5334198572355615,
        "ci_low": 1.8059701492537314,
        "ci_high": 5.260869565217392
      },
      "dfs": {
        "mean": 1.0,
        "ci_low": 1.0,
        "ci_high": 1.0
      },
      "random": {
        "mean": 2.4444444444444446,
        "ci_low": 2.2,
        "ci_high": 2.688888888888889
      }
    },
    "clipped_redundancy": {
      "simple": {
        "mean": 3.5334198572355615,
        "ci_low": 1.8059701492537314,
        "ci_high": 5.260869565217392
      },
      "dfs": {
        "mean": 1.0,
        "ci_low": 1.0,
        "ci_high": 1.0
      },
      "random": {
        "mean": 2.4444444444444446,
        "ci_low": 2.2,
        "ci_high": 2.4444444444444446
      }
    },
    "unique_coverage": {
      "simple": {
        "mean": 0.6322314049586777,
        "ci_low": 0.6198347107438017,
        "ci_high": 0.6446280991735537
      },
      "dfs": {
        "mean": 1.0,
        "ci_low": 1.0,
        "ci_high": 1.0
      },
      "random": {
        "mean": 0.6611570247933884,
        "ci_low": 0.6033057851239669,
        "ci_high": 0.6611570247933884
      }
    },
    "backtrack_rate": {
      "simple": {
        "mean": 0.1375,
        "ci_low": 0.11666666666666667,
        "ci_high": 0.15833333333333333
      },
      "dfs": {
        "mean": 0.0,
        "ci_low": 0.0,
        "ci_high": 0.0
      },
      "random": {
        "mean": 0.19583333333333333,
        "ci_low": 0.15,
        "ci_high": 0.19583333333333333
      }
    },
    "mean_geDIG": {
      "simple": {
        "mean": 0.4696252511633944,
        "ci_low": 0.46654046971984886,
        "ci_high": 0.47271003260693983
      }
    },
    "geDIG_low_frac": {
      "simple": {
        "mean": 0.48739495798319327,
        "ci_low": 0.48739495798319327,
        "ci_high": 0.48739495798319327
      }
    }
  },
  "diffs_simple_minus": {
    "loop_redundancy": {
      "dfs": {
        "mean_diff": 2.5334198572355615,
        "ci_low": 0.8059701492537314,
        "ci_high": 4.260869565217392
      },
      "random": {
        "mean_diff": 1.0889754127911169,
        "ci_low": -0.39402985074626873,
        "ci_high": 2.5719806763285025
      }
    },
    "clipped_redundancy": {
      "dfs": {
        "mean_diff": 2.5334198572355615,
        "ci_low": 0.8059701492537314,
        "ci_high": 2.5334198572355615
      },
      "random": {
        "mean_diff": 1.0889754127911169,
        "ci_low": -0.6384742951907132,
        "ci_high": 3.0608695652173914
      }
    },
    "unique_coverage": {
      "dfs": {
        "mean_diff": -0.3677685950413223,
        "ci_low": -0.3801652892561983,
        "ci_high": -0.3553719008264463
      },
      "random": {
        "mean_diff": -0.02892561983471076,
        "ci_low": -0.08677685950413228,
        "ci_high": 0.02892561983471076
      }
    },
    "backtrack_rate": {
      "dfs": {
        "mean_diff": 0.1375,
        "ci_low": 0.11666666666666667,
        "ci_high": 0.15833333333333333
      },
      "random": {
        "mean_diff": -0.05833333333333332,
        "ci_low": -0.10416666666666666,
        "ci_high": -0.033333333333333326
      }
    },
    "mean_geDIG": {},
    "geDIG_low_frac": {}
  }
}