{
  "metrics": [
    "loop_redundancy",
    "clipped_redundancy",
    "unique_coverage",
    "backtrack_rate",
    "mean_geDIG",
    "geDIG_low_frac"
  ],
  "algo_means": {
    "loop_redundancy": {
      "simple": {
        "mean": 1.0,
        "ci_low": 1.0,
        "ci_high": 1.0
      },
      "dfs": {
        "mean": 1.0,
        "ci_low": 1.0,
        "ci_high": 1.0
      },
      "random": {
        "mean": 1.3076923076923077,
        "ci_low": 1.3076923076923077,
        "ci_high": 1.3076923076923077
      }
    },
    "clipped_redundancy": {
      "simple": {
        "mean": 1.0,
        "ci_low": 1.0,
        "ci_high": 1.0
      },
      "dfs": {
        "mean": 1.0,
        "ci_low": 1.0,
        "ci_high": 1.0
      },
      "random": {
        "mean": 1.3076923076923077,
        "ci_low": 1.3076923076923077,
        "ci_high": 1.3076923076923077
      }
    },
    "unique_coverage": {
      "simple": {
        "mean": 1.0,
        "ci_low": 1.0,
        "ci_high": 1.0
      },
      "dfs": {
        "mean": 1.0,
        "ci_low": 1.0,
        "ci_high": 1.0
      },
      "random": {
        "mean": 0.9019607843137255,
        "ci_low": 0.9019607843137255,
        "ci_high": 0.9019607843137255
      }
    },
    "backtrack_rate": {
      "simple": {
        "mean": 0.0,
        "ci_low": 0.0,
        "ci_high": 0.0
      },
      "dfs": {
        "mean": 0.0,
        "ci_low": 0.0,
        "ci_high": 0.0
      },
      "random": {
        "mean": 0.06,
        "ci_low": 0.06,
        "ci_high": 0.06
      }
    },
    "mean_geDIG": {
      "simple": {
        "mean": 0.4621552633033526,
        "ci_low": 0.4621552633033526,
        "ci_high": 0.4621552633033526
      }
    },
    "geDIG_low_frac": {
      "simple": {
        "mean": 0.5918367346938775,
        "ci_low": 0.5918367346938775,
        "ci_high": 0.5918367346938775
      }
    }
  },
  "diffs_simple_minus": {
    "loop_redundancy": {
      "dfs": {
        "mean_diff": 0.0,
        "ci_low": 0.0,
        "ci_high": 0.0
      },
      "random": {
        "mean_diff": -0.3076923076923077,
        "ci_low": -0.3076923076923077,
        "ci_high": -0.3076923076923077
      }
    },
    "clipped_redundancy": {
      "dfs": {
        "mean_diff": 0.0,
        "ci_low": 0.0,
        "ci_high": 0.0
      },
      "random": {
        "mean_diff": -0.3076923076923077,
        "ci_low": -0.3076923076923077,
        "ci_high": -0.3076923076923077
      }
    },
    "unique_coverage": {
      "dfs": {
        "mean_diff": 0.0,
        "ci_low": 0.0,
        "ci_high": 0.0
      },
      "random": {
        "mean_diff": 0.0980392156862745,
        "ci_low": 0.0980392156862745,
        "ci_high": 0.0980392156862745
      }
    },
    "backtrack_rate": {
      "dfs": {
        "mean_diff": 0.0,
        "ci_low": 0.0,
        "ci_high": 0.0
      },
      "random": {
        "mean_diff": -0.06,
        "ci_low": -0.06,
        "ci_high": -0.06
      }
    },
    "mean_geDIG": {},
    "geDIG_low_frac": {}
  }
}