{
  "results": {
    "Full": {
      "success_rates": [
        0.54,
        0.34,
        0.49
      ],
      "convergence_episodes": [
        11,
        9,
        22
      ],
      "mean_success": 0.4566666666666667,
      "std_success": 0.08498365855987976,
      "mean_convergence": 14.0
    },
    "GED_Only": {
      "success_rates": [
        0.45,
        0.13,
        0.22
      ],
      "convergence_episodes": [
        11,
        9,
        22
      ],
      "mean_success": 0.26666666666666666,
      "std_success": 0.1347425528760516,
      "mean_convergence": 14.0
    },
    "IG_Only": {
      "success_rates": [
        0.6,
        0.36,
        0.57
      ],
      "convergence_episodes": [
        11,
        9,
        22
      ],
      "mean_success": 0.5099999999999999,
      "std_success": 0.1067707825203131,
      "mean_convergence": 14.0
    },
    "Baseline": {
      "success_rates": [
        0.35,
        0.41,
        0.48
      ],
      "convergence_episodes": [
        54,
        9,
        22
      ],
      "mean_success": 0.41333333333333333,
      "std_success": 0.053124591501697425,
      "mean_convergence": 28.333333333333332
    }
  },
  "metadata": {
    "timestamp": "2025-07-02T23:02:41.636156",
    "random_seed": 42,
    "episodes": 100,
    "trials": 3
  }
}