{
  "maze_type": "simple",
  "config": {
    "weights": [
      1.0,
      1.0,
      0.0,
      0.0,
      2.0,
      1.0,
      0.2,
      0.0
    ],
    "temperature": 0.1,
    "gedig_threshold": 0.3,
    "dense_metric_interval": 10,
    "enable_gedig": true,
    "max_steps": 1000,
    "verbosity": 1
  },
  "timestamp": "2025-09-11T11:40:45.655915",
  "runs": [
    {
      "algo": "insightspike",
      "seed": 1000,
      "path_length": 15,
      "unique_positions": 15,
      "loop_redundancy": 1.0,
      "coverage": 0.4411764705882353,
      "goal_reached": true,
      "steps_taken": 13,
      "navigation_ms_mean": 828.6314734589093,
      "navigation_ms_p95": 4308.455235394634,
      "gedig_ms_mean": 5385.1014459942235,
      "gedig_ms_p95": 10231.582451496797,
      "decision_ms_mean": 0.10476264079833138,
      "decision_ms_p95": 0.31893159175524466,
      "mean_gedig": 0.0,
      "gedig_low_frac": 1.0,
      "gedig_history": [
        0.0,
        0.0
      ],
      "runtime": 11.040125846862793
    },
    {
      "algo": "dfs",
      "path": [
        [
          1,
          1
        ],
        [
          1,
          2
        ],
        [
          1,
          3
        ],
        [
          1,
          4
        ],
        [
          1,
          5
        ],
        [
          1,
          6
        ],
        [
          1,
          7
        ],
        [
          1,
          8
        ],
        [
          2,
          8
        ],
        [
          3,
          8
        ],
        [
          4,
          8
        ],
        [
          5,
          8
        ],
        [
          6,
          8
        ],
        [
          7,
          8
        ],
        [
          8,
          8
        ]
      ],
      "path_length": 15,
      "unique_positions": 15,
      "goal_reached": true,
      "coverage": 0.4411764705882353,
      "seed": 1000,
      "runtime": 0.0006539821624755859
    },
    {
      "algo": "random",
      "path": [
        [
          1,
          1
        ],
        [
          1,
          2
        ],
        [
          1,
          1
        ],
        [
          2,
          1
        ],
        [
          3,
          1
        ],
        [
          2,
          1
        ],
        [
          1,
          1
        ],
        [
          2,
          1
        ],
        [
          1,
          1
        ],
        [
          1,
          2
        ],
        [
          1,
          3
        ],
        [
          1,
          4
        ],
        [
          1,
          5
        ],
        [
          1,
          6
        ],
        [
          1,
          7
        ],
        [
          1,
          8
        ],
        [
          1,
          7
        ],
        [
          1,
          6
        ],
        [
          1,
          7
        ],
        [
          1,
          6
        ],
        [
          1,
          5
        ],
        [
          1,
          4
        ],
        [
          1,
          5
        ],
        [
          1,
          6
        ],
        [
          1,
          7
        ],
        [
          1,
          8
        ],
        [
          2,
          8
        ],
        [
          3,
          8
        ],
        [
          4,
          8
        ],
        [
          5,
          8
        ],
        [
          6,
          8
        ],
        [
          7,
          8
        ],
        [
          8,
          8
        ]
      ],
      "path_length": 33,
      "unique_positions": 17,
      "goal_reached": true,
      "coverage": 0.5,
      "seed": 1000,
      "runtime": 0.0007119178771972656
    },
    {
      "algo": "insightspike",
      "seed": 1001,
      "path_length": 15,
      "unique_positions": 15,
      "loop_redundancy": 1.0,
      "coverage": 0.4411764705882353,
      "goal_reached": true,
      "steps_taken": 13,
      "navigation_ms_mean": 0.11222477097852299,
      "navigation_ms_p95": 0.2279817941598593,
      "gedig_ms_mean": 0.12069397780578583,
      "gedig_ms_p95": 0.13730977807426825,
      "decision_ms_mean": 0.05753828528603273,
      "decision_ms_p95": 0.07636140508111565,
      "mean_gedig": 0.0,
      "gedig_low_frac": 1.0,
      "gedig_history": [
        0.0,
        0.0
      ],
      "runtime": 0.002312898635864258
    },
    {
      "algo": "dfs",
      "path": [
        [
          1,
          1
        ],
        [
          2,
          1
        ],
        [
          3,
          1
        ],
        [
          4,
          1
        ],
        [
          5,
          1
        ],
        [
          6,
          1
        ],
        [
          7,
          1
        ],
        [
          8,
          1
        ],
        [
          8,
          2
        ],
        [
          8,
          3
        ],
        [
          8,
          4
        ],
        [
          8,
          5
        ],
        [
          8,
          6
        ],
        [
          8,
          7
        ],
        [
          8,
          8
        ]
      ],
      "path_length": 15,
      "unique_positions": 15,
      "goal_reached": true,
      "coverage": 0.4411764705882353,
      "seed": 1001,
      "runtime": 8.916854858398438e-05
    },
    {
      "algo": "random",
      "path": [
        [
          1,
          1
        ],
        [
          2,
          1
        ],
        [
          3,
          1
        ],
        [
          2,
          1
        ],
        [
          1,
          1
        ],
        [
          1,
          2
        ],
        [
          1,
          3
        ],
        [
          1,
          4
        ],
        [
          1,
          5
        ],
        [
          1,
          6
        ],
        [
          1,
          7
        ],
        [
          1,
          8
        ],
        [
          2,
          8
        ],
        [
          3,
          8
        ],
        [
          4,
          8
        ],
        [
          5,
          8
        ],
        [
          6,
          8
        ],
        [
          7,
          8
        ],
        [
          8,
          8
        ]
      ],
      "path_length": 19,
      "unique_positions": 17,
      "goal_reached": true,
      "coverage": 0.5,
      "seed": 1001,
      "runtime": 0.0003910064697265625
    },
    {
      "algo": "insightspike",
      "seed": 1002,
      "path_length": 35,
      "unique_positions": 31,
      "loop_redundancy": 1.1290322580645162,
      "coverage": 0.9117647058823529,
      "goal_reached": true,
      "steps_taken": 33,
      "navigation_ms_mean": 0.0914868485944515,
      "navigation_ms_p95": 0.1620548020582646,
      "gedig_ms_mean": 0.07814000127837062,
      "gedig_ms_p95": 0.08188395877368748,
      "decision_ms_mean": 0.04590414584313026,
      "decision_ms_p95": 0.05687103111995384,
      "mean_gedig": 0.0,
      "gedig_low_frac": 1.0,
      "gedig_history": [
        0.0,
        0.0,
        0.0,
        0.0
      ],
      "runtime": 0.003676891326904297
    },
    {
      "algo": "dfs",
      "path": [
        [
          1,
          1
        ],
        [
          2,
          1
        ],
        [
          3,
          1
        ],
        [
          4,
          1
        ],
        [
          5,
          1
        ],
        [
          6,
          1
        ],
        [
          7,
          1
        ],
        [
          8,
          1
        ],
        [
          8,
          2
        ],
        [
          8,
          3
        ],
        [
          8,
          4
        ],
        [
          8,
          5
        ],
        [
          8,
          6
        ],
        [
          8,
          7
        ],
        [
          8,
          8
        ]
      ],
      "path_length": 15,
      "unique_positions": 15,
      "goal_reached": true,
      "coverage": 0.4411764705882353,
      "seed": 1002,