{
  "insightspike": {
    "success_rate": 1.0,
    "avg_steps": 19.666666666666668,
    "avg_redundancy": 1.043010752688172,
    "avg_coverage": 0.5980392156862745,
    "avg_runtime": 3.6820385456085205
  },
  "dfs": {
    "success_rate": 1.0,
    "avg_steps": 15.0,
    "avg_redundancy": 1.0,
    "avg_coverage": 0.4411764705882353,
    "avg_runtime": 0.00026909510294596356
  },
  "random": {
    "success_rate": 1.0,
    "avg_steps": 71.0,
    "avg_redundancy": 2.645870469399881,
    "avg_coverage": 0.6568627450980392,
    "avg_runtime": 0.0011966228485107422
  }
}