{
  "params": {
    "variant": "large",
    "seeds": [
      11,
      22,
      33
    ],
    "max_steps": 400,
    "temperature": 0.1,
    "gedig_threshold": 0.3,
    "backtrack_threshold": -0.2,
    "no_markdown": true
  },
  "per_seed": [
    {
      "seed": 11,
      "success": false,
      "steps": 399,
      "unique_positions": 145,
      "loop_erased_length": 18,
      "loop_redundancy": 22.27777777777778,
      "mean_geDIG": 0.17008522043114616,
      "std_geDIG": 0.3763825447005834,
      "min_geDIG": 0.0,
      "max_geDIG": 2.0,
      "backtrack_trigger_rate": 0.0,
      "queries_per_step": 1.0
    },
    {
      "seed": 22,
      "success": true,
      "steps": 195,
      "unique_positions": 117,
      "loop_erased_length": 42,
      "loop_redundancy": 4.690476190476191,
      "mean_geDIG": 0.32658522686164543,
      "std_geDIG": 0.48918182036636376,
      "min_geDIG": 0.0,
      "max_geDIG": 2.0,
      "backtrack_trigger_rate": 0.0,
      "queries_per_step": 1.0
    },
    {
      "seed": 33,
      "success": false,
      "steps": 399,
      "unique_positions": 117,
      "loop_erased_length": 9,
      "loop_redundancy": 44.55555555555556,
      "mean_geDIG": 0.16001225800050356,
      "std_geDIG": 0.3788633948691716,
      "min_geDIG": 0.0,
      "max_geDIG": 2.0,
      "backtrack_trigger_rate": 0.0,
      "queries_per_step": 1.0
    }
  ],
  "aggregate": {
    "steps": {
      "mean": 331.0,
      "stdev": 96.16652224137046,
      "min": 195.0,
      "max": 399.0
    },
    "unique_positions": {
      "mean": 126.33333333333333,
      "stdev": 13.199326582148887,
      "min": 117.0,
      "max": 145.0
    },
    "loop_erased_length": {
      "mean": 23.0,
      "stdev": 13.92838827718412,
      "min": 9.0,
      "max": 42.0
    },
    "loop_redundancy": {
      "mean": 23.841269841269845,
      "stdev": 16.312357662632568,
      "min": 4.690476190476191,
      "max": 44.55555555555556
    },
    "mean_geDIG": {
      "mean": 0.21889423509776504,
      "stdev": 0.07625998698902064,
      "min": 0.16001225800050356,
      "max": 0.32658522686164543
    },
    "std_geDIG": {
      "mean": 0.4148092533120396,
      "stdev": 0.052599098231035646,
      "min": 0.3763825447005834,
      "max": 0.48918182036636376
    },
    "min_geDIG": {
      "mean": 0.0,
      "stdev": 0.0,
      "min": 0.0,
      "max": 0.0
    },
    "max_geDIG": {
      "mean": 2.0,
      "stdev": 0.0,
      "min": 2.0,
      "max": 2.0
    },
    "backtrack_trigger_rate": {
      "mean": 0.0,
      "stdev": 0.0,
      "min": 0.0,
      "max": 0.0
    },
    "queries_per_step": {
      "mean": 1.0,
      "stdev": 0.0,
      "min": 1.0,
      "max": 1.0
    },
    "success_rate": 0.3333333333333333
  }
}