{
  "seed": 4,
  "maze_size": [
    20,
    20
  ],
  "policy": "gedig_r2_adaptive_0.1_0.25",
  "success": false,
  "steps": 1200,
  "unique_cells": 120,
  "path_efficiency": 0.0,
  "exploration_ratio": 0.1,
  "gedig_series": [
    2.25,
    2.25,
    2.25,
    2.25,
    2.25,
    2.25,
    2.25,
    2.25,
    2.25,
    2.25,
    2.25,
    2.25,
    2.25,
    2.25,
    2.25,
    2.25,
    2.25,
    2.25,
    2.25,
    2.25,
    2.25,
    2.25,
    2.25,
    2.25,
    2.25,
    2.25,
    2.25,
    2.25,
    2.25,
    2.25,
    2.25,
    2.25,
    2.25,
    2.25,
    2.25,
    2.25,
    2.75,
    5.0,
    4.0,
    3.75,
    3.75,
    3.5,
    2.5,
    3.25,
    2.75,
    3.5,
    2.5,
    2.25,
    2.25,
    2.25,
    2.25,
    2.25,
    2.25,
    2.25,
    2.25,
    2.25,
    2.25,
    2.25,
    2.25,
    2.25,
    2.5,
    3.5,
    2.5,
    2.25,
    2.0,
    1.0,
    0.0,
    0.0,
    0.125,
    1.125,
    2.0,
    1.0,
    0.0,
    0.0,
    0.0,
    0.0,
    0.0,
    0.0,
    0.0,
    0.0,
    0.0,
    0.0,
    0.0,
    0.0,
    0.0,
    0.0,
    0.0,
    0.0,
    0.0,
    0.0,
    0.0,
    0.0,
    0.0,
    0.0,
    0.0,
    0.0,
    0.0,
    0.0,
    0.0,
    0.0,
    0.0,
    0.0,
    0.0,
    0.0,
    0.0,
    0.0,
    0.0,
    0.0,
    0.0,
    0.0,
    0.0,
    0.0,
    0.0,
    0.0,
    0.0,
    0.0,
    0.0,
    0.0,
    0.0,
    0.0,
    0.0,
    0.0,
    0.0,
    0.0,
    0.0,
    0.0,
    0.0,
    0.0,
    0.0,
    0.0,
    0.0,
    0.0,
    0.0,
    0.0,
    0.0,
    0.0,
    0.0,
    0.0,
    0.0,
    0.0,
    0.0,
    0.0,
    0.0,
    0.0,
    0.0,
    0.0,
    0.0,
    0.0,
    0.0,
    0.0,
    0.0,
    0.0,
    0.0,
    0.0,
    0.0,
    0.0,
    0.0,
    0.0,
    0.0,
    0.0,
    0.0,
    0.0,
    0.0,
    0.0,
    0.0,
    0.0,
    0.0,
    0.0,
    0.0,
    0.0,
    0.0,
    0.0,
    0.0,
    0.0,
    0.0,
    0.0,
    0.0,
    0.0,
    0.1,
    1.1,
    2.0,
    1.0,
    0.0,
    0.0,
    0.1,
    1.0,
    1.0,
    0.1,
    1.1,
    2.1,
    2.2,
    3.2,
    3.3,
    3.3,
    3.3,
    3.36,
    3.36,
    3.36,
    3.36,
    3.36,
    3.36,
    2.36,
    3.36,
    3.42,
    3.42,
    3.42,
    3.56,
    4.5600000000000005,
    3.56,
    3.42,
    3.42,
    3.48,
    3.48,
    2.48,
    3.48,
    3.48,
    3.48,
    3.48,
    3.48,
    3.54,
    3.54,
    3.54,
    3.54,
    3.54,
    3.54,
    3.54,
    3.54,
    3.6,
    3.4,
    2.4,
    2.2,
    2.2,
    2.4,
    3.4,
    2.6,
    3.2199999999999998,
    2.2199999999999998,
    1.22,
    1.22,
    1.22,
    1.22,
    1.22,
    1.22,
    1.24,
    1.24,
    1.24,
    1.24,
    1.24,
    1.24,
    1.24,
    1.24,
    1.25,
    1.25,
    1.25,
    1.25,
    1.25,
    1.25,
    1.25,
    1.25,
    1.25,
    1.25,
    1.25,
    1.25,
    1.25,
    1.25,
    1.25,
    1.25,
    1.25,
    1.25,
    1.25,
    1.25,
    1.25,
    1.25,
    1.25,
    1.25,
    1.25,
    1.25,
    1.25,
    1.25,
    1.25,
    1.25,
    1.25,
    1.25,
    1.25,
    1.25,
    1.25,
    1.25,
    1.25,
    1.25,
    1.25,
    1.25,
    1.25,
    1.25,
    1.25,
    1.25,
    1.25,
    1.25,
    1.25,
    1.25,
    1.25,
    1.25,
    1.25,
    1.25,
    1.25,
    1.25,
    1.25,
    1.25,
    1.25,
    1.25,
    1.25,
    1.25,
    1.25,
    1.25,
    1.25,
    1.25,
    1.25,
    1.25,
    1.25,
    1.25,
    1.25,
    1.25,
    1.25,
    1.25,
    1.25,
    1.25,
    1.25,
    1.25,
    1.25,
    1.25,
    1.25,
    1.25,
    1.25,
    1.25,
    1.25,
    1.25,
    1.25,
    1.25,
    1.25,
    1.25,
    1.25,
    1.25,
    1.25,
    1.25,
    1.25,
    1.25,
    1.25,
    1.25,
    1.25,
    1.25,
    1.25,
    1.25,
    1.25,
    1.25,
    1.25,
    1.25,
    1.25,
    1.25,
    1.25,
    1.25,
    1.25,
    1.25,
    1.25,
    1.25,
    1.25,
    1.25,
    1.25,
    1.25,
    1.25,
    1.25,
    1.25,
    1.25,
    1.25,
    1.25,
    1.25,
    1.25,
    1.25,
    1.25,
    1.25,
    1.25,
    1.25,
    1.25,
    1.25,
    1.25,
    1.25,
    1.25,
    1.25,
    1.25,
    1.25,
    1.25,
    1.25,
    1.25,
    1.25,
    1.25,
    1.25,
    1.25,
    1.25,
    1.25,
    1.25,
    1.25,
    1.25,
    1.25,
    1.25,
    1.25,
    1.25,
    1.25,
    1.25,
    1.25,
    1.25,
    1.25,
    1.25,
    1.25,
    1.25,
    1.25,
    1.25,
    1.25,
    1.25,
    1.25,
    1.25,
    1.25,
    1.25,
    1.25,
    1.25,
    1.25,
    1.25,
    1.25,
    1.25,
    1.25,
    1.25,
    1.25,
    1.25,
    1.25,
    1.25,
    1.25,
    1.25,
    1.25,
    1.25,
    1.25,
    1.25,
    1.25,
    1.25,
    1.25,
    1.25,
    1.25,
    1.25,
    1.25,
    1.25,
    1.25,
    1.25,
    1.25,
    1.25,
    1.25,
    1.25,
    1.25,
    1.25,
    1.25,
    1.25,
    1.25,
    1.25,
    1.25,
    1.25,
    1.25,
    1.25,
    1.25,
    1.25,
    1.25,
    1.25,
    1.25,
    1.25,
    1.25,
    1.25,
    1.25,
    1.25,
    1.25,
    1.25,
    1.25,
    1.25,
    1.25,
    1.25,
    1.25,
    1.25,
    1.25,
    1.25,
    1.25,
    1.25,
    1.25,
    1.25,
    1.25,
    1.25,
    1.25,
    1.25,
    1.25,
    1.25,
    1.25,
    1.25,
    1.25,
    1.25,
    1.25,
    1.25,
    1.25,
    1.25,
    1.25,
    1.25,
    1.25,
    1.25,
    1.25,
    1.25,
    1.25,
    1.25,
    1.25,
    1.25,
    1.25,
    1.25,
    1.25,
    1.25,
    1.25,
    1.25,
    1.25,
    1.25,
    1.25,
    1.25,
    1.25,
    1.25,
    1.25,
    1.25,
    1.25,
    1.25,
    1.25,
    1.25,
    1.25,
    1.25,
    1.25,
    1.25,
    1.25,
    1.25,
    1.25,
    1.25,
    1.25,
    1.25,
    1.25,
    1.25,
    1.25,
    1.25,
    1.25,
    1.25,
    1.25,
    1.25,
    1.25,
    1.25,
    1.25,
    1.25,
    1.25,
    1.25,
    1.25,
    1.25,
    1.25,
    1.25,
    1.25,
    1.25,
    1.25,
    1.25,
    1.25,
    1.25,
    1.25,
    1.25,
    1.25,
    1.25,
    1.25,
    1.25,
    1.25,
    1.25,
    1.25,
    1.25,
    1.25,
    1.25,
    1.25,
    1.25,
    1.25,
    1.25,
    1.25,
    1.25,
    1.25,
    1.25,
    1.25,
    1.25,
    1.25,
    1.25,
    1.25,
    1.25,
    1.25,
    1.25,
    1.25,
    1.25,
    1.25,
    1.25,
    1.25,
    1.25,
    1.25,
    1.25,
    1.25,
    1.25,
    1.25,
    1.25,
    1.25,
    1.25,
    1.25,
    1.25,
    1.25,
    1.25,
    1.25,
    1.25,
    1.25,
    1.25,
    1.25,
    1.25,
    1.25,
    1.25,
    1.25,
    1.25,
    1.25,
    1.25,
    1.25,
    1.25,
    1.25,
    1.25,
    1.25,
    1.25,
    1.25,
    1.25,
    1.25,
    1.25,
    1.25,
    1.25,
    1.25,
    1.25,
    1.25,
    1.25,
    1.25,
    1.25,
    1.25,
    1.25,
    1.25,
    1.25,
    1.25,
    1.25,
    1.25,
    1.25,
    1.25,
    1.25,
    1.25,
    1.25,
    1.25,
    1.25,
    1.25,
    1.25,
    1.25,
    1.25,
    1.25,
    1.25,
    1.25,
    1.25,
    1.25,
    1.25,
    1.25,
    1.25,
    1.25,
    1.25,
    1.25,
    1.25,
    1.25,
    1.25,
    1.25,
    1.25,
    1.25,
    1.25,
    1.25,
    1.25,
    1.25,
    1.25,
    1.25,
    1.25,
    1.25,
    1.25,
    1.25,
    1.25,
    1.25,
    1.25,
    1.25,
    1.25,
    1.25,
    1.25,
    1.25,
    1.25,
    1.25,
    1.25,
    1.25,
    1.25,
    1.25,
    1.25,
    1.25,
    1.25,
    1.25,
    1.25,
    1.25,
    1.25,
    1.25,
    1.25,
    1.25,
    1.25,
    1.25,
    1.25,
    1.25,
    1.25,
    1.25,
    1.25,
    1.25,
    1.25,
    1.25,
    1.25,
    1.25,
    1.25,
    1.25,
    1.25,
    1.25,
    1.25,
    1.25,
    1.25,
    1.25,
    1.25,
    1.25,
    1.25,
    1.25,
    1.25,
    1.25,
    1.25,
    1.25,
    1.25,
    1.25,
    1.25,
    1.25,
    1.25,
    1.25,
    1.25,
    1.25,
    1.25,
    1.25,
    1.25,
    1.25,
    1.25,
    1.25,
    1.25,
    1.25,
    1.25,
    1.25,
    1.25,
    1.25,
    1.25,
    1.25,
    1.25,
    1.25,
    1.25,
    1.25,
    1.25,
    1.25,
    1.25,
    1.25,
    1.25,
    1.25,
    1.25,
    1.25,
    1.25,
    1.25,
    1.25,
    1.25,
    1.25,
    1.25,
    1.25,
    1.25,
    1.25,
    1.25,
    1.25,
    1.25,
    1.25,
    1.25,
    1.25,
    1.25,
    1.25,
    1.25,
