{
  "seed": 5,
  "maze_size": [
    20,
    20
  ],
  "policy": "gedig_r2_adaptive_0.1_0.25",
  "success": true,
  "steps": 150,
  "unique_cells": 120,
  "path_efficiency": 0.25333333333333335,
  "exploration_ratio": 0.8,
  "gedig_series": [
    2.25,
    2.25,
    2.25,
    2.25,
    2.25,
    2.25,
    2.25,
    2.25,
    2.25,
    2.25,
    2.25,
    2.25,
    2.25,
    2.25,
    2.25,
    2.25,
    2.25,
    2.25,
    2.25,
    2.25,
    2.25,
    2.25,
    2.25,
    2.25,
    2.5,
    3.5,
    2.5,
    2.25,
    2.25,
    2.25,
    2.25,
    2.25,
    2.5,
    3.5,
    2.5,
    2.25,
    2.0,
    1.0,
    0.0,
    0.0,
    0.125,
    1.125,
    2.125,
    2.125,
    2.0,
    1.0,
    0.0,
    0.0,
    0.0,
    0.0,
    0.0,
    0.0,
    0.0,
    0.0,
    0.0,
    0.0,
    0.0,
    0.0,
    0.0,
    0.0,
    0.1,
    1.1,
    2.1,
    2.1,
    2.2,
    3.2,
    3.3,
    3.3,
    3.36,
    3.36,
    3.36,
    2.36,
    3.36,
    3.36,
    3.36,
    3.36,
    3.42,
    3.42,
    3.42,
    2.42,
    3.42,
    3.42,
    3.42,
    3.42,
    3.48,
    3.48,
    3.64,
    4.64,
    3.8,
    4.64,
    3.64,
    3.48,
    3.54,
    3.54,
    3.54,
    3.54,
    3.54,
    3.54,
    3.54,
    3.54,
    3.6,
    3.6,
    3.6,
    3.6,
    3.6,
    3.6,
    3.6,
    3.6,
    2.44,
    2.2199999999999998,
    2.2199999999999998,
    2.2199999999999998,
    2.2199999999999998,
    2.2199999999999998,
    2.44,
    3.44,
    2.48,
    2.2399999999999998,
    2.2399999999999998,
    2.2399999999999998,
    2.2399999999999998,
    2.2399999999999998,
    2.2399999999999998,
    2.0,
    1.0,
    0.23999999999999996,
    1.24,
    2.2399999999999998,
    2.0,
    1.0,
    0.23999999999999996,
    1.24,
    2.2399999999999998,
    2.2399999999999998,
    2.0,
    1.0,
    0.23999999999999996,
    1.24,
    2.2399999999999998,
    2.0,
    1.24,
    1.48,
    2.0,
    1.0,
    0.0,
    0.11999999999999998,
    1.24,
    2.36,
    3.2399999999999998,
    2.2399999999999998
  ],
  "gedig_auc": 0.3315353535353535,
  "step_limit": 1200,
  "meta": {
    "gedig_version": "R2_frontier",
    "frontier_weight": 0.2,
    "gedig_assumed_max": 6.6,
    "n1_hist": [
      30,
      74,
      44,
      2,
      0
    ],
    "n2_hist": [
      30,
      61,
      16,
      38,
      4,
      1,
      0,
      0,
      0
    ],
    "n2_longest_zero_streak": 16,
    "n2_mean_zero_streak": 4.285714285714286,
    "n2_zero_fraction": 0.2,
    "adaptive": true,
    "adaptive_fw_final": 0.11999999999999998,
    "adaptive_fw_avg": 0.19046666666666623,
    "adaptive_drop_events": 3,
    "adaptive_raise_events": 7,
    "adaptive_params": {
      "drop_threshold": 3,
      "recover_threshold": 8,
      "linear_raise_step": 0.02
    }
  }
}