{
  "seed": 0,
  "maze_size": [
    20,
    20
  ],
  "policy": "gedig_r2_adaptive_0.1_0.25",
  "success": true,
  "steps": 712,
  "unique_cells": 208,
  "path_efficiency": 0.05337078651685393,
  "exploration_ratio": 0.29213483146067415,
  "gedig_series": [
    2.25,
    2.25,
    2.25,
    2.25,
    2.25,
    2.25,
    2.25,
    2.25,
    2.25,
    2.25,
    2.25,
    2.25,
    2.25,
    2.25,
    2.25,
    2.25,
    2.25,
    2.25,
    2.25,
    2.25,
    2.25,
    2.25,
    2.25,
    2.25,
    2.5,
    3.5,
    2.5,
    2.25,
    2.25,
    2.25,
    2.25,
    2.25,
    2.25,
    2.25,
    2.25,
    2.25,
    2.25,
    2.25,
    2.75,
    5.0,
    4.0,
    3.75,
    3.75,
    3.5,
    2.5,
    2.25,
    2.25,
    2.25,
    2.5,
    3.75,
    3.75,
    3.5,
    2.5,
    2.25,
    2.25,
    2.25,
    2.25,
    2.25,
    2.0,
    1.0,
    0.0,
    0.0,
    0.0,
    0.0,
    0.0,
    0.0,
    0.0,
    0.0,
    0.0,
    0.0,
    0.0,
    0.0,
    0.0,
    0.0,
    0.0,
    0.0,
    0.0,
    0.0,
    0.0,
    0.0,
    0.0,
    0.0,
    0.1,
    1.1,
    2.0,
    1.0,
    0.1,
    1.1,
    1.3,
    3.2,
    3.3,
    3.2,
    2.2,
    2.1,
    2.12,
    2.12,
    2.12,
    2.12,
    2.12,
    2.12,
    2.24,
    3.36,
    3.42,
    3.42,
    3.42,
    2.42,
    3.42,
    3.42,
    3.42,
    3.42,
    3.64,
    4.64,
    3.64,
    3.48,
    3.48,
    2.48,
    3.48,
    3.48,
    3.54,
    3.54,
    3.54,
    3.54,
    3.54,
    2.54,
    3.36,
    3.54,
    3.8,
    4.8,
    3.8,
    3.6,
    3.6,
    3.6,
    3.6,
    3.4,
    3.44,
    3.44,
    2.44,
    2.2199999999999998,
    2.2199999999999998,
    2.2199999999999998,
    2.2199999999999998,
    2.2199999999999998,
    2.48,
    3.48,
    2.48,
    2.2399999999999998,
    2.2399999999999998,
    2.2399999999999998,
    2.48,
    3.48,
    2.5,
    2.25,
    2.25,
    2.25,
    2.25,
    2.25,
    2.0,
    1.0,
    0.0,
    0.0,
    0.0,
    0.0,
    0.0,
    0.0,
    0.0,
    0.0,
    0.0,
    0.0,
    0.0,
    0.0,
    0.0,
    0.0,
    0.0,
    0.0,
    0.0,
    0.0,
    0.0,
    0.0,
    0.0,
    0.0,
    0.0,
    0.0,
    0.0,
    0.0,
    0.0,
    0.0,
    0.0,
    0.0,
    0.0,
    0.0,
    0.0,
    0.0,
    0.0,
    0.0,
    0.0,
    0.0,
    0.0,
    0.0,
    0.0,
    0.0,
    0.0,
    0.0,
    0.0,
    0.0,
    0.0,
    0.0,
    0.0,
    0.0,
    0.0,
    0.0,
    0.0,
    0.0,
    0.0,
    0.0,
    0.1,
    1.1,
    2.1,
    2.1,
    2.1,
    2.1,
    2.0,
    1.0,
    0.0,
    0.0,
    0.0,
    0.0,
    0.0,
    0.0,
    0.0,
    0.0,
    0.0,
    0.0,
    0.0,
    0.0,
    0.0,
    0.0,
    0.0,
    0.0,
    0.0,
    0.0,
    0.0,
    0.0,
    0.0,
    0.0,
    0.0,
    0.0,
    0.0,
    0.0,
    0.0,
    0.0,
    0.0,
    0.0,
    0.0,
    0.0,
    0.0,
    0.0,
    0.0,
    0.0,
    0.0,
    0.0,
    0.0,
    0.0,
    0.0,
    0.0,
    0.0,
    0.0,
    0.0,
    0.0,
    0.0,
    0.0,
    0.0,
    0.0,
    0.0,
    0.0,
    0.0,
    0.0,
    0.0,
    0.0,
    0.0,
    0.0,
    0.0,
    0.0,
    0.0,
    0.0,
    0.0,
    0.0,
    0.0,
    0.0,
    0.0,
    0.0,
    0.0,
    0.0,
    0.0,
    0.0,
    0.0,
    0.0,
    0.0,
    0.0,
    0.0,
    0.0,
    0.0,
    0.0,
    0.0,
    0.0,
    0.0,
    0.0,
    0.0,
    0.0,
    0.0,
    0.0,
    0.0,
    0.0,
    0.0,
    0.0,
    0.0,
    0.0,
    0.0,
    0.0,
    0.0,
    0.0,
    0.0,
    0.0,
    0.0,
    0.0,
    0.0,
    0.0,
    0.0,
    0.0,
    0.0,
    0.0,
    0.0,
    0.0,
    0.0,
    0.0,
    0.0,
    0.0,
    0.0,
    0.0,
    0.0,
    0.0,
    0.0,
    0.0,
    0.0,
    0.0,
    0.0,
    0.0,
    0.1,
    1.1,
    2.1,
    2.1,
    2.2,
    3.2,
    2.1,
    1.2,
    2.0,
    1.0,
    0.0,
    0.1,
    1.0,
    1.0,
    0.0,
    0.0,
    0.0,
    0.0,
    0.0,
    0.0,
    0.0,
    0.0,
    0.0,
    0.0,
    0.0,
    0.0,
    0.0,
    0.0,
    0.0,
    0.0,
    0.0,
    0.0,
    0.0,
    0.0,
    0.0,
    0.0,
    0.0,
    0.0,
    0.0,
    0.0,
    0.0,
    0.0,
    0.0,
    0.0,
    0.0,
    0.0,
    0.0,
    0.0,
    0.0,
    0.0,
    0.0,
    0.0,
    0.0,
    0.0,
    0.0,
    0.0,
    0.0,
    0.0,
    0.0,
    0.0,
    0.0,
    0.0,
    0.0,
    0.0,
    0.0,
    0.0,
    0.0,
    0.0,
    0.0,
    0.0,
    0.0,
    0.0,
    0.0,
    0.0,
    0.0,
    0.0,
    0.0,
    0.0,
    0.0,
    0.0,
    0.0,
    0.0,
    0.0,
    0.0,
    0.0,
    0.0,
    0.0,
    0.0,
    0.0,
    0.0,
    0.0,
    0.0,
    0.0,
    0.0,
    0.0,
    0.0,
    0.0,
    0.0,
    0.0,
    0.0,
    0.0,
    0.0,
    0.0,
    0.0,
    0.0,
    0.0,
    0.0,
    0.0,
    0.0,
    0.0,
    0.0,
    0.0,
    0.0,
    0.0,
    0.0,
    0.0,
    0.0,
    0.0,
    0.0,
    0.0,
    0.0,
    0.0,
    0.0,
    0.0,
    0.0,
    0.0,
    0.0,
    0.0,
    0.0,
    0.0,
    0.0,
    0.0,
    0.0,
    0.0,
    0.0,
    0.0,
    0.0,
    0.0,
    0.0,
    0.0,
    0.0,
    0.0,
    0.0,
    0.0,
    0.0,
    0.0,
    0.0,
    0.0,
    0.0,
    0.0,
    0.0,
    0.0,
    0.0,
    0.0,
    0.0,
    0.0,
    0.0,
    0.0,
    0.0,
    0.0,
    0.0,
    0.0,
    0.0,
    0.0,
    0.0,
    0.0,
    0.0,
    0.0,
    0.0,
    0.0,
    0.0,
    0.0,
    0.0,
    0.0,
    0.0,
    0.0,
    0.0,
    0.0,
    0.0,
    0.0,
    0.0,
    0.0,
    0.0,
    0.0,
    0.0,
    0.0,
    0.0,
    0.0,
    0.0,
    0.0,
    0.0,
    0.0,
    0.0,
    0.0,
    0.0,
    0.0,
    0.0,
    0.0,
    0.0,
    0.0,
    0.0,
    0.0,
    0.0,
    0.0,
    0.0,
    0.0,
    0.0,
    0.0,
    0.0,
    0.0,
    0.0,
    0.0,
    0.0,
    0.0,
    0.0,
    0.0,
    0.0,
    0.0,
    0.0,
    0.0,
    0.0,
    0.0,
    0.0,
    0.0,
    0.0,
    0.0,
    0.0,
    0.0,
    0.0,
    0.0,
    0.0,
    0.0,
    0.0,
    0.0,
    0.0,
    0.0,
    0.0,
    0.0,
    0.0,
    0.0,
    0.0,
    0.0,
    0.0,
    0.0,
    0.0,
    0.0,
    0.0,
    0.0,
    0.0,
    0.0,
    0.0,
    0.0,
    0.0,
    0.0,
    0.0,
    0.0,
    0.0,
    0.0,
    0.0,
    0.0,
    0.0,
    0.0,
    0.0,
    0.0,
    0.0,
    0.0,
    0.0,
    0.0,
    0.0,
    0.0,
    0.0,
    0.0,
    0.0,
    0.0,
    0.0,
    0.0,
    0.1,
    1.1,
    1.1,
    1.1,
    1.2,
    1.2,
    2.0,
    1.0,
    0.2,
    2.2,
    2.2,
    2.1,
    2.1,
    2.1,
    2.1,
    2.1,
    2.24,
    3.24,
    2.24,
    2.12,
    2.12,
    2.12,
    2.0,
    1.0,
    0.0,
    0.0,
    0.0,
    0.0,
    0.0,
    0.0,
    0.1,
    1.1,
    2.1,
    2.1,
    2.1,
    2.1,
    2.1,
    2.1,
    2.12,
    2.12,
    2.12,
    2.12,
    2.12,
    2.12,
    2.12,
    2.12,
    2.42,
    4.42,
    2.42,
    2.42,
    2.14,
    1.42,
    2.0,
    1.0,
    0.0,
    0.2,
    1.1,
    2.1,
    2.1,
    2.1,
    2.1,
    2.1,
    2.2,
    3.24,
    2.36,
    3.24,
    2.24,
    2.12,
    2.12,
    2.0,
    1.0,
    0.12000000000000001,
    1.12,
    2.0,
    1.0,
    0.12000000000000001,
    1.12,
    2.12,
    2.12,
    2.12,
    2.12,
    2.12,
    2.0,
    1.0,
    0.24000000000000002,
    2.24,
    3.24,
    2.12,
    1.24,
    2.0
  ],
  "gedig_auc": 0.11557073544433095,
  "step_limit": 1200,
  "meta": {
    "gedig_version": "R2_frontier",
    "frontier_weight": 0.2,
    "gedig_assumed_max": 6.6,
    "n1_hist": [
      496,
      161,
      51,
      4,
      0
    ],
    "n2_hist": [
      497,
      126,
      43,
      38,
      8,
      0,
      0,
      0,
      0
    ],
    "n2_longest_zero_streak": 264,
    "n2_mean_zero_streak": 38.23076923076923,
    "n2_zero_fraction": 0.6980337078651685,
    "adaptive": true,
    "adaptive_fw_final": 0.12000000000000001,
    "adaptive_fw_avg": 0.1230758426966288,
    "adaptive_drop_events": 7,
    "adaptive_raise_events": 13,
    "adaptive_params": {
      "drop_threshold": 3,
      "recover_threshold": 8,
      "linear_raise_step": 0.02
    }
  }
}