{
  "seed": 8,
  "maze_size": [
    20,
    20
  ],
  "policy": "gedig_r2_adaptive_0.1_0.25",
  "success": true,
  "steps": 74,
  "unique_cells": 75,
  "path_efficiency": 0.5135135135135135,
  "exploration_ratio": 1.0135135135135136,
  "gedig_series": [
    2.25,
    2.25,
    2.25,
    2.25,
    2.25,
    2.25,
    2.25,
    2.25,
    2.25,
    2.25,
    2.25,
    2.25,
    2.25,
    2.25,
    2.25,
    2.25,
    2.25,
    2.25,
    2.5,
    3.5,
    2.5,
    2.25,
    2.25,
    2.25,
    2.25,
    2.25,
    2.25,
    2.25,
    2.25,
    2.25,
    2.25,
    2.25,
    2.25,
    2.25,
    2.25,
    2.25,
    2.25,
    2.25,
    2.25,
    2.25,
    2.25,
    2.25,
    2.25,
    2.25,
    2.25,
    2.25,
    2.25,
    2.25,
    2.25,
    2.25,
    2.25,
    2.25,
    2.75,
    5.0,
    4.0,
    3.75,
    3.75,
    3.75,
    3.75,
    2.75,
    3.75,
    3.75,
    3.75,
    3.75,
    2.5,
    2.25,
    2.75,
    5.0,
    4.0,
    3.75,
    3.5,
    2.5,
    3.0,
    1.25
  ],
  "gedig_auc": 0.39670352170352174,
  "step_limit": 1200,
  "meta": {
    "gedig_version": "R2_frontier",
    "frontier_weight": 0.2,
    "gedig_assumed_max": 6.6,
    "n1_hist": [
      1,
      57,
      14,
      2,
      0
    ],
    "n2_hist": [
      1,
      51,
      6,
      12,
      4,
      0,
      0,
      0,
      0
    ],
    "n2_longest_zero_streak": 1,
    "n2_mean_zero_streak": 1.0,
    "n2_zero_fraction": 0.013513513513513514,
    "adaptive": true,
    "adaptive_fw_final": 0.25,
    "adaptive_fw_avg": 0.25,
    "adaptive_drop_events": 0,
    "adaptive_raise_events": 0,
    "adaptive_params": {
      "drop_threshold": 3,
      "recover_threshold": 8,
      "linear_raise_step": 0.02
    }
  }
}