{
  "seed": 3,
  "maze_size": [
    20,
    20
  ],
  "policy": "gedig_r2_adaptive_0.1_0.25",
  "success": true,
  "steps": 244,
  "unique_cells": 170,
  "path_efficiency": 0.1557377049180328,
  "exploration_ratio": 0.6967213114754098,
  "gedig_series": [
    2.25,
    2.25,
    2.25,
    2.25,
    2.25,
    2.25,
    2.25,
    2.25,
    2.25,
    2.25,
    2.25,
    2.25,
    2.25,
    2.25,
    2.25,
    2.25,
    2.25,
    2.25,
    2.25,
    2.25,
    2.25,
    2.25,
    2.5,
    3.5,
    2.5,
    2.25,
    2.5,
    3.5,
    2.5,
    2.25,
    2.25,
    2.25,
    2.25,
    2.25,
    2.25,
    2.25,
    2.25,
    2.25,
    2.25,
    2.25,
    2.25,
    2.25,
    2.5,
    3.5,
    2.75,
    3.5,
    3.75,
    3.75,
    3.75,
    3.75,
    3.75,
    3.75,
    3.75,
    3.75,
    2.5,
    2.25,
    2.25,
    2.25,
    2.5,
    3.75,
    3.75,
    3.75,
    3.75,
    3.5,
    2.5,
    2.25,
    2.25,
    2.25,
    2.25,
    2.25,
    2.25,
    2.25,
    2.25,
    2.25,
    2.25,
    2.25,
    2.25,
    2.25,
    2.25,
    2.25,
    2.25,
    2.25,
    2.5,
    3.5,
    2.5,
    2.25,
    2.25,
    2.25,
    2.25,
    2.25,
    2.25,
    2.25,
    2.5,
    3.5,
    2.75,
    3.5,
    2.5,
    2.25,
    2.0,
    1.0,
    0.0,
    0.0,
    0.0,
    0.0,
    0.0,
    0.0,
    0.1,
    1.1,
    2.1,
    2.1,
    2.1,
    2.1,
    2.1,
    2.1,
    2.12,
    2.12,
    2.12,
    2.12,
    2.12,
    2.12,
    2.12,
    2.12,
    2.2800000000000002,
    3.2800000000000002,
    2.42,
    3.2800000000000002,
    3.42,
    3.42,
    3.42,
    3.42,
    3.48,
    3.48,
    3.48,
    3.48,
    3.48,
    3.48,
    2.48,
    3.32,
    2.36,
    2.18,
    2.36,
    3.54,
    3.54,
    3.54,
    3.54,
    2.54,
    3.4,
    3.6,
    3.6,
    3.6,
    3.8,
    4.8,
    4.0,
    4.8,
    3.88,
    3.66,
    3.66,
    2.66,
    3.2199999999999998,
    2.44,
    2.44,
    3.44,
    2.48,
    2.2399999999999998,
    2.2399999999999998,
    2.2399999999999998,
    2.2399999999999998,
    2.2399999999999998,
    2.0,
    1.0,
    0.0,
    0.0,
    0.0,
    0.0,
    0.0,
    0.0,
    0.0,
    0.0,
    0.0,
    0.0,
    0.0,
    0.0,
    0.0,
    0.0,
    0.0,
    0.0,
    0.0,
    0.0,
    0.0,
    0.0,
    0.0,
    0.0,
    0.0,
    0.0,
    0.0,
    0.0,
    0.0,
    0.0,
    0.0,
    0.0,
    0.0,
    0.0,
    0.0,
    0.0,
    0.0,
    0.0,
    0.0,
    0.0,
    0.0,
    0.0,
    0.0,
    0.0,
    0.0,
    0.0,
    0.0,
    0.0,
    0.0,
    0.0,
    0.0,
    0.0,
    0.0,
    0.0,
    0.0,
    0.0,
    0.0,
    0.0,
    0.0,
    0.0,
    0.0,
    0.0,
    0.0,
    0.0,
    0.1,
    1.1,
    2.1,
    2.0,
    1.0,
    0.1,
    1.2,
    2.3,
    3.2,
    2.2,
    2.1,
    2.0
  ],
  "gedig_auc": 0.28226527570789867,
  "step_limit": 1200,
  "meta": {
    "gedig_version": "R2_frontier",
    "frontier_weight": 0.2,
    "gedig_assumed_max": 6.6,
    "n1_hist": [
      74,
      118,
      50,
      2,
      0
    ],
    "n2_hist": [
      75,
      92,
      34,
      38,
      4,
      1,
      0,
      0,
      0
    ],
    "n2_longest_zero_streak": 64,
    "n2_mean_zero_streak": 18.75,
    "n2_zero_fraction": 0.3073770491803279,
    "adaptive": true,
    "adaptive_fw_final": 0.1,
    "adaptive_fw_avg": 0.1815778688524596,
    "adaptive_drop_events": 4,
    "adaptive_raise_events": 7,
    "adaptive_params": {
      "drop_threshold": 3,
      "recover_threshold": 8,
      "linear_raise_step": 0.02
    }
  }
}