{
  "metrics": [
    "loop_redundancy",
    "clipped_redundancy",
    "unique_coverage",
    "backtrack_rate",
    "mean_geDIG",
    "geDIG_low_frac"
  ],
  "algo_means": {
    "loop_redundancy": {
      "simple": {
        "mean": 6.681152993348116,
        "ci_low": 3.581818181818182,
        "ci_high": 9.78048780487805
      },
      "dfs": {
        "mean": 1.0,
        "ci_low": 1.0,
        "ci_high": 1.0
      },
      "random": {
        "mean": 32.42587601078167,
        "ci_low": 7.566037735849057,
        "ci_high": 57.285714285714285
      }
    },
    "clipped_redundancy": {
      "simple": {
        "mean": 6.681152993348116,
        "ci_low": 3.581818181818182,
        "ci_high": 9.78048780487805
      },
      "dfs": {
        "mean": 1.0,
        "ci_low": 1.0,
        "ci_high": 1.0
      },
      "random": {
        "mean": 32.42587601078167,
        "ci_low": 7.566037735849057,
        "ci_high": 57.285714285714285
      }
    },
    "unique_coverage": {
      "simple": {
        "mean": 0.47775231970834336,
        "ci_low": 0.36159600997506236,
        "ci_high": 0.5939086294416244
      },
      "dfs": {
        "mean": 1.0,
        "ci_low": 1.0,
        "ci_high": 1.0
      },
      "random": {
        "mean": 0.28304239401496256,
        "ci_low": 0.24688279301745636,
        "ci_high": 0.3192019950124688
      }
    },
    "backtrack_rate": {
      "simple": {
        "mean": 0.2231377551020408,
        "ci_low": 0.18877551020408162,
        "ci_high": 0.2575
      },
      "dfs": {
        "mean": 0.0,
        "ci_low": 0.0,
        "ci_high": 0.0
      },
      "random": {
        "mean": 0.38375000000000004,
        "ci_low": 0.3725,
        "ci_high": 0.395
      }
    },
    "mean_geDIG": {
      "simple": {
        "mean": 0.2483352236463958,
        "ci_low": 0.17008522043114616,
        "ci_high": 0.32658522686164543
      }
    },
    "geDIG_low_frac": {
      "simple": {
        "mean": 0.7671486408328514,
        "ci_low": 0.6871794871794872,
        "ci_high": 0.8471177944862155
      }
    }
  },
  "diffs_simple_minus": {
    "loop_redundancy": {
      "dfs": {
        "mean_diff": 5.681152993348116,
        "ci_low": 2.581818181818182,
        "ci_high": 8.78048780487805
      },
      "random": {
        "mean_diff": -25.744723017433557,
        "ci_low": -53.7038961038961,
        "ci_high": -0.8848847425009412
      }
    },
    "clipped_redundancy": {
      "dfs": {
        "mean_diff": 5.681152993348116,
        "ci_low": 2.581818181818182,
        "ci_high": 8.78048780487805
      },
      "random": {
        "mean_diff": -25.744723017433557,
        "ci_low": -53.7038961038961,
        "ci_high": 2.2144500690289926
      }
    },
    "unique_coverage": {
      "dfs": {
        "mean_diff": -0.5222476802916567,
        "ci_low": -0.6384039900249376,
        "ci_high": -0.40609137055837563
      },
      "random": {
        "mean_diff": 0.1947099256933808,
        "ci_low": 0.04239401496259354,
        "ci_high": 0.347025836424168
      }
    },
    "backtrack_rate": {
      "dfs": {
        "mean_diff": 0.2231377551020408,
        "ci_low": 0.18877551020408162,
        "ci_high": 0.2575
      },
      "random": {
        "mean_diff": -0.16061224489795922,
        "ci_low": -0.2062244897959184,
        "ci_high": -0.12625000000000003
      }
    },
    "mean_geDIG": {},
    "geDIG_low_frac": {}
  }
}