{
  "metrics": [
    "loop_redundancy",
    "clipped_redundancy",
    "unique_coverage",
    "backtrack_rate",
    "mean_geDIG",
    "geDIG_low_frac"
  ],
  "algo_means": {
    "loop_redundancy": {
      "simple": {
        "mean": 13.310900906012474,
        "ci_low": 9.24229068189466,
        "ci_high": 18.26561555934383
      },
      "dfs": {
        "mean": 1.0,
        "ci_low": 1.0,
        "ci_high": 1.0
      },
      "random": {
        "mean": 42.18947314419566,
        "ci_low": 10.19525297106623,
        "ci_high": 100.44609945408486
      }
    },
    "clipped_redundancy": {
      "simple": {
        "mean": 13.310900906012474,
        "ci_low": 9.275598358369988,
        "ci_high": 18.16337528136429
      },
      "dfs": {
        "mean": 1.0,
        "ci_low": 1.0,
        "ci_high": 1.0
      },
      "random": {
        "mean": 20.829473144195653,
        "ci_low": 10.283410227692285,
        "ci_high": 34.297255284933904
      }
    },
    "unique_coverage": {
      "simple": {
        "mean": 0.3601122555527481,
        "ci_low": 0.3100574479264771,
        "ci_high": 0.41663144548448616
      },
      "dfs": {
        "mean": 1.0,
        "ci_low": 1.0,
        "ci_high": 1.0
      },
      "random": {
        "mean": 0.30424865544598156,
        "ci_low": 0.2706461712412561,
        "ci_high": 0.3393583172576493
      }
    },
    "backtrack_rate": {
      "simple": {
        "mean": 0.19062446804544114,
        "ci_low": 0.17890469074478144,
        "ci_high": 0.20136545776622744
      },
      "dfs": {
        "mean": 0.0,
        "ci_low": 0.0,
        "ci_high": 0.0
      },
      "random": {
        "mean": 0.324160080380097,
        "ci_low": 0.30981948840967327,
        "ci_high": 0.3379329277357398
      }
    },
    "mean_geDIG": {
      "simple": {
        "mean": 0.15366646645704915,
        "ci_low": 0.11641697754031816,
        "ci_high": 0.19672547646620364
      }
    },
    "geDIG_low_frac": {
      "simple": {
        "mean": 0.8629351420018739,
        "ci_low": 0.8163320154919458,
        "ci_high": 0.9025019040897154
      }
    }
  },
  "diffs_simple_minus": {
    "loop_redundancy": {
      "dfs": {
        "mean_diff": 12.310900906012474,
        "ci_low": 8.198303871168843,
        "ci_high": 17.00810643646888
      },
      "random": {
        "mean_diff": -28.878572238183185,
        "ci_low": -86.36102798625018,
        "ci_high": 3.6696046816030545
      }
    },
    "clipped_redundancy": {
      "dfs": {
        "mean_diff": 12.310900906012474,
        "ci_low": 8.28479701111533,
        "ci_high": 17.102707252010088
      },
      "random": {
        "mean_diff": -7.518572238183179,
        "ci_low": -21.979873675004953,
        "ci_high": 4.1274416139111665
      }
    },
    "unique_coverage": {
      "dfs": {
        "mean_diff": -0.6398877444472519,
        "ci_low": -0.691310260624398,
        "ci_high": -0.5864104791706968
      },
      "random": {
        "mean_diff": 0.05586360010676655,
        "ci_low": -0.007535831723037678,
        "ci_high": 0.12074156743476194
      }
    },
    "backtrack_rate": {
      "dfs": {
        "mean_diff": 0.19062446804544114,
        "ci_low": 0.17832500487468878,
        "ci_high": 0.20111894116491422
      },
      "random": {
        "mean_diff": -0.13353561233465588,
        "ci_low": -0.15110799568773037,
        "ci_high": -0.1160348008632899
      }
    },
    "mean_geDIG": {},
    "geDIG_low_frac": {}
  }
}