{
  "schema_version": 1,
  "generated_at": "2025-09-07T10:58:30.973215Z",
  "source_glob": "data/metrics/gedig_ab_log_mainagent_min_*.csv",
  "files": [
    "data/metrics/gedig_ab_log_mainagent_min_20250907_193743.csv"
  ],
  "stats": {
    "files": [
      "data/metrics/gedig_ab_log_mainagent_min_20250907_193743.csv"
    ],
    "total_rows": 12,
    "rows_with_k": 12,
    "missing_rate": 0.0,
    "k_mean": 0.5,
    "k_median": 0.49999999999999994,
    "k_min": 0.49999999999999983,
    "k_max": 0.5000000000000001,
    "window_corr_mean": 0.9999184922124318,
    "window_corr_last": 0.9999363075429301
  }
}
