{
  "schema_version": 1,
  "generated_at": "2025-09-07T11:12:56.850516Z",
  "source_glob": "data/metrics/gedig_ab_log_realtrans_*.csv",
  "files": [
    "data/metrics/gedig_ab_log_realtrans_20250907_200941.csv",
    "data/metrics/gedig_ab_log_realtrans_20250907_200954.csv",
    "data/metrics/gedig_ab_log_realtrans_20250907_201019.csv",
    "data/metrics/gedig_ab_log_realtrans_20250907_201240.csv",
    "data/metrics/gedig_ab_log_realtrans_20250907_201251.csv"
  ],
  "stats": {
    "files": [
      "data/metrics/gedig_ab_log_realtrans_20250907_200941.csv",
      "data/metrics/gedig_ab_log_realtrans_20250907_200954.csv",
      "data/metrics/gedig_ab_log_realtrans_20250907_201019.csv",
      "data/metrics/gedig_ab_log_realtrans_20250907_201240.csv",
      "data/metrics/gedig_ab_log_realtrans_20250907_201251.csv"
    ],
    "total_rows": 450,
    "rows_with_k": 306,
    "missing_rate": 0.32,
    "k_mean": 0.5,
    "k_median": 0.5,
    "k_min": 0.49999999999999967,
    "k_max": 0.5000000000000008,
    "window_corr_mean": 0.9971887977185971,
    "window_corr_last": 0.9721630929611399
  }
}
