{
  "seed": 1,
  "maze_size": [
    8,
    8
  ],
  "policy": "gedig_simple",
  "success": true,
  "steps": 90,
  "unique_cells": 44,
  "path_efficiency": 0.15555555555555556,
  "exploration_ratio": 0.4888888888888889,
  "gedig_series": [
    2.0,
    2.0,
    2.0,
    2.0,
    2.0,
    2.0,
    2.0,
    2.0,
    2.0,
    2.0,
    2.0,
    2.0,
    2.0,
    4.0,
    3.0,
    3.0,
    3.0,
    3.0,
    3.0,
    3.0,
    2.0,
    1.0,
    0.0,
    1.0,
    2.0,
    2.0,
    2.0,
    1.0,
    0.0,
    0.0,
    0.0,
    0.0,
    0.0,
    0.0,
    0.0,
    0.0,
    0.0,
    0.0,
    0.0,
    0.0,
    0.0,
    0.0,
    0.0,
    0.0,
    0.0,
    0.0,
    0.0,
    0.0,
    0.0,
    0.0,
    0.0,
    0.0,
    0.0,
    0.0,
    0.0,
    1.0,
    1.0,
    1.0,
    3.0,
    4.0,
    3.0,
    2.0,
    3.0,
    3.0,
    3.0,
    3.0,
    3.0,
    3.0,
    3.0,
    3.0,
    2.0,
    1.0,
    2.0,
    1.0,
    0.0,
    0.0,
    0.0,
    0.0,
    0.0,
    0.0,
    0.0,
    0.0,
    1.0,
    1.0,
    1.0,
    1.0,
    1.0,
    0.0,
    2.0,
    1.0
  ],
  "gedig_auc": 0.24888888888888888,
  "step_limit": 200,
  "meta": {
    "gedig_version": "R1_local",
    "frontier_weight": 0.4,
    "gedig_assumed_max": 5
  }
}