{
  "seed": 0,
  "maze_size": [
    8,
    8
  ],
  "policy": "gedig_simple",
  "success": true,
  "steps": 52,
  "unique_cells": 45,
  "path_efficiency": 0.2692307692307692,
  "exploration_ratio": 0.8653846153846154,
  "gedig_series": [
    2.0,
    2.0,
    2.0,
    2.0,
    2.0,
    2.0,
    2.0,
    2.0,
    2.0,
    2.0,
    2.0,
    2.0,
    2.0,
    2.0,
    2.0,
    2.0,
    2.0,
    4.0,
    3.0,
    3.0,
    3.0,
    3.0,
    3.0,
    2.0,
    2.0,
    1.0,
    0.0,
    1.0,
    1.0,
    1.0,
    3.0,
    4.0,
    3.0,
    3.0,
    3.0,
    3.0,
    3.0,
    3.0,
    3.0,
    2.0,
    2.0,
    1.0,
    0.0,
    0.0,
    0.0,
    1.0,
    2.0,
    2.0,
    1.0,
    1.0,
    3.0,
    1.0
  ],
  "gedig_auc": 0.40384615384615385,
  "step_limit": 200,
  "meta": {
    "gedig_version": "R1_local",
    "frontier_weight": 0.4,
    "gedig_assumed_max": 5
  }
}