{
  "metrics": [
    "loop_redundancy",
    "clipped_redundancy",
    "unique_coverage",
    "backtrack_rate",
    "mean_geDIG",
    "geDIG_low_frac"
  ],
  "algo_means": {
    "loop_redundancy": {
      "simple": {
        "mean": 5.454793794467209,
        "ci_low": 4.823293172690763,
        "ci_high": 6.086294416243655
      },
      "dfs": {
        "mean": 1.0,
        "ci_low": 1.0,
        "ci_high": 1.0
      },
      "random": {
        "mean": 16.36203238414294,
        "ci_low": 6.035175879396985,
        "ci_high": 26.68888888888889
      }
    },
    "clipped_redundancy": {
      "simple": {
        "mean": 5.454793794467209,
        "ci_low": 4.823293172690763,
        "ci_high": 6.086294416243655
      },
      "dfs": {
        "mean": 1.0,
        "ci_low": 1.0,
        "ci_high": 1.0
      },
      "random": {
        "mean": 16.36203238414294,
        "ci_low": 6.035175879396985,
        "ci_high": 26.68888888888889
      }
    },
    "unique_coverage": {
      "simple": {
        "mean": 0.2224744600517084,
        "ci_low": 0.19182652210175147,
        "ci_high": 0.2531223980016653
      },
      "dfs": {
        "mean": 1.0,
        "ci_low": 1.0,
        "ci_high": 1.0
      },
      "random": {
        "mean": 0.14363030807660282,
        "ci_low": 0.09242298084929226,
        "ci_high": 0.1948376353039134
      }
    },
    "backtrack_rate": {
      "simple": {
        "mean": 0.24853992765720645,
        "ci_low": 0.24791318864774625,
        "ci_high": 0.24916666666666668
      },
      "dfs": {
        "mean": 0.0,
        "ci_low": 0.0,
        "ci_high": 0.0
      },
      "random": {
        "mean": 0.4675,
        "ci_low": 0.4575,
        "ci_high": 0.4775
      }
    },
    "mean_geDIG": {
      "simple": {
        "mean": 0.06599010755921145,
        "ci_low": 0.06381004220333689,
        "ci_high": 0.06817017291508602
      }
    },
    "geDIG_low_frac": {
      "simple": {
        "mean": 0.9491242702251876,
        "ci_low": 0.9491242702251876,
        "ci_high": 0.9491242702251876
      }
    }
  },
  "diffs_simple_minus": {
    "loop_redundancy": {
      "dfs": {
        "mean_diff": 4.454793794467209,
        "ci_low": 3.8232931726907626,
        "ci_high": 5.086294416243655
      },
      "random": {
        "mean_diff": -10.90723858967573,
        "ci_low": -21.86559571619813,
        "ci_high": 0.051118536846670004
      }
    },
    "clipped_redundancy": {
      "dfs": {
        "mean_diff": 4.454793794467209,
        "ci_low": 3.8232931726907626,
        "ci_high": 5.086294416243655
      },
      "random": {
        "mean_diff": -10.90723858967573,
        "ci_low": -21.86559571619813,
        "ci_high": 0.051118536846670004
      }
    },
    "unique_coverage": {
      "dfs": {
        "mean_diff": -0.7775255399482917,
        "ci_low": -0.8081734778982486,
        "ci_high": -0.7468776019983348
      },
      "random": {
        "mean_diff": 0.07884415197510558,
        "ci_low": -0.003011113202161936,
        "ci_high": 0.16069941715237304
      }
    },
    "backtrack_rate": {
      "dfs": {
        "mean_diff": 0.24853992765720645,
        "ci_low": 0.24791318864774625,
        "ci_high": 0.24916666666666668
      },
      "random": {
        "mean_diff": -0.21896007234279358,
        "ci_low": -0.22958681135225373,
        "ci_high": -0.20833333333333334
      }
    },
    "mean_geDIG": {},
    "geDIG_low_frac": {}
  }
}