{
  "data_sizes": [
    100,
    250,
    500,
    1000,
    1500
  ],
  "baseline_times": [
    3.051949977874756,
    8.22908091545105,
    16.234509229660034,
    35.52598476409912,
    50.81697678565979
  ],
  "improved_times": [
    3.0210630893707275,
    8.442590951919556,
    16.14805579185486,
    33.77984595298767,
    50.72987103462219
  ],
  "baseline_accuracy": [
    0.15825271258751553,
    0.17465661615133285,
    0.18238194584846495,
    0.2061271995306015,
    0.21477693915367127
  ],
  "improved_accuracy": [
    