data_size,baseline_time,improved_time,baseline_accuracy,improved_accuracy,baseline_memory_mb,improved_memory_mb
100,3.051949977874756,3.0210630893707275,0.15825271258751553,0.15825272,0,0
250,8.22908091545105,8.442590951919556,0.17465661615133285,0.17465661,0,0
500,16.234509229660034,16.14805579185486,0.18238194584846495,0.18238193,0,0
1000,35.52598476409912,33.77984595298767,0.2061271995306015,0.20612723,0,0
1500,50.81697678565979,50.72987103462219,0.21477693915367127,0.21477698,0,0
