{
  "seed": 5,
  "maze_size": [
    12,
    12
  ],
  "policy": "gedig_r2",
  "success": true,
  "steps": 284,
  "unique_cells": 79,
  "path_efficiency": 0.07746478873239436,
  "exploration_ratio": 0.27816901408450706,
  "gedig_series": [
    2.6,
    2.6,
    2.6,
    2.6,
    2.6,
    2.6,
    2.6,
    2.6,
    2.6,
    2.6,
    2.6,
    2.6,
    2.6,
    2.6,
    2.6,
    2.6,
    3.8,
    6.4,
    5.4,
    4.8,
    4.8,
    4.8,
    4.8,
    4.8,
    3.2,
    2.8,
    2.6,
    3.2,
    4.2,
    4.8,
    4.8,
    4.8,
    5.4,
    6.4,
    5.4,
    4.8,
    4.2,
    3.8,
    4.8,
    4.8,
    4.8,
    4.2,
    3.2,
    2.6,
    2.6,
    2.6,
    2.6,
    2.6,
    2.6,
    2.6,
    2.6,
    2.6,
    2.6,
    2.6,
    2.0,
    1.0,
    0.0,
    0.0,
    0.0,
    0.0,
    0.0,
    0.6,
    1.6,
    2.0,
    1.6,
    2.2,
    4.2,
    4.8,
    4.2,
    3.2,
    2.6,
    2.6,
    2.6,
    2.6,
    3.2,
    4.2,
    3.2,
    2.6,
    2.0,
    1.0,
    0.0,
    0.0,
    0.6,
    1.6,
    2.6,
    2.6,
    2.6,
    2.0,
    1.0,
    0.6,
    1.0,
    1.0,
    0.0,
    0.0,
    0.0,
    0.0,
    0.0,
    0.0,
    0.0,
    0.0,
    0.0,
    0.0,
    0.0,
    0.0,
    0.0,
    0.0,
    0.0,
    0.0,
    0.0,
    0.0,
    0.0,
    0.0,
    0.0,
    0.0,
    0.0,
    0.0,
    0.0,
    0.0,
    0.0,
    0.0,
    0.0,
    0.0,
    0.0,
    0.0,
    0.0,
    0.0,
    0.0,
    0.0,
    0.0,
    0.0,
    0.0,
    0.0,
    0.0,
    0.0,
    0.0,
    0.0,
    0.0,
    0.0,
    0.0,
    0.0,
    0.0,
    0.0,
    0.0,
    0.0,
    0.0,
    0.0,
    0.0,
    0.0,
    0.0,
    0.0,
    0.0,
    0.0,
    0.0,
    0.0,
    0.0,
    0.0,
    0.0,
    0.0,
    0.0,
    0.0,
    0.0,
    0.0,
    0.0,
    0.0,
    0.0,
    0.0,
    0.0,
    0.0,
    0.0,
    0.0,
    0.0,
    0.0,
    0.0,
    0.0,
    0.0,
    0.0,
    0.0,
    0.0,
    0.0,
    0.0,
    0.0,
    0.0,
    0.0,
    0.0,
    0.0,
    0.0,
    0.0,
    0.0,
    0.0,
    0.0,
    0.0,
    0.0,
    0.0,
    0.0,
    0.0,
    0.0,
    0.0,
    0.0,
    0.0,
    0.0,
    0.0,
    0.0,
    0.0,
    0.0,
    0.0,
    0.0,
    0.0,
    0.0,
    0.0,
    0.0,
    0.0,
    0.0,
    0.0,
    0.0,
    0.0,
    0.0,
    0.0,
    0.0,
    0.0,
    0.0,
    0.0,
    0.0,
    0.0,
    0.0,
    0.0,
    0.0,
    0.0,
    0.0,
    0.0,
    0.0,
    0.0,
    0.0,
    0.0,
    0.0,
    0.0,
    0.0,
    0.0,
    0.0,
    0.0,
    0.0,
    0.0,
    0.0,
    0.0,
    0.0,
    0.0,
    0.0,
    0.0,
    0.0,
    0.0,
    0.0,
    0.0,
    0.0,
    0.0,
    0.0,
    0.0,
    0.0,
    0.0,
    0.0,
    0.0,
    0.0,
    0.0,
    0.0,
    0.0,
    0.0,
    0.0,
    0.0,
    0.0,
    0.0,
    0.0,
    0.0,
    0.0,
    0.0,
    0.0,
    0.0,
    0.0,
    0.0,
    0.0,
    0.0,
    0.0,
    0.0,
    0.0,
    0.6,
    1.6,
    2.6
  ],
  "gedig_auc": 0.095717160103478,
  "step_limit": 500,
  "meta": {
    "gedig_version": "R2_frontier",
    "frontier_weight": 0.6,
    "gedig_assumed_max": 9.8,
    "n1_hist": [
      205,
      55,
      22,
      2,
      0
    ],
    "n2_hist": [
      205,
      45,
      13,
      16,
      5,
      0,
      0,
      0,
      0
    ],
    "n2_longest_zero_streak": 191,
    "n2_mean_zero_streak": 41.0,
    "n2_zero_fraction": 0.721830985915493
  }
}