{
  "seed": 7,
  "maze_size": [
    8,
    8
  ],
  "policy": "gedig_simple",
  "success": true,
  "steps": 70,
  "unique_cells": 42,
  "path_efficiency": 0.2,
  "exploration_ratio": 0.6,
  "gedig_series": [
    2.0,
    2.0,
    2.0,
    2.0,
    2.0,
    2.0,
    2.0,
    2.0,
    2.0,
    3.0,
    3.0,
    3.0,
    3.0,
    3.0,
    3.0,
    2.0,
    2.0,
    3.0,
    2.0,
    1.0,
    0.0,
    1.0,
    2.0,
    4.0,
    3.0,
    3.0,
    3.0,
    3.0,
    2.0,
    3.0,
    2.0,
    2.0,
    2.0,
    1.0,
    0.0,
    0.0,
    0.0,
    0.0,
    0.0,
    0.0,
    0.0,
    0.0,
    0.0,
    0.0,
    0.0,
    0.0,
    0.0,
    0.0,
    0.0,
    0.0,
    0.0,
    1.0,
    1.0,
    0.0,
    1.0,
    2.0,
    2.0,
    3.0,
    3.0,
    3.0,
    3.0,
    1.0,
    2.0,
    1.0,
    1.0,
    1.0,
    1.0,
    1.0,
    1.0,
    1.0
  ],
  "gedig_auc": 0.3028571428571429,
  "step_limit": 500,
  "meta": {
    "gedig_version": "R1_local",
    "frontier_weight": 0.35,
    "gedig_assumed_max": 5,
    "n1_hist": [
      24,
      28,
      17,
      1,
      0
    ],
    "n2_hist": [
      22,
      25,
      13,
      8,
      2,
      0,
      0,
      0,
      0
    ],
    "n2_longest_zero_streak": 18,
    "n2_mean_zero_streak": 5.5,
    "n2_zero_fraction": 0.3142857142857143
  }
}