{
  "runs": 40,
  "success_rate": 0.55,
  "mean_steps_success": 388.90909090909093,
  "path_efficiency_mean": 0.23724018719543594,
  "exploration_ratio_mean": 0.3796214283499113,
  "gedig_auc_mean": 0.17145391057316978,
  "gedig_auc_stdev": 0.16032629988234873,
  "note": "Overall aggregate of all episodes."
}