{
  "20x20": {
    "gedig_r2_adaptive_0.1_0.25": {
      "runs": 10,
      "success_rate": 0.7,
      "mean_steps_success": 480.2857142857143,
      "path_efficiency_mean": 0.1899597360355662,
      "exploration_ratio_mean": 0.4407812377639182,
      "gedig_auc_mean": 0.1953784522560818,
      "gedig_auc_stdev": 0.14203575601009005
    },
    "gedig_simple": {
      "runs": 10,
      "success_rate": 0.7,
      "mean_steps_success": 179.42857142857142,
      "path_efficiency_mean": 0.3562679416542059,
      "exploration_ratio_mean": 0.5959787934273644,
      "gedig_auc_mean": 0.27177778584423,
      "gedig_auc_stdev": 0.17507068526010217
    },
    "gedig_r2": {
      "runs": 10,
      "success_rate": 0.7,
      "mean_steps_success": 480.2857142857143,
      "path_efficiency_mean": 0.1899597360355662,
      "exploration_ratio_mean": 0.4407812377639182,
      "gedig_auc_mean": 0.19236912641458953,
      "gedig_auc_stdev": 0.13895506903855406
    },
    "random": {
      "runs": 10,
      "success_rate": 0.1,
      "mean_steps_success": 576,
      "path_efficiency_mean": 0.06597222222222222,
      "exploration_ratio_mean": 0.04094444444444444,
      "gedig_auc_mean": 0.026290277777777777,
      "gedig_auc_stdev": 0.02320533381274898
    }
  }
}