{
  "seed": 0,
  "maze_size": [
    8,
    8
  ],
  "policy": "gedig_r2",
  "success": true,
  "steps": 66,
  "unique_cells": 46,
  "path_efficiency": 0.21212121212121213,
  "exploration_ratio": 0.696969696969697,
  "gedig_series": [
    2.4,
    2.4,
    2.4,
    2.4,
    2.4,
    2.4,
    2.4,
    2.4,
    2.4,
    2.4,
    2.4,
    2.4,
    2.4,
    2.4,
    2.4,
    2.4,
    3.2,
    5.6,
    5.0,
    5.6,
    4.6,
    4.2,
    4.2,
    4.2,
    4.2,
    4.2,
    3.8,
    2.4,
    2.0,
    1.0,
    0.4,
    1.4,
    2.0,
    1.0,
    0.8,
    2.8,
    3.8,
    2.8,
    2.8,
    3.8,
    4.2,
    3.8,
    3.8,
    2.4,
    1.8,
    2.0,
    1.0,
    0.0,
    0.4,
    1.0,
    1.0,
    0.0,
    0.0,
    0.0,
    0.0,
    0.0,
    0.0,
    0.0,
    0.0,
    0.0,
    0.0,
    0.0,
    0.4,
    1.4,
    2.0,
    1.0
  ],
  "gedig_auc": 0.2594235033259424,
  "step_limit": 200,
  "meta": {
    "gedig_version": "R2_frontier",
    "frontier_weight": 0.4,
    "gedig_assumed_max": 8.2
  }
}