{
  "seed": 1,
  "maze_size": [
    8,
    8
  ],
  "policy": "gedig_r2",
  "success": true,
  "steps": 96,
  "unique_cells": 45,
  "path_efficiency": 0.14583333333333334,
  "exploration_ratio": 0.46875,
  "gedig_series": [
    2.4,
    2.4,
    2.4,
    2.4,
    2.4,
    2.4,
    2.4,
    2.4,
    2.4,
    2.4,
    2.4,
    2.4,
    3.2,
    5.6,
    5.0,
    5.6,
    4.6,
    4.2,
    4.2,
    4.2,
    4.2,
    4.2,
    3.8,
    2.4,
    2.0,
    1.0,
    0.4,
    1.4,
    2.0,
    1.0,
    0.8,
    2.8,
    3.8,
    2.8,
    2.8,
    3.8,
    4.2,
    3.8,
    4.2,
    3.8,
    2.8,
    2.4,
    2.0,
    1.0,
    0.0,
    0.0,
    0.0,
    0.0,
    0.4,
    1.4,
    1.8,
    2.0,
    1.0,
    0.0,
    0.4,
    1.0,
    1.0,
    0.0,
    0.0,
    0.0,
    0.0,
    0.0,
    0.0,
    0.0,
    0.0,
    0.0,
    0.0,
    0.0,
    0.0,
    0.0,
    0.0,
    0.0,
    0.0,
    0.0,
    0.0,
    0.0,
    0.0,
    0.0,
    0.0,
    0.0,
    0.0,
    0.0,
    0.0,
    0.0,
    0.0,
    0.0,
    0.0,
    0.0,
    0.0,
    0.0,
    0.0,
    0.0,
    0.0,
    0.4,
    1.4,
    2.0
  ],
  "gedig_auc": 0.17987804878048783,
  "step_limit": 200,
  "meta": {
    "gedig_version": "R2_frontier",
    "frontier_weight": 0.4,
    "gedig_assumed_max": 8.2
  }
}