{
  "metrics": [
    "loop_redundancy",
    "clipped_redundancy",
    "unique_coverage",
    "backtrack_rate",
    "mean_geDIG",
    "geDIG_low_frac"
  ],
  "algo_means": {
    "loop_redundancy": {
      "simple": {
        "mean": 4.49280244225518,
        "ci_low": 1.575342465753425,
        "ci_high": 8.73913043478261
      },
      "dfs": {
        "mean": 1.0,
        "ci_low": 1.0,
        "ci_high": 1.0
      },
      "random": {
        "mean": 3.427083777294748,
        "ci_low": 1.7088607594936709,
        "ci_high": 6.090909090909091
      }
    },
    "clipped_redundancy": {
      "simple": {
        "mean": 4.49280244225518,
        "ci_low": 1.575342465753425,
        "ci_high": 8.73913043478261
      },
      "dfs": {
        "mean": 1.0,
        "ci_low": 1.0,
        "ci_high": 1.0
      },
      "random": {
        "mean": 3.427083777294748,
        "ci_low": 1.7088607594936709,
        "ci_high": 6.090909090909091
      }
    },
    "unique_coverage": {
      "simple": {
        "mean": 0.7423850186627873,
        "ci_low": 0.6318407960199005,
        "ci_high": 0.9217391304347826
      },
      "dfs": {
        "mean": 1.0,
        "ci_low": 1.0,
        "ci_high": 1.0
      },
      "random": {
        "mean": 0.6731896075179656,
        "ci_low": 0.5920398009950248,
        "ci_high": 0.7164179104477612
      }
    },
    "backtrack_rate": {
      "simple": {
        "mean": 0.09690423976608187,
        "ci_low": 0.03508771929824561,
        "ci_high": 0.140625
      },
      "dfs": {
        "mean": 0.0,
        "ci_low": 0.0,
        "ci_high": 0.0
      },
      "random": {
        "mean": 0.19629353233830846,
        "ci_low": 0.14,
        "ci_high": 0.2246268656716418
      }
    },
    "mean_geDIG": {
      "simple": {
        "mean": -0.0432310263065255,
        "ci_low": -0.05123950774388284,
        "ci_high": -0.03470126860136953
      }
    },
    "geDIG_low_frac": {
      "simple": {
        "mean": 1.0,
        "ci_low": 1.0,
        "ci_high": 1.0
      }
    }
  },
  "diffs_simple_minus": {
    "loop_redundancy": {
      "dfs": {
        "mean_diff": 3.49280244225518,
        "ci_low": 0.575342465753425,
        "ci_high": 7.739130434782609
      },
      "random": {
        "mean_diff": 1.0657186649604324,
        "ci_low": -2.7828934351877685,
        "ci_high": 5.054506416825259
      }
    },
    "clipped_redundancy": {
      "dfs": {
        "mean_diff": 3.49280244225518,
        "ci_low": 0.575342465753425,
        "ci_high": 7.739130434782609
      },
      "random": {
        "mean_diff": 1.0657186649604324,
        "ci_low": -2.5253531945251653,
        "ci_high": 5.171871005771238
      }
    },
    "unique_coverage": {
      "dfs": {
        "mean_diff": -0.2576149813372127,
        "ci_low": -0.3681592039800995,
        "ci_high": -0.07826086956521738
      },
      "random": {
        "mean_diff": 0.06919541114482164,
        "ci_low": -0.06889673681105124,
        "ci_high": 0.24854952291681698
      }
    },
    "backtrack_rate": {
      "dfs": {
        "mean_diff": 0.09690423976608187,
        "ci_low": 0.03508771929824561,
        "ci_high": 0.140625
      },
      "random": {
        "mean_diff": -0.09938929257222659,
        "ci_low": -0.1629017194728114,
        "ci_high": -0.036250000000000004
      }
    },
    "mean_geDIG": {},
    "geDIG_low_frac": {}
  }
}