{
  "insight_patterns": {
    "basic_stats": {
      "total_episodes": 500,
      "total_insights": 408,
      "insight_rate": 0.816,
      "avg_ged": 0.7278859532785182,
      "avg_ig": 0.2464411764705882,
      "avg_confidence": 0.4871635648745532
    },
    "ged_drops_count": 83
  },
  "non_insight_episodes": {
    "count": 93,
    "rate": 0.186
  },
  "topk_similarity": {
    "avg_similarity": 1.9233491712258857,
    "median_similarity": 1.911033272743225,
    "min_similarity": 1.8728573322296145,
    "max_similarity": 2.192437171936035,
    "std_similarity": 0.05842567752598922
  },
  "cross_domain_insights": {
    "diversity_stats": {
      "avg_domain_diversity": 1.2696078431372548,
      "max_domain_diversity": 9,
      "min_domain_diversity": 1,
      "std_domain_diversity": 0.6197866345531876
    },
    "cross_domain_stats": {
      "avg_cross_domain_count": 9.014705882352942,
      "max_cross_domain_count": 10,
      "min_cross_domain_count": 0,
      "std_cross_domain_count": 2.81183518583495
    },
    "high_diversity_insights": {
      "count": 408,
      "rate": 1.0,
      "avg_confidence": 0.4871635648745532,
      "avg_ged": 0.7278859532785182
    }
  },
  "vector_reconstruction": {
    "abstraction_distribution": {
      "中間抽象度": 408
    },
    "aggregation_distribution": {
      "集約的": 408
    }
  }
}