{
  "seed": 0,
  "maze_size": [
    8,
    8
  ],
  "policy": "gedig_r2",
  "success": true,
  "steps": 66,
  "unique_cells": 46,
  "path_efficiency": 0.21212121212121213,
  "exploration_ratio": 0.696969696969697,
  "gedig_series": [
    2.35,
    2.35,
    2.35,
    2.35,
    2.35,
    2.35,
    2.35,
    2.35,
    2.35,
    2.35,
    2.35,
    2.35,
    2.35,
    2.35,
    2.35,
    2.35,
    3.05,
    5.4,
    4.75,
    5.4,
    4.4,
    4.05,
    4.05,
    4.05,
    4.05,
    4.05,
    3.7,
    2.35,
    2.0,
    1.0,
    0.35,
    1.35,
    2.0,
    1.0,
    0.7,
    2.7,
    3.7,
    2.7,
    2.7,
    3.7,
    4.05,
    3.7,
    3.7,
    2.35,
    1.7,
    2.0,
    1.0,
    0.0,
    0.35,
    1.0,
    1.0,
    0.0,
    0.0,
    0.0,
    0.0,
    0.0,
    0.0,
    0.0,
    0.0,
    0.0,
    0.0,
    0.0,
    0.35,
    1.35,
    2.0,
    1.0
  ],
  "gedig_auc": 0.2648601398601399,
  "step_limit": 500,
  "meta": {
    "gedig_version": "R2_frontier",
    "frontier_weight": 0.35,
    "gedig_assumed_max": 7.8,
    "n1_hist": [
      21,
      29,
      14,
      2,
      0
    ],
    "n2_hist": [
      22,
      23,
      10,
      7,
      3,
      1,
      0,
      0,
      0
    ],
    "n2_longest_zero_streak": 13,
    "n2_mean_zero_streak": 4.4,
    "n2_zero_fraction": 0.3333333333333333
  }
}