{
  "seed": 4,
  "maze_size": [
    8,
    8
  ],
  "policy": "gedig_r2",
  "success": true,
  "steps": 74,
  "unique_cells": 42,
  "path_efficiency": 0.1891891891891892,
  "exploration_ratio": 0.5675675675675675,
  "gedig_series": [
    2.35,
    2.35,
    2.35,
    2.35,
    2.35,
    2.35,
    2.35,
    2.35,
    2.7,
    3.7,
    4.05,
    4.05,
    4.05,
    4.05,
    4.05,
    4.05,
    4.05,
    5.4,
    4.4,
    4.05,
    4.05,
    4.05,
    4.05,
    4.05,
    4.05,
    3.7,
    2.7,
    2.35,
    2.35,
    2.35,
    2.35,
    2.35,
    2.0,
    1.0,
    0.0,
    0.0,
    0.0,
    0.0,
    0.0,
    0.0,
    0.0,
    0.0,
    0.0,
    0.0,
    0.0,
    0.0,
    0.0,
    0.0,
    0.0,
    0.0,
    0.0,
    0.0,
    0.0,
    0.0,
    0.0,
    0.0,
    0.0,
    0.0,
    0.0,
    0.0,
    0.35,
    1.35,
    2.0,
    1.0,
    0.35,
    1.35,
    2.0,
    1.0,
    0.7,
    2.7,
    2.35,
    1.7,
    2.0,
    1.0
  ],
  "gedig_auc": 0.22288634788634792,
  "step_limit": 500,
  "meta": {
    "gedig_version": "R2_frontier",
    "frontier_weight": 0.35,
    "gedig_assumed_max": 7.8,
    "n1_hist": [
      33,
      23,
      17,
      1,
      0
    ],
    "n2_hist": [
      34,
      18,
      7,
      13,
      2,
      0,
      0,
      0,
      0
    ],
    "n2_longest_zero_streak": 28,
    "n2_mean_zero_streak": 8.5,
    "n2_zero_fraction": 0.4594594594594595
  }
}