{
  "seed": 7,
  "maze_size": [
    8,
    8
  ],
  "policy": "gedig_r2",
  "success": true,
  "steps": 46,
  "unique_cells": 35,
  "path_efficiency": 0.30434782608695654,
  "exploration_ratio": 0.7608695652173914,
  "gedig_series": [
    2.35,
    2.35,
    2.35,
    2.35,
    2.35,
    2.35,
    2.35,
    2.35,
    2.7,
    3.7,
    4.05,
    4.05,
    4.05,
    4.05,
    4.05,
    3.05,
    3.7,
    4.05,
    4.4,
    5.4,
    4.4,
    4.05,
    4.05,
    3.7,
    3.7,
    3.7,
    2.7,
    2.35,
    2.0,
    1.0,
    0.0,
    0.0,
    0.35,
    1.35,
    1.35,
    1.35,
    1.35,
    1.35,
    1.35,
    1.35,
    1.7,
    1.7,
    2.7,
    2.35,
    2.0,
    1.0
  ],
  "gedig_auc": 0.33152173913043476,
  "step_limit": 500,
  "meta": {
    "gedig_version": "R2_frontier",
    "frontier_weight": 0.35,
    "gedig_assumed_max": 7.8,
    "n1_hist": [
      5,
      25,
      15,
      1,
      0
    ],
    "n2_hist": [
      6,
      18,
      10,
      9,
      3,
      0,
      0,
      0,
      0
    ],
    "n2_longest_zero_streak": 4,
    "n2_mean_zero_streak": 3.0,
    "n2_zero_fraction": 0.13043478260869565
  }
}