{
  "seed": 8,
  "maze_size": [
    8,
    8
  ],
  "policy": "gedig_r2",
  "success": true,
  "steps": 30,
  "unique_cells": 31,
  "path_efficiency": 0.4666666666666667,
  "exploration_ratio": 1.0333333333333334,
  "gedig_series": [
    2.35,
    2.35,
    2.35,
    2.35,
    2.35,
    2.35,
    3.05,
    5.4,
    4.4,
    4.05,
    4.05,
    3.7,
    2.7,
    2.35,
    2.35,
    2.35,
    2.7,
    3.7,
    3.05,
    3.7,
    4.05,
    4.05,
    4.05,
    4.05,
    4.05,
    4.05,
    3.7,
    4.05,
    3.35,
    2.35
  ],
  "gedig_auc": 0.42478632478632483,
  "step_limit": 500,
  "meta": {
    "gedig_version": "R2_frontier",
    "frontier_weight": 0.35,
    "gedig_assumed_max": 7.8,
    "n1_hist": [
      0,
      14,
      15,
      1,
      0
    ],
    "n2_hist": [
      0,
      11,
      6,
      11,
      2,
      0,
      0,
      0,
      0
    ],
    "n2_longest_zero_streak": 0,
    "n2_mean_zero_streak": 0.0,
    "n2_zero_fraction": 0.0
  }
}