{
  "seed": 3,
  "maze_size": [
    8,
    8
  ],
  "policy": "gedig_r2",
  "success": true,
  "steps": 48,
  "unique_cells": 35,
  "path_efficiency": 0.2916666666666667,
  "exploration_ratio": 0.7291666666666666,
  "gedig_series": [
    2.35,
    2.35,
    2.35,
    2.35,
    2.35,
    2.35,
    2.35,
    2.35,
    3.05,
    5.4,
    4.75,
    5.4,
    4.4,
    4.05,
    4.05,
    4.05,
    4.05,
    3.7,
    2.7,
    3.35,
    2.7,
    2.35,
    2.35,
    2.35,
    2.35,
    2.35,
    2.0,
    1.0,
    0.0,
    0.0,
    0.0,
    0.0,
    0.0,
    0.0,
    0.0,
    0.0,
    0.0,
    0.0,
    0.35,
    1.0,
    1.0,
    0.35,
    1.35,
    2.35,
    2.35,
    2.35,
    2.35,
    2.35
  ],
  "gedig_auc": 0.2697649572649573,
  "step_limit": 500,
  "meta": {
    "gedig_version": "R2_frontier",
    "frontier_weight": 0.35,
    "gedig_assumed_max": 7.8,
    "n1_hist": [
      14,
      24,
      8,
      2,
      0
    ],
    "n2_hist": [
      14,
      22,
      3,
      5,
      3,
      1,
      0,
      0,
      0
    ],
    "n2_longest_zero_streak": 12,
    "n2_mean_zero_streak": 7.0,
    "n2_zero_fraction": 0.2916666666666667
  }
}