{
  "seed": 1,
  "maze_size": [
    8,
    8
  ],
  "policy": "gedig_r2",
  "success": true,
  "steps": 96,
  "unique_cells": 45,
  "path_efficiency": 0.14583333333333334,
  "exploration_ratio": 0.46875,
  "gedig_series": [
    2.35,
    2.35,
    2.35,
    2.35,
    2.35,
    2.35,
    2.35,
    2.35,
    2.35,
    2.35,
    2.35,
    2.35,
    3.05,
    5.4,
    4.75,
    5.4,
    4.4,
    4.05,
    4.05,
    4.05,
    4.05,
    4.05,
    3.7,
    2.35,
    2.0,
    1.0,
    0.35,
    1.35,
    2.0,
    1.0,
    0.7,
    2.7,
    3.7,
    2.7,
    2.7,
    3.7,
    4.05,
    3.7,
    4.05,
    3.7,
    2.7,
    2.35,
    2.0,
    1.0,
    0.0,
    0.0,
    0.0,
    0.0,
    0.35,
    1.35,
    1.7,
    2.0,
    1.0,
    0.0,
    0.35,
    1.0,
    1.0,
    0.0,
    0.0,
    0.0,
    0.0,
    0.0,
    0.0,
    0.0,
    0.0,
    0.0,
    0.0,
    0.0,
    0.0,
    0.0,
    0.0,
    0.0,
    0.0,
    0.0,
    0.0,
    0.0,
    0.0,
    0.0,
    0.0,
    0.0,
    0.0,
    0.0,
    0.0,
    0.0,
    0.0,
    0.0,
    0.0,
    0.0,
    0.0,
    0.0,
    0.0,
    0.0,
    0.0,
    0.35,
    1.35,
    2.0
  ],
  "gedig_auc": 0.18349358974358976,
  "step_limit": 500,
  "meta": {
    "gedig_version": "R2_frontier",
    "frontier_weight": 0.35,
    "gedig_assumed_max": 7.8,
    "n1_hist": [
      51,
      28,
      15,
      2,
      0
    ],
    "n2_hist": [
      52,
      21,
      11,
      8,
      3,
      1,
      0,
      0,
      0
    ],
    "n2_longest_zero_streak": 38,
    "n2_mean_zero_streak": 8.666666666666666,
    "n2_zero_fraction": 0.5416666666666666
  }
}