{
  "seed": 9,
  "maze_size": [
    8,
    8
  ],
  "policy": "gedig_r2",
  "success": true,
  "steps": 38,
  "unique_cells": 34,
  "path_efficiency": 0.3684210526315789,
  "exploration_ratio": 0.8947368421052632,
  "gedig_series": [
    2.35,
    2.35,
    2.35,
    2.35,
    2.7,
    3.7,
    4.05,
    4.05,
    4.05,
    4.05,
    4.05,
    4.05,
    4.05,
    5.4,
    4.4,
    4.05,
    4.05,
    4.05,
    4.05,
    4.05,
    2.7,
    2.35,
    2.7,
    3.7,
    2.7,
    2.35,
    2.0,
    1.0,
    0.35,
    1.35,
    2.0,
    1.0,
    0.7,
    2.7,
    2.35,
    1.7,
    2.0,
    1.0
  ],
  "gedig_auc": 0.36724021592442646,
  "step_limit": 500,
  "meta": {
    "gedig_version": "R2_frontier",
    "frontier_weight": 0.35,
    "gedig_assumed_max": 7.8,
    "n1_hist": [
      5,
      16,
      16,
      1,
      0
    ],
    "n2_hist": [
      6,
      9,
      9,
      12,
      2,
      0,
      0,
      0,
      0
    ],
    "n2_longest_zero_streak": 2,
    "n2_mean_zero_streak": 2.0,
    "n2_zero_fraction": 0.15789473684210525
  }
}