{
  "runs": 40,
  "success_rate": 0.55,
  "mean_steps_success": 124.54545454545455,
  "path_efficiency_mean": 0.2263460867142686,
  "exploration_ratio_mean": 0.3795239413458418,
  "gedig_auc_mean": 0.25595273499066795,
  "gedig_auc_stdev": 0.10682042004732091,
  "note": "Overall aggregate of all episodes."
}