{
  "gedig_simple": {
    "runs": 20,
    "success_rate": 0.9,
    "mean_steps_success": 128.55555555555554,
    "path_efficiency_mean": 0.22029913406106455,
    "exploration_ratio_mean": 0.5464595300266739,
    "gedig_auc_mean": 0.2602527852454698,
    "gedig_auc_stdev": 0.13590552163242847
  },
  "gedig_r2": {
    "runs": 20,
    "success_rate": 0.2,
    "mean_steps_success": 106.5,
    "path_efficiency_mean": 0.2535573736536868,
    "exploration_ratio_mean": 0.21258835266500967,
    "gedig_auc_mean": 0.25165268473586616,
    "gedig_auc_stdev": 0.06568038218221661
  }
}