{
  "8x8": {
    "gedig_simple": {
      "runs": 10,
      "success_rate": 1,
      "mean_steps_success": 79.8,
      "path_efficiency_mean": 0.22479325304325304,
      "exploration_ratio_mean": 0.61788129000629,
      "gedig_auc_mean": 0.2981866392866393,
      "gedig_auc_stdev": 0.11016206348621527
    },
    "gedig_r2": {
      "runs": 10,
      "success_rate": 0.3,
      "mean_steps_success": 47.333333333333336,
      "path_efficiency_mean": 0.3122549019607843,
      "exploration_ratio_mean": 0.28055980392156865,
      "gedig_auc_mean": 0.2805295718287315,
      "gedig_auc_stdev": 0.05975496623904681
    }
  },
  "12x12": {
    "gedig_simple": {
      "runs": 10,
      "success_rate": 0.8,
      "mean_steps_success": 189.5,
      "path_efficiency_mean": 0.21468148533332893,
      "exploration_ratio_mean": 0.4750377700470578,
      "gedig_auc_mean": 0.22231893120430027,
      "gedig_auc_stdev": 0.14807763782553574
    },
    "gedig_r2": {
      "runs": 10,
      "success_rate": 0.1,
      "mean_steps_success": 284,
      "path_efficiency_mean": 0.07746478873239436,
      "exploration_ratio_mean": 0.1446169014084507,
      "gedig_auc_mean": 0.22277579764300087,
      "gedig_auc_stdev": 0.058218725515303646
    }
  }
}