{
  "seed": 5,
  "maze_size": [
    12,
    12
  ],
  "policy": "gedig_r2",
  "success": true,
  "steps": 54,
  "unique_cells": 55,
  "path_efficiency": 0.4074074074074074,
  "exploration_ratio": 1.0185185185185186,
  "gedig_series": [
    2.15,
    2.15,
    2.15,
    2.15,
    2.15,
    2.15,
    2.15,
    2.15,
    2.15,
    2.15,
    2.15,
    2.15,
    2.15,
    2.15,
    2.15,
    2.15,
    2.45,
    4.6,
    3.6,
    3.45,
    3.45,
    3.45,
    3.45,
    3.45,
    2.3,
    2.15,
    2.15,
    2.15,
    2.15,
    2.15,
    2.15,
    2.15,
    2.15,
    2.15,
    2.15,
    2.15,
    2.15,
    2.15,
    2.3,
    3.3,
    3.45,
    3.45,
    3.45,
    2.45,
    3.3,
    3.45,
    3.6,
    4.6,
    3.6,
    3.45,
    3.45,
    3.45,
    3.3,
    2.3
  ],
  "gedig_auc": 0.43443847072879327,
  "step_limit": 500,
  "meta": {
    "gedig_version": "R2_frontier",
    "frontier_weight": 0.15,
    "gedig_assumed_max": 6.2,
    "n1_hist": [
      0,
      34,
      18,
      2,
      0
    ],
    "n2_hist": [
      0,
      29,
      6,
      14,
      5,
      0,
      0,
      0,
      0
    ],
    "n2_longest_zero_streak": 0,
    "n2_mean_zero_streak": 0.0,
    "n2_zero_fraction": 0.0
  }
}