{
  "metrics": [
    "loop_redundancy",
    "clipped_redundancy",
    "unique_coverage",
    "backtrack_rate",
    "mean_geDIG",
    "geDIG_low_frac"
  ],
  "algo_means": {
    "loop_redundancy": {
      "simple": {
        "mean": 2.6098765432098765,
        "ci_low": 1.8641975308641976,
        "ci_high": 3.3555555555555556
      },
      "dfs": {
        "mean": 1.0,
        "ci_low": 1.0,
        "ci_high": 1.0
      },
      "random": {
        "mean": 1.9152542372881354,
        "ci_low": 1.271186440677966,
        "ci_high": 2.559322033898305
      }
    },
    "clipped_redundancy": {
      "simple": {
        "mean": 2.6098765432098765,
        "ci_low": 1.8641975308641976,
        "ci_high": 3.3555555555555556
      },
      "dfs": {
        "mean": 1.0,
        "ci_low": 1.0,
        "ci_high": 1.0
      },
      "random": {
        "mean": 1.9152542372881354,
        "ci_low": 1.271186440677966,
        "ci_high": 2.559322033898305
      }
    },
    "unique_coverage": {
      "simple": {
        "mean": 0.7615894039735099,
        "ci_low": 0.6291390728476821,
        "ci_high": 0.8940397350993378
      },
      "dfs": {
        "mean": 1.0,
        "ci_low": 1.0,
        "ci_high": 1.0
      },
      "random": {
        "mean": 0.8075496688741721,
        "ci_low": 0.7350993377483444,
        "ci_high": 0.88
      }
    },
    "backtrack_rate": {
      "simple": {
        "mean": 0.10333333333333333,
        "ci_low": 0.04,
        "ci_high": 0.16666666666666666
      },
      "dfs": {
        "mean": 0.0,
        "ci_low": 0.0,
        "ci_high": 0.0
      },
      "random": {
        "mean": 0.1172972972972973,
        "ci_low": 0.0945945945945946,
        "ci_high": 0.14
      }
    },
    "mean_geDIG": {
      "simple": {
        "mean": 0.18532262446884723,
        "ci_low": 0.1785456405379848,
        "ci_high": 0.1920996083997097
      }
    },
    "geDIG_low_frac": {
      "simple": {
        "mean": 0.8657718120805369,
        "ci_low": 0.8657718120805369,
        "ci_high": 0.8657718120805369
      }
    }
  },
  "diffs_simple_minus": {
    "loop_redundancy": {
      "dfs": {
        "mean_diff": 1.6098765432098765,
        "ci_low": 0.8641975308641976,
        "ci_high": 2.3555555555555556
      },
      "random": {
        "mean_diff": 0.6946223059217411,
        "ci_low": -0.6951245030341073,
        "ci_high": 2.08436911487759
      }
    },
    "clipped_redundancy": {
      "dfs": {
        "mean_diff": 1.6098765432098765,
        "ci_low": 0.8641975308641976,
        "ci_high": 2.3555555555555556
      },
      "random": {
        "mean_diff": 0.6946223059217411,
        "ci_low": -0.6951245030341073,
        "ci_high": 2.08436911487759
      }
    },
    "unique_coverage": {
      "dfs": {
        "mean_diff": -0.23841059602649006,
        "ci_low": -0.3708609271523179,
        "ci_high": -0.10596026490066224
      },
      "random": {
        "mean_diff": -0.045960264900662184,
        "ci_low": -0.2508609271523179,
        "ci_high": 0.1589403973509934
      }
    },
    "backtrack_rate": {
      "dfs": {
        "mean_diff": 0.10333333333333333,
        "ci_low": 0.04,
        "ci_high": 0.16666666666666666
      },
      "random": {
        "mean_diff": -0.013963963963963974,
        "ci_low": -0.1,
        "ci_high": 0.07207207207207206
      }
    },
    "mean_geDIG": {},
    "geDIG_low_frac": {}
  }
}