{
  "metrics": [
    "loop_redundancy",
    "clipped_redundancy",
    "unique_coverage",
    "backtrack_rate",
    "mean_geDIG",
    "geDIG_low_frac"
  ],
  "kind_means": {
    "loop_redundancy": {
      "normal": {
        "mean": 1.3783783783783783,
        "ci_low": 1.3783783783783783,
        "ci_high": 1.3783783783783783
      },
      "random": {
        "mean": 6.428571428571429,
        "ci_low": 6.428571428571429,
        "ci_high": 6.428571428571429
      },
      "zero": {
        "mean": 2.75,
        "ci_low": 2.75,
        "ci_high": 2.75
      }
    },
    "clipped_redundancy": {
      "normal": {
        "mean": 1.3783783783783783,
        "ci_low": 1.3783783783783783,
        "ci_high": 1.3783783783783783
      },
      "random": {
        "mean": 6.428571428571429,
        "ci_low": 6.428571428571429,
        "ci_high": 6.428571428571429
      },
      "zero": {
        "mean": 2.75,
        "ci_low": 2.75,
        "ci_high": 2.75
      }
    },
    "unique_coverage": {
      "normal": {
        "mean": 0.9019607843137255,
        "ci_low": 0.9019607843137255,
        "ci_high": 0.9019607843137255
      },
      "random": {
        "mean": 0.3333333333333333,
        "ci_low": 0.3333333333333333,
        "ci_high": 0.3333333333333333
      },
      "zero": {
        "mean": 0.5681818181818182,
        "ci_low": 0.5681818181818182,
        "ci_high": 0.5681818181818182
      }
    },
    "backtrack_rate": {
      "normal": {
        "mean": 0.04,
        "ci_low": 0.04,
        "ci_high": 0.04
      },
      "random": {
        "mean": 0.36363636363636365,
        "ci_low": 0.36363636363636365,
        "ci_high": 0.36363636363636365
      },
      "zero": {
        "mean": 0.2558139534883721,
        "ci_low": 0.2558139534883721,
        "ci_high": 0.2558139534883721
      }
    },
    "mean_geDIG": {
      "normal": {
        "mean": 0.4501536353744605,
        "ci_low": 0.4501536353744605,
        "ci_high": 0.4501536353744605
      },
      "random": {
        "mean": 0.3070863524176656,
        "ci_low": 0.3070863524176656,
        "ci_high": 0.3070863524176656
      },
      "zero": {
        "mean": 0.3754770397936102,
        "ci_low": 0.3754770397936102,
        "ci_high": 0.3754770397936102
      }
    },
    "geDIG_low_frac": {
      "normal": {
        "mean": 0.5918367346938775,
        "ci_low": 0.5918367346938775,
        "ci_high": 0.5918367346938775
      },
      "random": {
        "mean": 0.7142857142857143,
        "ci_low": 0.7142857142857143,
        "ci_high": 0.7142857142857143
      },
      "zero": {
        "mean": 0.5918367346938775,
        "ci_low": 0.5918367346938775,
        "ci_high": 0.5918367346938775
      }
    }
  },
  "diffs_normal_minus": {
    "loop_redundancy": {
      "random": {
        "mean_diff": -5.050193050193051,
        "ci_low": -5.050193050193051,
        "ci_high": -5.050193050193051
      },
      "zero": {
        "mean_diff": -1.3716216216216217,
        "ci_low": -1.3716216216216217,
        "ci_high": -1.3716216216216217
      }
    },
    "clipped_redundancy": {
      "random": {
        "mean_diff": -5.050193050193051,
        "ci_low": -5.050193050193051,
        "ci_high": -5.050193050193051
      },
      "zero": {
        "mean_diff": -1.3716216216216217,
        "ci_low": -1.3716216216216217,
        "ci_high": -1.3716216216216217
      }
    },
    "unique_coverage": {
      "random": {
        "mean_diff": 0.5686274509803921,
        "ci_low": 0.5686274509803921,
        "ci_high": 0.5686274509803921
      },
      "zero": {
        "mean_diff": 0.3337789661319073,
        "ci_low": 0.3337789661319073,
        "ci_high": 0.3337789661319073
      }
    },
    "backtrack_rate": {
      "random": {
        "mean_diff": -0.32363636363636367,
        "ci_low": -0.32363636363636367,
        "ci_high": -0.32363636363636367
      },
      "zero": {
        "mean_diff": -0.2158139534883721,
        "ci_low": -0.2158139534883721,
        "ci_high": -0.2158139534883721
      }
    },
    "mean_geDIG": {
      "random": {
        "mean_diff": 0.14306728295679494,
        "ci_low": 0.14306728295679494,
        "ci_high": 0.14306728295679494
      },
      "zero": {
        "mean_diff": 0.07467659558085032,
        "ci_low": 0.07467659558085032,
        "ci_high": 0.07467659558085032
      }
    },
    "geDIG_low_frac": {
      "random": {
        "mean_diff": -0.12244897959183676,
        "ci_low": -0.12244897959183676,
        "ci_high": -0.12244897959183676
      },
      "zero": {
        "mean_diff": 0.0,
        "ci_low": 0.0,
        "ci_high": 0.0
      }
    }
  }
}